Customer ID,Age,Gender,Item Purchased,Category,Purchase Amount (USD),Location,Size,Color,Season,Review Rating,Subscription Status,Shipping Type,Discount Applied,Promo Code Used,Previous Purchases,Payment Method,Frequency of Purchases
1,22,Female,Bag,Footwear,484,Delhi,XL,Red,Summer,2.6,No,Express,No,Yes,5,Net Banking,Weekly
2,58,Female,Shirt,Footwear,105,Lucknow,M,White,Summer,1.5,Yes,Express,Yes,Yes,17,Net Banking,Monthly
3,52,Female,Watch,Footwear,324,Lucknow,L,Blue,Autumn,2.5,Yes,Next Day,No,No,13,Net Banking,Weekly
4,40,Male,Jeans,Footwear,404,Lucknow,XL,Blue,Spring,2.6,Yes,Next Day,Yes,No,24,Card,Quarterly
5,40,Female,Watch,Clothing,441,Mumbai,XL,Black,Winter,1.4,No,Express,No,No,15,Card,Quarterly
6,62,Female,Watch,Clothing,183,Mumbai,S,Black,Autumn,1.2,No,Standard,No,No,31,Net Banking,Weekly
7,22,Female,Shoes,Footwear,351,Lucknow,XL,Black,Winter,4.5,No,Next Day,No,Yes,16,Card,Quarterly
8,54,Female,Bag,Clothing,246,Delhi,L,Blue,Spring,4.6,Yes,Next Day,Yes,Yes,41,Net Banking,Quarterly
9,28,Male,Shirt,Accessories,62,Lucknow,S,White,Autumn,1,No,Next Day,Yes,No,15,Cash,Quarterly
10,22,Female,Shoes,Clothing,119,Bangalore,S,Blue,Autumn,3.6,No,Express,Yes,Yes,12,UPI,Weekly
11,45,Male,Bag,Accessories,376,Bangalore,L,Red,Winter,1.4,No,Express,No,No,43,Card,Weekly
12,68,Female,Watch,Footwear,346,Mumbai,M,Black,Summer,4.2,No,Express,No,No,32,Card,Weekly
13,56,Male,Shirt,Footwear,265,Lucknow,S,Red,Winter,4.5,No,Next Day,No,No,2,Net Banking,Quarterly
14,57,Female,Jeans,Accessories,392,Bangalore,L,White,Spring,3.5,No,Next Day,Yes,No,7,Card,Weekly
15,55,Female,Bag,Accessories,348,Delhi,L,Blue,Winter,3.5,Yes,Express,Yes,No,2,Cash,Monthly
16,58,Male,Jeans,Accessories,176,Bangalore,S,Blue,Autumn,2.5,No,Express,Yes,Yes,39,Card,Monthly
17,44,Male,Bag,Accessories,154,Lucknow,M,White,Winter,2,Yes,Standard,No,No,31,UPI,Quarterly
18,24,Female,Bag,Accessories,473,Delhi,M,Red,Spring,3,No,Express,No,Yes,46,Card,Weekly
19,61,Male,Watch,Footwear,486,Bangalore,XL,Blue,Summer,1.5,No,Express,Yes,No,16,Cash,Quarterly
20,41,Female,Jeans,Clothing,24,Delhi,L,Black,Autumn,3.7,Yes,Next Day,Yes,Yes,2,Card,Weekly
21,44,Female,Shirt,Accessories,397,Bangalore,S,White,Autumn,2.9,No,Standard,Yes,Yes,22,Cash,Quarterly
22,37,Female,Bag,Accessories,75,Lucknow,L,Red,Spring,1.7,Yes,Next Day,No,No,3,Net Banking,Monthly
23,27,Male,Shirt,Accessories,432,Mumbai,XL,Black,Autumn,3.4,No,Next Day,No,No,7,Cash,Weekly
24,66,Male,Bag,Clothing,298,Delhi,S,Red,Summer,4.2,No,Express,Yes,Yes,39,Cash,Monthly
25,58,Female,Jeans,Clothing,347,Delhi,XL,White,Spring,3.4,Yes,Next Day,Yes,Yes,18,Net Banking,Quarterly
26,51,Female,Jeans,Accessories,353,Bangalore,S,White,Autumn,3.1,Yes,Next Day,Yes,No,44,Net Banking,Monthly
27,38,Female,Shoes,Footwear,306,Lucknow,L,Black,Autumn,4.4,No,Standard,No,Yes,25,Cash,Weekly
28,60,Male,Shoes,Footwear,132,Mumbai,M,Blue,Spring,1,No,Express,Yes,No,32,Cash,Weekly
29,46,Female,Bag,Footwear,405,Lucknow,L,White,Winter,3.5,Yes,Next Day,No,No,41,UPI,Quarterly
30,41,Female,Shoes,Footwear,281,Mumbai,XL,White,Autumn,2.6,Yes,Next Day,Yes,No,23,Cash,Monthly
31,41,Female,Shirt,Accessories,277,Delhi,XL,Red,Summer,1.8,Yes,Standard,No,No,15,Card,Monthly
32,29,Male,Shoes,Clothing,166,Bangalore,XL,Blue,Winter,4.9,Yes,Standard,No,Yes,38,Net Banking,Weekly
33,22,Female,Bag,Accessories,14,Lucknow,XL,White,Winter,2.6,No,Next Day,Yes,No,41,Net Banking,Weekly
34,46,Female,Bag,Footwear,281,Mumbai,M,Red,Winter,2.3,No,Standard,No,Yes,14,UPI,Weekly
35,64,Male,Jeans,Accessories,179,Lucknow,M,Red,Winter,1.7,Yes,Next Day,Yes,Yes,41,Net Banking,Quarterly
36,21,Female,Bag,Footwear,333,Bangalore,L,White,Spring,5,No,Express,No,No,49,Cash,Monthly
37,62,Female,Shoes,Clothing,188,Mumbai,S,Blue,Spring,4.4,No,Next Day,No,Yes,9,Net Banking,Monthly
38,61,Male,Watch,Clothing,486,Bangalore,L,Red,Spring,1.3,No,Standard,Yes,No,42,Net Banking,Monthly
39,32,Female,Watch,Clothing,343,Mumbai,L,Black,Winter,3.3,Yes,Express,Yes,No,4,Cash,Quarterly
40,50,Female,Bag,Clothing,233,Delhi,XL,Red,Summer,1.6,Yes,Next Day,No,Yes,44,Net Banking,Quarterly
41,26,Female,Bag,Accessories,357,Lucknow,S,Red,Summer,3.9,No,Standard,No,No,44,UPI,Weekly
42,57,Male,Shoes,Accessories,327,Mumbai,S,White,Winter,2.9,Yes,Standard,No,No,42,UPI,Quarterly
43,54,Female,Jeans,Accessories,314,Bangalore,S,Blue,Spring,1.4,Yes,Express,No,No,17,Card,Quarterly
44,36,Female,Jeans,Clothing,293,Bangalore,L,White,Summer,3.2,No,Standard,Yes,No,46,Net Banking,Weekly
45,21,Male,Shirt,Accessories,466,Delhi,L,Red,Summer,4.6,Yes,Next Day,No,Yes,27,UPI,Quarterly
46,68,Female,Shoes,Clothing,165,Bangalore,L,Black,Summer,2.4,No,Next Day,Yes,No,3,Cash,Weekly
47,41,Male,Shoes,Accessories,221,Mumbai,S,Black,Autumn,1.2,No,Next Day,Yes,No,42,Card,Quarterly
48,64,Male,Jeans,Clothing,134,Bangalore,M,Black,Autumn,4.8,Yes,Express,Yes,No,45,UPI,Quarterly
49,53,Female,Shirt,Clothing,289,Mumbai,M,Blue,Summer,1.6,No,Express,Yes,No,15,Cash,Monthly
50,58,Male,Shoes,Clothing,494,Lucknow,S,Red,Spring,2.9,No,Next Day,Yes,No,12,UPI,Weekly
51,57,Male,Shoes,Clothing,308,Delhi,XL,White,Autumn,3.2,Yes,Standard,Yes,No,28,Cash,Quarterly
52,28,Male,Bag,Accessories,111,Delhi,S,White,Autumn,1.9,Yes,Standard,Yes,No,17,UPI,Monthly
53,36,Female,Shoes,Accessories,461,Mumbai,L,Red,Autumn,1.7,No,Next Day,Yes,No,31,Cash,Quarterly
54,42,Male,Bag,Accessories,397,Delhi,M,Blue,Summer,1.5,No,Standard,Yes,Yes,18,UPI,Quarterly
55,43,Female,Watch,Accessories,225,Delhi,XL,Red,Winter,1.3,No,Standard,Yes,No,10,UPI,Weekly
56,20,Female,Jeans,Clothing,81,Bangalore,L,Blue,Autumn,3,Yes,Standard,No,No,11,Card,Monthly
57,46,Female,Shirt,Clothing,207,Lucknow,M,Black,Winter,4.4,Yes,Standard,Yes,Yes,32,Cash,Weekly
58,26,Female,Shirt,Footwear,404,Bangalore,L,Red,Autumn,1.5,No,Express,Yes,No,21,Card,Weekly
59,56,Male,Shirt,Footwear,292,Mumbai,S,White,Summer,3.8,No,Express,Yes,No,0,Cash,Quarterly
60,53,Male,Jeans,Clothing,101,Lucknow,S,Black,Summer,2.7,Yes,Standard,Yes,No,25,Net Banking,Weekly
61,65,Female,Watch,Clothing,87,Mumbai,M,Black,Autumn,1.1,No,Next Day,Yes,Yes,39,UPI,Monthly
62,56,Female,Bag,Clothing,483,Delhi,XL,Black,Autumn,3.1,No,Next Day,No,Yes,7,Net Banking,Weekly
63,37,Female,Watch,Clothing,229,Lucknow,XL,Black,Autumn,2,Yes,Express,Yes,No,12,UPI,Monthly
64,68,Male,Bag,Clothing,346,Bangalore,M,Black,Autumn,3.4,No,Standard,No,No,17,Net Banking,Weekly
65,39,Male,Shoes,Accessories,186,Mumbai,M,Black,Summer,2.4,No,Express,No,Yes,46,Cash,Weekly
66,34,Female,Bag,Footwear,54,Bangalore,XL,Black,Spring,3.7,Yes,Next Day,Yes,No,17,Cash,Weekly
67,65,Female,Watch,Footwear,211,Bangalore,L,Blue,Summer,4.7,No,Standard,Yes,Yes,41,UPI,Quarterly
68,37,Male,Shirt,Footwear,349,Delhi,S,Red,Winter,2,Yes,Express,Yes,No,33,Net Banking,Monthly
69,21,Female,Watch,Accessories,173,Delhi,S,Black,Autumn,4.8,Yes,Express,Yes,No,49,Cash,Monthly
70,42,Female,Bag,Accessories,305,Bangalore,XL,Blue,Winter,1.8,No,Next Day,No,No,29,UPI,Monthly
71,59,Male,Shirt,Accessories,224,Delhi,XL,White,Autumn,1.3,Yes,Next Day,No,Yes,15,Net Banking,Quarterly
72,27,Female,Shoes,Clothing,175,Bangalore,XL,Black,Winter,1.8,No,Standard,Yes,Yes,35,UPI,Weekly
73,42,Male,Bag,Accessories,134,Mumbai,S,White,Spring,4.3,No,Standard,Yes,Yes,4,Net Banking,Monthly
74,24,Male,Shoes,Clothing,137,Delhi,XL,Red,Autumn,3.7,No,Standard,No,No,39,UPI,Weekly
75,53,Male,Shoes,Accessories,135,Bangalore,S,Red,Spring,4.9,Yes,Standard,No,No,11,Net Banking,Quarterly
76,42,Female,Watch,Clothing,362,Mumbai,XL,Blue,Spring,3.8,No,Express,No,No,33,UPI,Quarterly
77,35,Female,Bag,Footwear,175,Mumbai,XL,Blue,Spring,2.7,Yes,Next Day,Yes,No,29,Cash,Quarterly
78,29,Female,Bag,Footwear,373,Delhi,M,Blue,Summer,4.6,Yes,Express,No,No,12,Cash,Weekly
79,47,Female,Watch,Footwear,162,Bangalore,S,Black,Spring,4.8,Yes,Next Day,Yes,No,24,Cash,Quarterly
80,52,Male,Shirt,Clothing,170,Lucknow,L,Blue,Summer,4.2,No,Express,No,Yes,25,UPI,Weekly
81,66,Male,Shoes,Clothing,462,Bangalore,S,White,Spring,3.2,No,Next Day,Yes,Yes,38,Card,Monthly
82,40,Male,Shirt,Footwear,439,Delhi,L,Black,Spring,4.3,Yes,Standard,No,No,23,Net Banking,Monthly
83,26,Female,Jeans,Footwear,206,Lucknow,M,Red,Summer,1.7,No,Next Day,No,Yes,2,Card,Monthly
84,61,Female,Shirt,Accessories,141,Delhi,M,Red,Summer,4.6,No,Standard,No,No,3,Card,Weekly
85,50,Female,Jeans,Clothing,360,Mumbai,XL,Black,Summer,5,Yes,Standard,No,No,33,Net Banking,Monthly
86,54,Male,Shirt,Accessories,44,Delhi,XL,Black,Summer,3.7,No,Next Day,Yes,Yes,44,Card,Weekly
87,23,Male,Shoes,Accessories,233,Lucknow,M,Red,Summer,1.8,No,Standard,No,No,21,Net Banking,Quarterly
88,34,Male,Watch,Footwear,303,Delhi,M,Black,Spring,1.6,No,Standard,Yes,No,4,UPI,Weekly
89,57,Male,Jeans,Accessories,341,Bangalore,XL,White,Summer,4.8,Yes,Express,Yes,No,8,Cash,Quarterly
90,61,Male,Shirt,Clothing,62,Delhi,M,Black,Winter,4.5,Yes,Standard,Yes,No,48,Card,Quarterly
91,40,Female,Shoes,Footwear,11,Delhi,S,Black,Spring,4,No,Next Day,Yes,Yes,35,Cash,Quarterly
92,59,Female,Jeans,Footwear,145,Bangalore,XL,Blue,Spring,4.8,Yes,Express,No,No,1,Net Banking,Monthly
93,61,Male,Shoes,Clothing,68,Lucknow,XL,Blue,Winter,3,No,Express,Yes,No,12,Cash,Monthly
94,38,Male,Shoes,Clothing,258,Delhi,M,Black,Autumn,4.6,No,Standard,Yes,No,36,Cash,Monthly
95,64,Female,Watch,Clothing,460,Delhi,S,Red,Summer,1.7,No,Next Day,Yes,No,31,Cash,Monthly
96,32,Male,Shirt,Footwear,150,Mumbai,S,Blue,Winter,1.7,Yes,Express,No,Yes,14,UPI,Quarterly
97,30,Male,Jeans,Accessories,232,Lucknow,L,Red,Summer,3,No,Next Day,No,No,34,Cash,Weekly
98,53,Female,Jeans,Accessories,115,Delhi,M,Black,Autumn,2.3,No,Express,Yes,No,45,Cash,Monthly
99,51,Female,Jeans,Footwear,31,Delhi,L,Black,Autumn,2.7,No,Next Day,Yes,No,45,Card,Monthly
100,25,Female,Shoes,Clothing,354,Mumbai,XL,Black,Spring,4.2,No,Express,No,No,41,UPI,Weekly
101,61,Male,Shirt,Clothing,135,Mumbai,S,Black,Winter,1.2,Yes,Next Day,No,No,17,Cash,Monthly
102,28,Female,Bag,Footwear,278,Delhi,XL,White,Autumn,3.9,Yes,Next Day,Yes,No,1,Card,Monthly
103,59,Male,Shoes,Accessories,344,Bangalore,S,Blue,Spring,1.4,No,Standard,Yes,Yes,19,UPI,Weekly
104,18,Male,Jeans,Clothing,421,Bangalore,S,Blue,Winter,4.4,Yes,Standard,No,Yes,1,UPI,Monthly
105,59,Female,Watch,Footwear,100,Delhi,L,Red,Autumn,1.8,Yes,Next Day,Yes,No,28,Cash,Weekly
106,58,Female,Jeans,Clothing,294,Bangalore,L,Black,Winter,3.9,No,Standard,Yes,Yes,30,UPI,Monthly
107,58,Male,Watch,Footwear,456,Delhi,XL,Red,Winter,3.4,Yes,Standard,Yes,Yes,17,Net Banking,Weekly
108,52,Female,Watch,Footwear,246,Bangalore,L,Red,Summer,2.5,No,Next Day,No,Yes,7,Cash,Quarterly
109,42,Male,Shirt,Footwear,29,Mumbai,M,White,Winter,2.1,No,Express,Yes,No,26,Cash,Quarterly
110,54,Male,Shirt,Accessories,138,Delhi,L,Black,Spring,1.2,Yes,Standard,No,No,0,Net Banking,Weekly
111,32,Male,Shirt,Clothing,399,Delhi,XL,Black,Summer,2.4,Yes,Standard,Yes,Yes,13,Card,Weekly
112,58,Female,Bag,Footwear,398,Lucknow,L,White,Autumn,1.8,Yes,Standard,Yes,No,48,UPI,Weekly
113,46,Female,Shoes,Accessories,164,Bangalore,M,Blue,Autumn,1.5,No,Next Day,Yes,No,45,Card,Monthly
114,41,Male,Jeans,Accessories,106,Bangalore,XL,Black,Spring,4,Yes,Express,No,No,31,Cash,Monthly
115,44,Male,Shirt,Clothing,152,Delhi,M,Red,Spring,1.9,No,Next Day,Yes,No,18,UPI,Monthly
116,47,Male,Jeans,Accessories,128,Delhi,M,Blue,Winter,1.9,No,Next Day,No,No,0,Cash,Weekly
117,19,Male,Watch,Accessories,373,Delhi,M,White,Winter,2.4,Yes,Standard,No,Yes,32,Net Banking,Quarterly
118,25,Male,Shirt,Clothing,422,Mumbai,M,White,Autumn,2.9,No,Standard,No,Yes,24,UPI,Quarterly
119,30,Male,Shirt,Footwear,32,Mumbai,S,Red,Autumn,3.1,No,Next Day,Yes,Yes,35,UPI,Quarterly
120,23,Female,Shoes,Clothing,373,Lucknow,L,Black,Winter,3.7,No,Next Day,No,Yes,7,UPI,Monthly
121,40,Male,Shoes,Footwear,378,Lucknow,L,Red,Spring,3.4,No,Standard,No,No,41,UPI,Quarterly
122,52,Male,Shoes,Footwear,310,Mumbai,M,Black,Winter,2.9,No,Standard,Yes,No,40,UPI,Weekly
123,52,Female,Bag,Accessories,436,Mumbai,XL,White,Spring,2.6,Yes,Next Day,Yes,No,21,UPI,Monthly
124,42,Male,Shirt,Clothing,29,Mumbai,M,Red,Autumn,2.1,No,Next Day,No,Yes,1,UPI,Monthly
125,62,Male,Shirt,Accessories,352,Bangalore,M,Blue,Summer,3.8,Yes,Next Day,Yes,No,23,UPI,Quarterly
126,47,Male,Watch,Accessories,72,Bangalore,S,White,Winter,2.3,No,Standard,No,No,18,UPI,Quarterly
127,22,Male,Jeans,Accessories,449,Bangalore,XL,Red,Spring,4.4,No,Next Day,Yes,Yes,38,UPI,Weekly
128,57,Male,Shoes,Clothing,254,Delhi,S,Blue,Autumn,3.3,Yes,Next Day,No,No,11,UPI,Monthly
129,47,Female,Jeans,Accessories,54,Mumbai,S,Black,Spring,3.5,No,Express,Yes,Yes,0,Cash,Monthly
130,51,Male,Shoes,Clothing,375,Lucknow,XL,Red,Spring,3,No,Express,No,Yes,49,UPI,Monthly
131,47,Female,Shoes,Accessories,377,Mumbai,L,Blue,Summer,4.7,No,Next Day,No,Yes,12,Card,Monthly
132,46,Female,Shirt,Accessories,237,Delhi,S,Black,Winter,2.7,No,Next Day,No,No,3,Net Banking,Quarterly
133,22,Male,Bag,Accessories,162,Delhi,M,Black,Summer,2.7,No,Next Day,No,Yes,42,Net Banking,Monthly
134,47,Male,Bag,Footwear,18,Delhi,L,Red,Autumn,4.6,No,Express,No,No,35,UPI,Weekly
135,59,Male,Watch,Footwear,454,Lucknow,S,White,Autumn,3.4,Yes,Standard,No,Yes,13,Cash,Monthly
136,33,Male,Shirt,Footwear,100,Delhi,XL,Blue,Winter,2.8,No,Next Day,No,No,23,Net Banking,Monthly
137,49,Female,Shirt,Footwear,422,Bangalore,L,Black,Summer,2,Yes,Standard,Yes,Yes,34,UPI,Weekly
138,19,Female,Bag,Footwear,298,Mumbai,S,Red,Spring,2,Yes,Next Day,Yes,No,40,Card,Monthly
139,36,Male,Shirt,Clothing,345,Delhi,L,Black,Winter,4.2,Yes,Express,Yes,No,18,UPI,Monthly
140,40,Male,Shirt,Clothing,350,Lucknow,S,Black,Summer,2.1,No,Express,No,No,10,UPI,Quarterly
141,69,Male,Watch,Accessories,430,Bangalore,L,Red,Spring,1,Yes,Standard,Yes,Yes,0,UPI,Monthly
142,29,Female,Jeans,Accessories,26,Lucknow,M,Red,Winter,1.1,No,Standard,Yes,No,42,Cash,Quarterly
143,32,Female,Bag,Footwear,495,Lucknow,S,Black,Winter,4.9,No,Express,No,Yes,40,UPI,Monthly
144,39,Male,Shirt,Clothing,31,Lucknow,L,Black,Spring,3.2,No,Standard,No,Yes,47,Cash,Quarterly
145,69,Male,Jeans,Clothing,499,Bangalore,M,Black,Winter,3,No,Next Day,Yes,No,37,Card,Weekly
146,62,Male,Bag,Footwear,138,Bangalore,M,Red,Autumn,4.7,Yes,Next Day,No,No,10,Net Banking,Weekly
147,19,Male,Watch,Footwear,424,Bangalore,XL,Red,Summer,2.4,No,Standard,No,Yes,12,UPI,Weekly
148,30,Male,Shirt,Clothing,50,Mumbai,L,Red,Autumn,4.2,No,Next Day,Yes,No,12,UPI,Quarterly
149,60,Male,Bag,Clothing,235,Delhi,M,Black,Spring,3.9,No,Standard,No,No,22,Card,Monthly
150,21,Male,Shirt,Accessories,275,Mumbai,S,White,Spring,2.9,No,Standard,Yes,No,48,UPI,Quarterly
151,62,Male,Watch,Accessories,477,Mumbai,L,Black,Spring,4.1,No,Next Day,Yes,Yes,34,Net Banking,Weekly
152,32,Male,Shoes,Clothing,70,Delhi,S,White,Spring,4.9,No,Standard,Yes,Yes,21,Cash,Monthly
153,65,Female,Jeans,Accessories,27,Lucknow,XL,White,Autumn,1.8,No,Express,No,Yes,36,Cash,Monthly
154,33,Female,Shirt,Footwear,327,Lucknow,S,Blue,Winter,1.1,Yes,Standard,No,Yes,41,Cash,Quarterly
155,40,Male,Watch,Footwear,34,Mumbai,L,White,Summer,4.3,No,Standard,No,Yes,20,UPI,Weekly
156,52,Male,Shirt,Footwear,390,Mumbai,M,Red,Spring,2.6,No,Standard,Yes,No,42,Net Banking,Quarterly
157,24,Female,Watch,Accessories,28,Lucknow,L,White,Summer,3.2,Yes,Express,Yes,Yes,0,UPI,Monthly
158,46,Female,Bag,Footwear,485,Mumbai,M,Black,Autumn,1.9,No,Standard,Yes,No,15,Net Banking,Quarterly
159,44,Male,Jeans,Clothing,271,Bangalore,S,Black,Winter,4.4,Yes,Standard,No,Yes,8,Net Banking,Weekly
160,58,Female,Watch,Clothing,474,Bangalore,XL,White,Autumn,3.9,No,Next Day,Yes,No,8,Card,Weekly
161,69,Male,Shoes,Clothing,72,Mumbai,XL,White,Summer,4.8,Yes,Standard,No,No,10,Card,Quarterly
162,52,Male,Shirt,Footwear,143,Lucknow,S,Red,Autumn,2.9,No,Standard,Yes,Yes,18,Net Banking,Weekly
163,39,Female,Bag,Accessories,232,Delhi,S,Blue,Spring,4.9,No,Standard,Yes,Yes,36,Card,Weekly
164,39,Female,Bag,Clothing,24,Delhi,L,Blue,Summer,3,Yes,Next Day,Yes,No,29,Cash,Quarterly
165,39,Female,Shirt,Footwear,60,Bangalore,XL,Blue,Autumn,3.5,Yes,Express,No,Yes,22,Card,Weekly
166,60,Male,Bag,Clothing,171,Bangalore,L,Blue,Spring,3.7,No,Next Day,Yes,No,24,Cash,Quarterly
167,34,Female,Shoes,Accessories,371,Lucknow,S,Red,Spring,3,No,Next Day,Yes,No,9,Cash,Monthly
168,26,Male,Shoes,Clothing,357,Bangalore,L,White,Winter,3.3,Yes,Standard,No,No,36,UPI,Weekly
169,35,Female,Shirt,Clothing,52,Delhi,M,Blue,Spring,1.9,No,Next Day,No,No,37,Net Banking,Monthly
170,19,Male,Shoes,Clothing,39,Lucknow,L,White,Spring,2.4,Yes,Express,No,No,27,Net Banking,Weekly
171,23,Male,Shoes,Clothing,331,Mumbai,M,Black,Autumn,3.8,Yes,Express,Yes,No,40,Card,Quarterly
172,22,Female,Shirt,Accessories,186,Delhi,S,White,Summer,1.2,Yes,Express,No,Yes,40,Cash,Monthly
173,58,Female,Bag,Clothing,398,Bangalore,S,Red,Winter,3.8,Yes,Next Day,Yes,No,40,Cash,Quarterly
174,55,Female,Shoes,Clothing,156,Delhi,L,Red,Winter,2.2,Yes,Standard,Yes,No,5,UPI,Weekly
175,54,Male,Shirt,Accessories,187,Mumbai,L,Blue,Winter,2.1,Yes,Standard,Yes,Yes,4,Net Banking,Weekly
176,42,Male,Bag,Accessories,117,Mumbai,M,Blue,Summer,3.8,Yes,Next Day,Yes,Yes,21,UPI,Monthly
177,55,Female,Shirt,Accessories,140,Delhi,S,Blue,Winter,1.9,Yes,Next Day,Yes,Yes,2,UPI,Monthly
178,26,Female,Jeans,Accessories,356,Lucknow,XL,White,Summer,4.8,Yes,Express,Yes,No,0,Cash,Quarterly
179,64,Male,Bag,Footwear,240,Bangalore,S,Black,Spring,5,Yes,Standard,No,Yes,6,Card,Quarterly
180,44,Female,Jeans,Footwear,332,Lucknow,S,Red,Winter,2.8,Yes,Standard,No,Yes,6,Net Banking,Weekly
181,66,Female,Jeans,Clothing,48,Mumbai,M,White,Autumn,2.6,Yes,Express,No,Yes,16,UPI,Monthly
182,25,Male,Jeans,Footwear,272,Bangalore,L,Red,Spring,1.3,No,Next Day,Yes,No,16,UPI,Quarterly
183,43,Female,Bag,Accessories,234,Lucknow,XL,Red,Winter,4.1,Yes,Express,Yes,Yes,40,Cash,Monthly
184,54,Female,Bag,Accessories,456,Delhi,L,Red,Spring,1.7,Yes,Standard,Yes,Yes,45,Net Banking,Monthly
185,43,Female,Watch,Footwear,217,Lucknow,XL,Red,Autumn,4.7,No,Express,Yes,No,8,Net Banking,Quarterly
186,41,Female,Shirt,Clothing,60,Delhi,L,Red,Summer,5,Yes,Standard,No,Yes,19,UPI,Weekly
187,26,Male,Jeans,Accessories,351,Lucknow,XL,White,Spring,1.5,No,Express,Yes,Yes,25,Cash,Weekly
188,37,Female,Shoes,Footwear,83,Bangalore,S,Red,Winter,3.7,Yes,Next Day,Yes,No,13,UPI,Monthly
189,30,Female,Shirt,Footwear,455,Bangalore,S,White,Autumn,2.9,Yes,Express,No,Yes,16,Cash,Weekly
190,33,Female,Shoes,Clothing,197,Delhi,L,Red,Winter,3.2,Yes,Standard,No,Yes,33,Cash,Monthly
191,53,Female,Shoes,Accessories,394,Bangalore,XL,White,Autumn,1.7,No,Standard,No,No,21,Cash,Quarterly
192,50,Male,Shirt,Clothing,331,Bangalore,L,White,Winter,3.9,Yes,Standard,No,Yes,35,Card,Quarterly
193,49,Male,Watch,Clothing,237,Lucknow,M,Black,Winter,1.7,Yes,Express,No,Yes,3,Card,Quarterly
194,36,Male,Shirt,Clothing,296,Lucknow,M,White,Winter,4.5,No,Standard,No,No,24,Card,Monthly
195,67,Female,Jeans,Accessories,99,Mumbai,S,Red,Autumn,2.8,No,Next Day,No,No,15,Card,Quarterly
196,22,Female,Bag,Footwear,46,Mumbai,M,Blue,Spring,3.5,No,Standard,Yes,Yes,14,Cash,Quarterly
197,35,Female,Watch,Accessories,385,Mumbai,L,White,Summer,4.7,Yes,Standard,Yes,No,23,Card,Quarterly
198,24,Male,Shoes,Accessories,479,Mumbai,S,Black,Autumn,4,Yes,Express,Yes,No,15,Card,Weekly
199,35,Female,Shirt,Footwear,432,Delhi,M,Red,Spring,3.2,No,Next Day,Yes,No,37,UPI,Weekly
200,68,Male,Shirt,Accessories,159,Delhi,M,Red,Spring,2.6,No,Next Day,No,No,9,Card,Quarterly
201,37,Male,Watch,Footwear,185,Lucknow,M,White,Summer,2.8,No,Next Day,No,No,44,Net Banking,Weekly
202,65,Female,Watch,Accessories,185,Mumbai,XL,Red,Winter,2.4,Yes,Express,Yes,Yes,18,Card,Monthly
203,43,Male,Shoes,Clothing,354,Mumbai,XL,Red,Summer,4.8,No,Express,No,No,26,Card,Monthly
204,54,Male,Shoes,Accessories,315,Bangalore,M,Red,Winter,2,No,Express,Yes,Yes,8,Card,Monthly
205,41,Male,Jeans,Accessories,400,Bangalore,XL,Red,Winter,2.6,Yes,Standard,Yes,Yes,45,Card,Quarterly
206,31,Male,Jeans,Accessories,473,Mumbai,L,White,Summer,4.1,No,Standard,Yes,No,32,UPI,Weekly
207,57,Male,Bag,Footwear,202,Lucknow,XL,White,Spring,2.5,Yes,Next Day,Yes,Yes,38,Card,Weekly
208,68,Female,Shoes,Clothing,334,Delhi,L,Black,Winter,4.5,Yes,Express,Yes,No,44,UPI,Weekly
209,31,Female,Shoes,Accessories,255,Mumbai,L,Red,Winter,2,No,Next Day,No,Yes,49,Card,Weekly
210,58,Male,Bag,Accessories,477,Delhi,L,Blue,Autumn,1.1,Yes,Next Day,Yes,Yes,12,Net Banking,Monthly
211,31,Male,Bag,Clothing,183,Bangalore,M,Black,Winter,3.5,Yes,Standard,No,Yes,16,Net Banking,Monthly
212,55,Male,Shirt,Accessories,101,Delhi,L,White,Spring,3,No,Next Day,No,No,12,Cash,Quarterly
213,59,Male,Shirt,Footwear,195,Lucknow,L,White,Summer,4.7,Yes,Standard,No,Yes,25,Cash,Monthly
214,41,Female,Bag,Accessories,313,Bangalore,L,White,Autumn,2.7,Yes,Next Day,No,Yes,44,Cash,Quarterly
215,56,Male,Watch,Clothing,477,Delhi,S,Blue,Spring,1.5,Yes,Standard,No,No,36,Net Banking,Weekly
216,32,Male,Shirt,Clothing,416,Bangalore,L,Blue,Winter,2.3,Yes,Standard,Yes,Yes,28,Card,Weekly
217,22,Male,Bag,Accessories,18,Mumbai,L,White,Autumn,2.6,No,Express,No,Yes,23,Cash,Monthly
218,23,Male,Shirt,Footwear,259,Bangalore,S,Black,Summer,3.3,No,Express,No,Yes,36,Card,Weekly
219,41,Male,Shoes,Clothing,87,Delhi,XL,Black,Spring,2.1,No,Standard,Yes,Yes,23,UPI,Quarterly
220,64,Male,Watch,Clothing,187,Bangalore,XL,Blue,Spring,3.2,No,Next Day,No,No,44,Net Banking,Monthly
221,24,Female,Shoes,Footwear,472,Delhi,L,Red,Autumn,4.6,No,Standard,No,No,27,Cash,Monthly
222,41,Female,Shoes,Clothing,492,Delhi,XL,Blue,Winter,2.7,Yes,Next Day,Yes,Yes,33,Cash,Quarterly
223,54,Female,Jeans,Clothing,85,Bangalore,XL,Black,Spring,3.6,No,Standard,No,No,33,Card,Quarterly
224,28,Male,Shirt,Clothing,79,Bangalore,M,Red,Summer,1.9,No,Next Day,No,Yes,37,Net Banking,Quarterly
225,55,Female,Shirt,Footwear,351,Mumbai,XL,White,Autumn,4.2,No,Next Day,Yes,Yes,23,Cash,Monthly
226,33,Female,Jeans,Accessories,211,Delhi,XL,Blue,Summer,2.1,Yes,Express,Yes,No,19,UPI,Weekly
227,60,Male,Bag,Clothing,222,Mumbai,S,Blue,Autumn,3.3,No,Express,No,Yes,20,UPI,Weekly
228,48,Male,Shirt,Clothing,437,Lucknow,XL,Blue,Autumn,2.2,Yes,Standard,No,Yes,46,Cash,Weekly
229,46,Female,Bag,Footwear,461,Bangalore,S,Blue,Winter,1.3,Yes,Next Day,Yes,No,5,Net Banking,Quarterly
230,27,Male,Bag,Footwear,451,Delhi,M,Red,Autumn,2.3,No,Standard,Yes,No,35,Cash,Weekly
231,42,Male,Shoes,Clothing,393,Lucknow,XL,Blue,Autumn,1.8,No,Express,Yes,No,48,Net Banking,Monthly
232,62,Female,Bag,Clothing,490,Mumbai,L,Red,Summer,4.6,No,Standard,Yes,No,3,Card,Monthly
233,19,Female,Watch,Clothing,362,Bangalore,M,Black,Spring,2.1,Yes,Next Day,Yes,No,30,Cash,Monthly
234,57,Female,Shoes,Footwear,443,Delhi,L,Red,Spring,4.9,No,Express,No,Yes,29,Net Banking,Weekly
235,43,Female,Jeans,Clothing,274,Mumbai,S,Black,Spring,3,No,Express,No,Yes,16,Cash,Monthly
236,55,Female,Bag,Clothing,34,Lucknow,S,Blue,Winter,1.9,No,Standard,No,Yes,4,UPI,Weekly
237,52,Female,Jeans,Accessories,410,Mumbai,XL,White,Spring,2.6,Yes,Standard,Yes,Yes,33,UPI,Monthly
238,40,Male,Shirt,Accessories,465,Delhi,S,Blue,Summer,1.7,No,Express,Yes,Yes,26,UPI,Quarterly
239,34,Female,Shoes,Accessories,163,Delhi,XL,Red,Autumn,4.3,Yes,Next Day,Yes,No,37,UPI,Monthly
240,50,Female,Watch,Footwear,219,Lucknow,M,Blue,Autumn,1.5,No,Express,No,Yes,4,Card,Monthly
241,25,Female,Jeans,Clothing,290,Lucknow,S,White,Spring,4.5,No,Standard,Yes,No,46,Card,Weekly
242,48,Female,Shoes,Accessories,329,Delhi,XL,White,Winter,1.2,No,Express,No,Yes,31,Cash,Quarterly
243,22,Male,Jeans,Accessories,340,Lucknow,S,White,Summer,2.2,Yes,Standard,No,No,22,Card,Monthly
244,51,Male,Shirt,Clothing,203,Lucknow,M,Blue,Spring,1.6,Yes,Express,Yes,Yes,22,Net Banking,Quarterly
245,50,Male,Bag,Footwear,428,Mumbai,S,Blue,Spring,3.7,Yes,Express,No,Yes,47,Net Banking,Monthly
246,22,Male,Shoes,Accessories,408,Bangalore,XL,Red,Winter,3,No,Standard,Yes,Yes,27,UPI,Weekly
247,57,Male,Bag,Accessories,471,Mumbai,M,White,Winter,4.8,No,Standard,Yes,No,29,UPI,Weekly
248,39,Female,Jeans,Footwear,292,Delhi,L,Red,Winter,2.5,Yes,Express,Yes,No,32,Net Banking,Weekly
249,58,Female,Watch,Clothing,47,Bangalore,S,Red,Summer,1.2,No,Express,Yes,Yes,15,Card,Quarterly
250,20,Male,Watch,Footwear,424,Delhi,L,White,Winter,4,No,Next Day,No,Yes,12,UPI,Monthly
251,27,Male,Shoes,Footwear,48,Mumbai,L,White,Summer,3.3,No,Express,No,No,37,Cash,Monthly
252,43,Female,Jeans,Clothing,104,Mumbai,M,Blue,Spring,4.3,Yes,Express,Yes,Yes,15,Net Banking,Quarterly
253,27,Female,Bag,Footwear,149,Delhi,XL,Black,Winter,,Yes,Express,Yes,Yes,1,UPI,Weekly
254,35,Female,Watch,Footwear,100,Lucknow,M,Blue,Summer,4,Yes,Next Day,Yes,Yes,24,Cash,Monthly
255,52,Male,Watch,Accessories,364,Bangalore,L,Red,Autumn,1.7,Yes,Standard,No,Yes,0,Card,Monthly
256,25,Male,Watch,Accessories,225,Lucknow,S,White,Autumn,5,No,Express,Yes,Yes,28,Net Banking,Quarterly
257,53,Female,Watch,Footwear,117,Bangalore,XL,Blue,Spring,1.7,Yes,Express,No,Yes,32,Cash,Quarterly
258,23,Male,Bag,Clothing,12,Delhi,S,Black,Winter,4.3,No,Express,Yes,No,46,Cash,Quarterly
259,27,Male,Watch,Clothing,116,Mumbai,L,Blue,Spring,1.8,Yes,Next Day,Yes,Yes,30,Card,Weekly
260,48,Male,Jeans,Accessories,349,Mumbai,S,Red,Winter,4.1,Yes,Express,No,No,17,UPI,Monthly
261,59,Male,Shoes,Footwear,399,Lucknow,S,Black,Summer,4.4,No,Standard,Yes,Yes,32,Cash,Quarterly
262,26,Male,Bag,Accessories,155,Delhi,S,Blue,Summer,4.5,Yes,Next Day,Yes,Yes,29,UPI,Weekly
263,33,Female,Shirt,Clothing,45,Bangalore,XL,Blue,Summer,2.9,Yes,Standard,Yes,Yes,37,Net Banking,Monthly
264,66,Male,Shoes,Accessories,283,Delhi,S,White,Autumn,2.7,No,Next Day,Yes,No,46,Net Banking,Monthly
265,69,Female,Watch,Clothing,393,Lucknow,XL,Red,Spring,4.3,Yes,Express,Yes,No,4,Card,Quarterly
266,48,Female,Watch,Footwear,44,Bangalore,L,Red,Spring,3.3,No,Express,Yes,Yes,35,Net Banking,Monthly
267,41,Male,Shoes,Accessories,399,Mumbai,S,Red,Autumn,3.5,Yes,Standard,No,Yes,40,UPI,Quarterly
268,36,Male,Bag,Accessories,93,Mumbai,M,Black,Autumn,1.9,Yes,Next Day,Yes,No,16,Cash,Weekly
269,49,Female,Jeans,Accessories,136,Mumbai,M,Blue,Winter,2.8,Yes,Express,No,Yes,20,UPI,Quarterly
270,48,Female,Shirt,Footwear,315,Delhi,M,White,Winter,2.5,Yes,Next Day,Yes,Yes,20,Cash,Quarterly
271,33,Male,Shirt,Footwear,35,Bangalore,L,Red,Winter,3.7,Yes,Next Day,Yes,Yes,18,UPI,Monthly
272,19,Male,Shoes,Accessories,159,Lucknow,XL,Red,Winter,1.8,Yes,Next Day,Yes,No,43,UPI,Monthly
273,25,Female,Watch,Accessories,78,Delhi,XL,White,Winter,2.6,Yes,Standard,Yes,Yes,16,Cash,Weekly
274,67,Male,Shoes,Clothing,115,Bangalore,L,Red,Summer,4.4,Yes,Standard,No,Yes,21,Card,Weekly
275,39,Male,Jeans,Accessories,388,Bangalore,XL,Red,Winter,,No,Express,Yes,Yes,29,UPI,Monthly
276,43,Male,Jeans,Accessories,122,Lucknow,XL,Black,Winter,4.6,Yes,Standard,Yes,Yes,12,Card,Quarterly
277,42,Male,Bag,Accessories,31,Lucknow,S,Black,Autumn,1.9,Yes,Next Day,Yes,Yes,34,Card,Quarterly
278,58,Female,Shoes,Footwear,115,Delhi,L,Black,Spring,2.8,No,Next Day,Yes,No,26,Cash,Monthly
279,21,Male,Shirt,Footwear,52,Delhi,XL,Blue,Spring,3,No,Express,Yes,No,8,UPI,Quarterly
280,22,Male,Jeans,Accessories,315,Lucknow,S,Red,Summer,2.6,No,Next Day,No,Yes,9,Cash,Weekly
281,32,Female,Jeans,Accessories,486,Delhi,L,White,Autumn,3.7,Yes,Express,Yes,Yes,1,Net Banking,Quarterly
282,43,Male,Bag,Clothing,92,Bangalore,XL,Blue,Autumn,1.6,Yes,Next Day,No,No,29,Cash,Monthly
283,52,Male,Bag,Accessories,367,Lucknow,M,Red,Winter,3.1,No,Standard,Yes,Yes,40,UPI,Weekly
284,43,Female,Watch,Footwear,187,Bangalore,XL,White,Autumn,1.6,Yes,Standard,No,No,49,Cash,Quarterly
285,40,Male,Watch,Footwear,45,Delhi,XL,Red,Autumn,3.5,No,Next Day,Yes,Yes,32,Net Banking,Quarterly
286,66,Female,Shirt,Footwear,347,Delhi,L,Blue,Winter,4.3,Yes,Next Day,No,Yes,48,UPI,Monthly
287,26,Male,Watch,Accessories,112,Bangalore,L,Blue,Winter,1.1,No,Standard,No,No,49,UPI,Weekly
288,47,Male,Jeans,Footwear,261,Lucknow,L,Red,Autumn,2.8,No,Next Day,Yes,No,30,Card,Weekly
289,46,Male,Watch,Footwear,258,Mumbai,M,Blue,Autumn,3,Yes,Express,Yes,Yes,18,Card,Monthly
290,42,Female,Bag,Accessories,302,Bangalore,M,Black,Spring,3.9,Yes,Next Day,Yes,Yes,44,Card,Quarterly
291,59,Male,Bag,Clothing,76,Lucknow,L,Red,Autumn,1.3,Yes,Standard,No,Yes,31,Card,Weekly
292,31,Male,Shoes,Accessories,132,Lucknow,M,Red,Spring,2.6,Yes,Next Day,Yes,No,40,Card,Quarterly
293,67,Female,Watch,Footwear,371,Bangalore,XL,Blue,Summer,4.1,Yes,Standard,Yes,No,11,Net Banking,Quarterly
294,35,Male,Shoes,Accessories,467,Bangalore,XL,Black,Autumn,3.1,No,Standard,Yes,Yes,47,Cash,Weekly
295,46,Female,Shoes,Footwear,15,Lucknow,M,White,Spring,4,No,Next Day,Yes,No,21,Card,Monthly
296,45,Male,Shoes,Footwear,212,Lucknow,L,Blue,Autumn,,Yes,Next Day,No,Yes,43,Net Banking,Weekly
297,62,Female,Shoes,Clothing,441,Mumbai,S,Red,Summer,4.7,No,Standard,Yes,Yes,18,Net Banking,Quarterly
298,40,Male,Shoes,Footwear,150,Bangalore,S,Black,Autumn,1.3,No,Express,No,Yes,44,Net Banking,Monthly
299,32,Female,Shirt,Accessories,229,Mumbai,M,Blue,Summer,1.4,Yes,Next Day,No,No,33,Net Banking,Monthly
300,19,Male,Watch,Footwear,453,Lucknow,S,Red,Summer,3.1,No,Express,No,No,11,Card,Weekly
301,36,Female,Bag,Accessories,484,Delhi,XL,Black,Summer,2.9,No,Express,No,No,7,Cash,Monthly
302,60,Female,Jeans,Accessories,331,Delhi,S,Blue,Spring,3.6,Yes,Standard,No,No,7,Net Banking,Quarterly
303,18,Male,Shirt,Clothing,350,Mumbai,M,Red,Spring,1.9,No,Express,No,No,18,Card,Quarterly
304,64,Male,Watch,Clothing,310,Delhi,M,White,Winter,1.9,Yes,Next Day,No,No,2,Cash,Weekly
305,46,Male,Shirt,Accessories,148,Bangalore,S,Blue,Spring,,Yes,Express,Yes,No,27,Card,Monthly
306,25,Female,Bag,Accessories,444,Bangalore,M,Black,Summer,,No,Standard,Yes,Yes,32,UPI,Quarterly
307,33,Female,Bag,Accessories,26,Lucknow,L,Black,Spring,3.9,Yes,Next Day,No,No,37,Net Banking,Weekly
308,46,Female,Bag,Clothing,38,Bangalore,XL,Red,Autumn,3.6,Yes,Express,No,Yes,46,Cash,Quarterly
309,34,Male,Watch,Accessories,304,Bangalore,S,Red,Autumn,1.3,No,Standard,Yes,Yes,40,UPI,Monthly
310,23,Female,Jeans,Clothing,420,Bangalore,S,Red,Summer,3.8,Yes,Express,Yes,No,49,Net Banking,Monthly
311,52,Male,Shoes,Clothing,408,Delhi,M,Blue,Winter,4.5,Yes,Standard,No,Yes,30,Card,Quarterly
312,52,Female,Jeans,Accessories,342,Bangalore,M,Black,Summer,4.3,No,Next Day,Yes,No,42,UPI,Monthly
313,24,Male,Shirt,Accessories,194,Delhi,XL,Black,Autumn,1,Yes,Next Day,Yes,Yes,38,UPI,Weekly
314,32,Female,Shoes,Accessories,186,Bangalore,S,Black,Summer,3.2,No,Next Day,No,Yes,41,Cash,Weekly
315,30,Female,Shoes,Footwear,218,Lucknow,M,Blue,Autumn,4.7,No,Express,Yes,Yes,20,UPI,Quarterly
316,52,Female,Jeans,Footwear,135,Lucknow,L,Blue,Spring,3.4,No,Standard,No,No,25,UPI,Monthly
317,55,Male,Shirt,Accessories,215,Bangalore,M,Black,Summer,2.2,Yes,Standard,Yes,Yes,45,Cash,Quarterly
318,55,Male,Shoes,Footwear,61,Mumbai,L,Red,Autumn,1.8,Yes,Standard,No,No,22,Card,Quarterly
319,66,Female,Bag,Clothing,166,Lucknow,XL,Blue,Winter,3.7,No,Express,Yes,Yes,30,Card,Quarterly
320,57,Male,Jeans,Footwear,471,Lucknow,L,White,Summer,4.1,Yes,Standard,Yes,No,32,Card,Quarterly
321,34,Male,Bag,Accessories,356,Mumbai,M,Blue,Summer,4.7,Yes,Next Day,No,Yes,9,UPI,Quarterly
322,23,Female,Jeans,Footwear,79,Delhi,XL,Black,Summer,4.6,Yes,Standard,No,No,1,Card,Monthly
323,49,Female,Watch,Footwear,150,Bangalore,XL,Red,Summer,2.4,Yes,Standard,No,No,34,Card,Monthly
324,65,Female,Watch,Footwear,137,Bangalore,XL,Red,Winter,3.4,Yes,Next Day,Yes,Yes,39,Cash,Quarterly
325,68,Female,Watch,Footwear,148,Lucknow,S,White,Autumn,1.4,Yes,Next Day,No,Yes,29,Cash,Quarterly
326,29,Male,Shirt,Clothing,348,Lucknow,XL,Red,Summer,1.4,No,Express,No,Yes,32,Card,Quarterly
327,30,Male,Bag,Clothing,448,Delhi,XL,Blue,Summer,1.3,No,Standard,No,Yes,3,UPI,Quarterly
328,19,Female,Bag,Accessories,357,Mumbai,XL,Red,Autumn,4.7,Yes,Standard,Yes,No,8,Cash,Weekly
329,25,Male,Shoes,Accessories,249,Lucknow,L,White,Autumn,1.6,Yes,Express,Yes,Yes,36,Net Banking,Monthly
330,46,Male,Shirt,Clothing,88,Mumbai,M,Red,Summer,2.9,Yes,Next Day,Yes,No,31,Net Banking,Quarterly
331,46,Male,Shirt,Footwear,80,Mumbai,L,White,Winter,2.7,Yes,Express,No,Yes,9,Card,Weekly
332,37,Female,Watch,Clothing,408,Mumbai,L,White,Summer,2.3,Yes,Standard,Yes,No,29,Net Banking,Weekly
333,34,Female,Watch,Footwear,342,Mumbai,XL,White,Summer,3.2,No,Express,No,No,1,UPI,Quarterly
334,61,Male,Shoes,Clothing,260,Bangalore,M,Red,Spring,1,Yes,Standard,No,Yes,39,UPI,Quarterly
335,41,Male,Watch,Accessories,292,Mumbai,L,Blue,Summer,2.5,Yes,Express,Yes,No,1,Cash,Monthly
336,60,Male,Watch,Footwear,425,Mumbai,XL,White,Winter,2.9,Yes,Express,No,Yes,41,Card,Quarterly
337,68,Female,Jeans,Accessories,408,Mumbai,XL,White,Winter,4.2,Yes,Next Day,No,No,11,UPI,Monthly
338,34,Male,Jeans,Footwear,52,Delhi,S,Blue,Summer,3.8,No,Standard,Yes,Yes,12,UPI,Monthly
339,28,Female,Jeans,Footwear,203,Lucknow,XL,Black,Spring,4.4,No,Express,Yes,No,46,Cash,Quarterly
340,67,Male,Shirt,Footwear,30,Lucknow,S,White,Autumn,2.5,Yes,Standard,Yes,No,40,Card,Monthly
341,51,Male,Watch,Accessories,198,Mumbai,XL,Black,Autumn,1.6,Yes,Express,Yes,Yes,16,Card,Quarterly
342,33,Male,Shoes,Footwear,322,Delhi,S,White,Winter,2.6,No,Next Day,Yes,Yes,9,UPI,Quarterly
343,50,Female,Bag,Accessories,112,Bangalore,S,Black,Autumn,4.9,Yes,Next Day,Yes,Yes,5,Net Banking,Quarterly
344,44,Male,Watch,Footwear,83,Bangalore,L,White,Spring,1.9,Yes,Next Day,No,Yes,19,Cash,Weekly
345,65,Male,Watch,Footwear,250,Bangalore,L,Red,Winter,1.7,Yes,Standard,Yes,Yes,29,Cash,Quarterly
346,31,Male,Bag,Clothing,267,Bangalore,L,Blue,Autumn,4.8,Yes,Next Day,No,No,24,Cash,Monthly
347,69,Male,Jeans,Accessories,359,Bangalore,M,Black,Winter,4.8,No,Next Day,Yes,Yes,44,Cash,Weekly
348,66,Male,Shirt,Footwear,16,Delhi,S,White,Spring,1.6,No,Next Day,No,Yes,40,Card,Monthly
349,27,Female,Shirt,Clothing,131,Delhi,L,Black,Summer,4.1,No,Next Day,Yes,Yes,13,Net Banking,Monthly
350,26,Male,Shirt,Footwear,392,Delhi,L,Black,Summer,2.7,No,Standard,Yes,Yes,45,Card,Monthly
351,45,Male,Jeans,Clothing,344,Delhi,L,White,Summer,3,No,Next Day,No,Yes,23,Cash,Quarterly
352,20,Male,Bag,Footwear,450,Lucknow,M,Red,Winter,3,Yes,Next Day,Yes,No,0,Net Banking,Weekly
353,33,Female,Bag,Footwear,409,Bangalore,XL,Black,Spring,4.9,No,Standard,No,Yes,42,Cash,Monthly
354,40,Male,Watch,Clothing,421,Bangalore,XL,Blue,Spring,1.7,Yes,Express,No,Yes,36,Net Banking,Weekly
355,68,Male,Bag,Footwear,260,Bangalore,S,Red,Spring,4.1,No,Express,No,Yes,17,Card,Quarterly
356,69,Male,Bag,Clothing,479,Delhi,S,Red,Winter,1,No,Standard,No,Yes,43,Cash,Quarterly
357,25,Male,Shirt,Accessories,213,Delhi,S,Blue,Spring,3.5,No,Standard,No,Yes,45,Card,Monthly
358,64,Male,Shirt,Footwear,452,Lucknow,S,Blue,Autumn,3.6,No,Standard,Yes,Yes,47,Cash,Quarterly
359,22,Female,Jeans,Clothing,202,Mumbai,L,Black,Spring,4,No,Standard,No,No,45,Card,Weekly
360,56,Male,Bag,Clothing,227,Bangalore,L,Black,Summer,4.7,Yes,Express,Yes,Yes,13,Cash,Quarterly
361,61,Male,Shirt,Accessories,345,Lucknow,M,White,Autumn,4,No,Standard,Yes,No,27,UPI,Monthly
362,64,Male,Shoes,Accessories,205,Delhi,L,Black,Spring,3.9,Yes,Standard,Yes,No,8,Card,Monthly
363,29,Male,Shoes,Clothing,82,Lucknow,XL,White,Spring,2,No,Express,No,Yes,34,Net Banking,Weekly
364,64,Female,Shoes,Accessories,449,Bangalore,XL,Black,Autumn,5,Yes,Standard,Yes,No,24,Net Banking,Monthly
365,24,Female,Shoes,Clothing,231,Mumbai,M,White,Spring,2.9,Yes,Express,Yes,No,43,Card,Quarterly
366,44,Female,Watch,Clothing,464,Mumbai,L,Blue,Summer,2.7,No,Express,Yes,Yes,45,Card,Monthly
367,42,Male,Shirt,Clothing,205,Delhi,L,White,Autumn,3,Yes,Express,Yes,Yes,15,Card,Weekly
368,34,Female,Shoes,Clothing,486,Delhi,XL,White,Spring,2.6,No,Express,No,Yes,15,Cash,Quarterly
369,19,Male,Bag,Footwear,305,Delhi,XL,Blue,Spring,3.4,Yes,Standard,Yes,Yes,1,Net Banking,Monthly
370,58,Female,Bag,Footwear,386,Lucknow,M,Red,Summer,2.4,Yes,Standard,Yes,Yes,25,Card,Quarterly
371,35,Female,Jeans,Accessories,380,Delhi,XL,Blue,Autumn,2,Yes,Express,Yes,Yes,19,UPI,Quarterly
372,52,Female,Jeans,Footwear,108,Mumbai,M,White,Spring,4.7,Yes,Express,Yes,No,49,Cash,Weekly
373,39,Female,Shoes,Accessories,409,Delhi,XL,White,Summer,4.7,Yes,Next Day,No,Yes,40,UPI,Weekly
374,37,Male,Bag,Footwear,473,Mumbai,XL,White,Winter,3,Yes,Standard,No,No,22,Net Banking,Quarterly
375,64,Male,Shirt,Clothing,333,Delhi,XL,Red,Summer,4.8,No,Standard,Yes,Yes,28,Net Banking,Weekly
376,22,Female,Watch,Clothing,474,Mumbai,S,Blue,Summer,2.7,No,Express,Yes,No,31,Cash,Quarterly
377,56,Male,Shirt,Footwear,424,Bangalore,S,Black,Autumn,2.5,Yes,Next Day,No,No,45,Cash,Weekly
378,56,Female,Shirt,Clothing,336,Lucknow,XL,Red,Summer,4.7,No,Standard,Yes,Yes,49,UPI,Monthly
379,37,Female,Watch,Footwear,243,Mumbai,S,Black,Summer,3.5,Yes,Standard,Yes,Yes,20,UPI,Weekly
380,31,Female,Shirt,Accessories,430,Bangalore,S,Red,Winter,4.1,No,Express,No,No,18,Cash,Quarterly
381,18,Male,Bag,Accessories,100,Bangalore,M,White,Spring,2.7,No,Express,No,No,35,Card,Monthly
382,66,Female,Shirt,Accessories,284,Lucknow,M,Black,Autumn,2.6,No,Express,Yes,No,13,Cash,Quarterly
383,67,Male,Watch,Footwear,409,Lucknow,S,White,Summer,1.3,Yes,Standard,No,Yes,7,Card,Weekly
384,30,Male,Watch,Clothing,472,Delhi,S,Red,Winter,4.9,Yes,Express,No,Yes,14,Cash,Weekly
385,19,Male,Bag,Footwear,140,Bangalore,M,Black,Autumn,1.9,Yes,Express,No,Yes,15,Cash,Monthly
386,24,Female,Jeans,Footwear,56,Lucknow,L,Red,Winter,3,No,Standard,Yes,Yes,30,UPI,Weekly
387,21,Female,Bag,Footwear,173,Mumbai,L,Black,Spring,1.5,No,Next Day,No,No,36,UPI,Monthly
388,61,Female,Shirt,Footwear,433,Bangalore,XL,Red,Spring,3.6,Yes,Express,Yes,Yes,8,Cash,Quarterly
389,64,Female,Shirt,Footwear,266,Mumbai,XL,Red,Winter,2.6,Yes,Standard,Yes,No,2,Cash,Monthly
390,25,Male,Shoes,Accessories,37,Mumbai,S,Red,Summer,4.1,Yes,Next Day,Yes,No,8,Cash,Quarterly
391,56,Male,Shoes,Accessories,68,Delhi,L,Blue,Winter,3.1,No,Next Day,No,Yes,45,Net Banking,Weekly
392,27,Female,Shoes,Accessories,176,Delhi,S,Black,Autumn,1.5,Yes,Standard,No,Yes,13,Card,Weekly
393,37,Male,Shoes,Footwear,177,Bangalore,M,Blue,Summer,1,No,Next Day,Yes,No,26,Card,Weekly
394,49,Male,Bag,Accessories,76,Lucknow,M,White,Spring,1.8,No,Express,Yes,Yes,27,Cash,Monthly
395,55,Female,Shirt,Accessories,252,Bangalore,L,White,Spring,3.9,No,Standard,Yes,Yes,13,Card,Monthly
396,63,Female,Watch,Clothing,244,Delhi,M,Black,Autumn,4.3,Yes,Express,No,No,42,Card,Monthly
397,20,Male,Shoes,Clothing,107,Delhi,XL,Blue,Spring,2.4,No,Standard,No,Yes,3,UPI,Weekly
398,28,Female,Watch,Clothing,123,Bangalore,M,White,Spring,3.1,Yes,Next Day,Yes,No,26,Cash,Monthly
399,32,Male,Bag,Accessories,335,Delhi,XL,Blue,Spring,2,Yes,Standard,Yes,No,20,Card,Quarterly
400,34,Male,Jeans,Accessories,476,Bangalore,XL,Black,Winter,4.5,No,Express,No,Yes,39,UPI,Weekly
401,69,Male,Bag,Footwear,498,Lucknow,L,White,Autumn,4.9,No,Standard,Yes,No,9,Card,Quarterly
402,58,Female,Shoes,Accessories,284,Delhi,S,Blue,Autumn,4,No,Next Day,Yes,Yes,47,Net Banking,Weekly
403,34,Male,Bag,Clothing,28,Bangalore,L,Red,Autumn,1.4,No,Standard,Yes,No,39,Net Banking,Quarterly
404,68,Male,Watch,Accessories,449,Lucknow,M,Blue,Autumn,2.7,Yes,Express,Yes,Yes,37,Card,Quarterly
405,43,Female,Bag,Clothing,475,Mumbai,M,Red,Summer,5,No,Express,No,No,24,UPI,Monthly
406,44,Female,Bag,Footwear,146,Lucknow,M,Blue,Summer,1.9,Yes,Express,No,Yes,32,UPI,Weekly
407,40,Female,Bag,Footwear,206,Lucknow,M,Red,Autumn,3.7,No,Express,Yes,Yes,10,UPI,Monthly
408,25,Female,Shoes,Clothing,22,Mumbai,M,Blue,Winter,4.8,No,Standard,Yes,No,0,Card,Monthly
409,66,Female,Shoes,Clothing,402,Mumbai,XL,Red,Winter,4.1,Yes,Express,No,Yes,37,UPI,Monthly
410,18,Female,Jeans,Clothing,390,Bangalore,M,Black,Autumn,3.4,Yes,Express,Yes,No,22,Net Banking,Monthly
411,27,Female,Watch,Accessories,20,Bangalore,M,Black,Winter,3,Yes,Standard,Yes,No,17,Card,Quarterly
412,29,Female,Shirt,Clothing,354,Mumbai,L,Red,Winter,4.7,Yes,Standard,No,No,13,Card,Quarterly
413,32,Male,Jeans,Footwear,211,Delhi,S,Black,Autumn,2.6,No,Standard,Yes,No,31,UPI,Monthly
414,24,Male,Watch,Clothing,277,Bangalore,L,White,Winter,4.6,Yes,Express,No,No,25,UPI,Quarterly
415,18,Female,Shirt,Accessories,116,Delhi,XL,White,Spring,2.7,Yes,Standard,Yes,No,33,UPI,Weekly
416,53,Male,Watch,Accessories,409,Delhi,XL,Blue,Spring,4,Yes,Standard,No,No,47,Card,Quarterly
417,68,Female,Bag,Clothing,208,Delhi,S,Blue,Summer,4.7,Yes,Next Day,No,No,41,Card,Weekly
418,24,Male,Jeans,Footwear,421,Mumbai,M,Red,Spring,3.2,No,Next Day,Yes,Yes,16,Net Banking,Monthly
419,33,Female,Bag,Clothing,82,Delhi,S,Black,Summer,2.2,No,Next Day,No,Yes,12,Card,Quarterly
420,44,Male,Bag,Footwear,298,Mumbai,L,White,Spring,1.2,No,Next Day,Yes,Yes,8,UPI,Weekly
421,66,Female,Shoes,Footwear,161,Delhi,M,Black,Winter,4.2,Yes,Express,No,No,28,Net Banking,Monthly
422,54,Male,Shoes,Accessories,483,Mumbai,XL,Blue,Autumn,3.5,Yes,Next Day,Yes,No,41,Cash,Weekly
423,57,Male,Watch,Footwear,282,Lucknow,S,Black,Spring,2.1,Yes,Next Day,No,No,12,Card,Quarterly
424,48,Male,Jeans,Accessories,362,Mumbai,XL,White,Autumn,4.5,No,Standard,Yes,No,49,Card,Monthly
425,39,Female,Jeans,Clothing,52,Bangalore,M,Black,Autumn,4.7,Yes,Standard,Yes,Yes,21,UPI,Weekly
426,28,Male,Watch,Clothing,341,Delhi,XL,Blue,Summer,4.5,No,Next Day,Yes,No,39,UPI,Weekly
427,62,Female,Watch,Footwear,59,Delhi,S,White,Winter,3.4,No,Next Day,Yes,Yes,14,Net Banking,Weekly
428,59,Male,Bag,Accessories,187,Lucknow,M,Blue,Winter,4.9,No,Next Day,Yes,No,6,Card,Weekly
429,19,Male,Shoes,Footwear,119,Bangalore,M,Black,Winter,4.5,No,Express,Yes,Yes,25,Card,Monthly
430,55,Female,Watch,Clothing,11,Delhi,XL,Black,Spring,1.4,Yes,Next Day,Yes,Yes,27,Cash,Weekly
431,22,Male,Shoes,Footwear,297,Bangalore,L,Red,Summer,4.9,No,Next Day,Yes,Yes,23,Net Banking,Weekly
432,56,Male,Shoes,Footwear,128,Delhi,XL,Black,Winter,3.2,Yes,Next Day,No,Yes,20,Card,Monthly
433,60,Female,Jeans,Clothing,261,Delhi,L,Blue,Summer,4.7,No,Express,Yes,Yes,32,Net Banking,Monthly
434,24,Female,Bag,Accessories,384,Mumbai,XL,Red,Summer,4,No,Standard,Yes,Yes,31,Net Banking,Monthly
435,40,Female,Shoes,Footwear,97,Bangalore,L,Blue,Summer,3.6,Yes,Next Day,Yes,No,7,UPI,Monthly
436,24,Male,Jeans,Clothing,357,Bangalore,L,White,Summer,2.3,No,Next Day,Yes,No,33,UPI,Quarterly
437,47,Female,Jeans,Clothing,155,Lucknow,XL,Red,Autumn,1.1,No,Next Day,No,Yes,16,Net Banking,Monthly
438,66,Male,Shoes,Clothing,172,Delhi,XL,Black,Spring,2.1,Yes,Express,Yes,No,40,Cash,Monthly
439,22,Female,Bag,Accessories,292,Delhi,L,White,Winter,3.7,Yes,Standard,Yes,No,24,Cash,Monthly
440,38,Female,Bag,Clothing,316,Bangalore,M,White,Autumn,4.5,Yes,Next Day,Yes,No,12,UPI,Weekly
441,68,Male,Watch,Accessories,331,Lucknow,L,Black,Spring,1,Yes,Standard,No,No,9,Net Banking,Quarterly
442,33,Male,Jeans,Footwear,105,Bangalore,L,Blue,Winter,1.8,Yes,Standard,No,No,48,UPI,Monthly
443,24,Male,Bag,Clothing,294,Bangalore,XL,Blue,Autumn,3.7,Yes,Standard,Yes,Yes,35,UPI,Monthly
444,43,Male,Watch,Clothing,139,Delhi,L,Blue,Summer,2.1,Yes,Standard,Yes,Yes,10,Net Banking,Monthly
445,44,Male,Bag,Accessories,145,Lucknow,XL,Blue,Summer,1.6,Yes,Express,Yes,No,25,Cash,Monthly
446,52,Female,Jeans,Clothing,474,Lucknow,L,White,Autumn,1.3,Yes,Standard,Yes,Yes,6,Net Banking,Quarterly
447,34,Male,Bag,Clothing,59,Bangalore,XL,Red,Spring,3.6,No,Express,Yes,No,41,Net Banking,Monthly
448,67,Male,Shoes,Clothing,212,Mumbai,XL,White,Autumn,3.4,Yes,Express,No,Yes,41,Cash,Monthly
449,45,Female,Bag,Clothing,225,Bangalore,XL,Blue,Autumn,4.4,Yes,Express,Yes,No,40,Card,Weekly
450,32,Male,Jeans,Footwear,130,Bangalore,S,Red,Summer,2.3,Yes,Express,Yes,No,23,Net Banking,Weekly
451,67,Female,Watch,Clothing,394,Lucknow,XL,Black,Summer,1.5,Yes,Express,Yes,No,8,Cash,Quarterly
452,66,Female,Shirt,Accessories,248,Delhi,M,Blue,Autumn,4.2,No,Next Day,Yes,No,24,Card,Quarterly
453,43,Female,Shirt,Footwear,362,Bangalore,XL,Red,Autumn,5,No,Standard,No,Yes,25,Card,Quarterly
454,19,Male,Bag,Accessories,199,Bangalore,M,Black,Summer,2.4,No,Standard,No,No,15,Net Banking,Monthly
455,49,Male,Jeans,Accessories,449,Mumbai,M,White,Winter,4.5,No,Next Day,No,No,18,Card,Quarterly
456,46,Female,Bag,Accessories,367,Lucknow,L,Blue,Winter,4.1,Yes,Standard,No,No,2,UPI,Monthly
457,25,Female,Bag,Footwear,173,Delhi,L,Black,Summer,4.6,No,Next Day,Yes,Yes,26,Net Banking,Weekly
458,50,Male,Watch,Clothing,481,Delhi,L,White,Autumn,2.7,Yes,Standard,No,Yes,9,Net Banking,Weekly
459,61,Female,Bag,Clothing,433,Lucknow,S,Black,Winter,1.4,Yes,Next Day,No,Yes,42,Net Banking,Monthly
460,23,Female,Jeans,Footwear,299,Delhi,XL,Blue,Spring,1.5,Yes,Standard,No,No,38,Cash,Monthly
461,55,Male,Watch,Clothing,18,Mumbai,M,Black,Autumn,4.1,No,Standard,No,No,30,UPI,Weekly
462,25,Female,Watch,Clothing,299,Mumbai,XL,Red,Winter,4.5,Yes,Express,No,No,11,UPI,Weekly
463,56,Male,Watch,Clothing,348,Bangalore,M,White,Spring,2.8,Yes,Express,Yes,Yes,33,Net Banking,Monthly
464,39,Female,Watch,Clothing,188,Delhi,L,Black,Summer,1.2,No,Next Day,Yes,Yes,49,Cash,Quarterly
465,18,Female,Shirt,Clothing,80,Mumbai,L,Blue,Winter,1.3,Yes,Express,Yes,No,31,UPI,Weekly
466,68,Female,Bag,Accessories,286,Lucknow,S,Blue,Winter,3.4,Yes,Next Day,Yes,No,39,Net Banking,Weekly
467,26,Male,Shirt,Accessories,402,Mumbai,M,Red,Winter,4.7,Yes,Next Day,No,Yes,45,UPI,Monthly
468,48,Male,Bag,Clothing,166,Bangalore,L,Blue,Autumn,2.6,No,Standard,Yes,Yes,42,Card,Weekly
469,27,Female,Shirt,Footwear,233,Lucknow,XL,Red,Spring,3.6,No,Standard,No,Yes,8,Cash,Quarterly
470,66,Female,Bag,Clothing,10,Bangalore,XL,Red,Spring,3.2,Yes,Standard,No,No,43,UPI,Monthly
471,56,Female,Shoes,Footwear,354,Lucknow,M,Black,Winter,4.6,Yes,Next Day,No,Yes,38,Cash,Monthly
472,59,Male,Shirt,Footwear,434,Lucknow,L,Red,Autumn,4.3,No,Next Day,No,Yes,35,Cash,Monthly
473,40,Male,Shirt,Accessories,390,Bangalore,S,Red,Spring,1.8,No,Next Day,No,No,11,Cash,Weekly
474,42,Female,Bag,Accessories,220,Lucknow,XL,White,Spring,3.7,No,Standard,Yes,Yes,23,UPI,Weekly
475,50,Male,Shirt,Clothing,32,Bangalore,XL,Red,Spring,4.4,Yes,Express,No,Yes,45,UPI,Monthly
476,58,Female,Jeans,Clothing,251,Lucknow,XL,White,Winter,4.7,No,Next Day,No,No,45,UPI,Quarterly
477,62,Male,Watch,Footwear,470,Bangalore,M,Blue,Winter,3.4,No,Next Day,Yes,Yes,5,Net Banking,Quarterly
478,18,Male,Watch,Accessories,50,Mumbai,M,Red,Winter,1.7,No,Express,No,Yes,21,Cash,Monthly
479,52,Male,Shirt,Clothing,114,Bangalore,XL,White,Spring,3.2,Yes,Standard,Yes,No,30,UPI,Monthly
480,23,Female,Watch,Footwear,420,Mumbai,L,Black,Autumn,3.7,Yes,Next Day,Yes,Yes,4,Net Banking,Quarterly
481,32,Female,Watch,Footwear,288,Mumbai,S,Red,Winter,2.1,No,Next Day,Yes,No,12,Net Banking,Weekly
482,61,Male,Shoes,Clothing,93,Mumbai,L,White,Autumn,4.9,Yes,Standard,No,No,29,Cash,Weekly
483,31,Male,Shirt,Clothing,21,Mumbai,L,Red,Winter,1.9,No,Express,Yes,No,32,Net Banking,Monthly
484,59,Female,Bag,Clothing,211,Mumbai,M,White,Autumn,4.6,Yes,Next Day,No,Yes,5,Net Banking,Monthly
485,42,Male,Watch,Clothing,301,Bangalore,M,Blue,Spring,2.7,Yes,Next Day,No,Yes,21,Cash,Quarterly
486,30,Female,Shirt,Accessories,421,Mumbai,S,White,Summer,1,No,Next Day,Yes,No,32,Card,Monthly
487,35,Male,Shirt,Clothing,443,Mumbai,M,Red,Summer,3.2,Yes,Next Day,No,No,49,UPI,Quarterly
488,45,Male,Shoes,Accessories,234,Delhi,S,Blue,Spring,3.5,No,Standard,Yes,No,49,Card,Monthly
489,57,Male,Bag,Clothing,217,Mumbai,M,Black,Autumn,4.5,Yes,Standard,No,Yes,15,Cash,Monthly
490,49,Female,Bag,Footwear,466,Mumbai,S,Black,Winter,,Yes,Express,Yes,Yes,33,Card,Weekly
491,66,Male,Bag,Footwear,390,Lucknow,M,Blue,Spring,1.4,Yes,Express,No,Yes,27,UPI,Weekly
492,63,Female,Shoes,Accessories,112,Mumbai,L,White,Summer,4.7,No,Express,Yes,No,10,UPI,Weekly
493,57,Male,Shirt,Accessories,343,Delhi,M,Blue,Autumn,3.3,Yes,Standard,No,Yes,25,UPI,Weekly
494,49,Male,Shirt,Clothing,360,Mumbai,S,Blue,Summer,2.1,Yes,Standard,No,Yes,6,Cash,Quarterly
495,33,Female,Shirt,Clothing,124,Bangalore,XL,Blue,Spring,4.6,Yes,Express,No,No,6,Cash,Monthly
496,39,Female,Watch,Accessories,489,Delhi,M,Blue,Spring,1.5,Yes,Next Day,No,Yes,17,Card,Quarterly
497,24,Male,Watch,Clothing,155,Delhi,L,White,Spring,1.4,Yes,Next Day,No,Yes,13,Net Banking,Weekly
498,37,Male,Bag,Accessories,279,Mumbai,L,Blue,Winter,3.1,No,Standard,No,Yes,7,UPI,Weekly
499,66,Male,Shirt,Accessories,251,Mumbai,L,Blue,Summer,3.5,No,Standard,No,Yes,2,Card,Weekly
500,40,Female,Bag,Clothing,349,Mumbai,M,Red,Winter,3,Yes,Standard,No,No,28,Cash,Weekly
501,23,Male,Jeans,Accessories,451,Delhi,XL,Red,Autumn,4.7,Yes,Next Day,Yes,Yes,0,UPI,Weekly
502,51,Male,Shoes,Accessories,202,Bangalore,XL,Blue,Summer,2.1,Yes,Standard,No,Yes,39,Cash,Weekly
503,68,Male,Bag,Footwear,198,Delhi,XL,Black,Winter,5,Yes,Next Day,No,No,3,Net Banking,Weekly
504,63,Female,Bag,Clothing,378,Bangalore,M,Red,Summer,1.1,No,Express,Yes,Yes,32,Cash,Monthly
505,32,Male,Shoes,Accessories,476,Bangalore,M,Red,Spring,1.5,No,Express,No,No,7,Net Banking,Quarterly
506,41,Female,Bag,Footwear,455,Delhi,S,Red,Winter,1.7,No,Next Day,No,No,30,Cash,Weekly
507,45,Male,Bag,Clothing,378,Mumbai,M,Red,Autumn,1.3,Yes,Express,No,Yes,7,UPI,Quarterly
508,30,Male,Bag,Footwear,354,Delhi,XL,Red,Summer,2.8,No,Express,No,No,21,Net Banking,Quarterly
509,31,Male,Watch,Footwear,386,Bangalore,M,White,Autumn,4.5,No,Express,Yes,Yes,32,Cash,Weekly
510,30,Male,Bag,Accessories,468,Mumbai,XL,Black,Winter,4.3,Yes,Express,Yes,Yes,8,Cash,Weekly
511,69,Male,Shirt,Footwear,15,Mumbai,XL,Black,Summer,4,Yes,Express,Yes,No,6,UPI,Weekly
512,56,Female,Shirt,Footwear,298,Delhi,L,White,Winter,1,Yes,Standard,Yes,Yes,31,Net Banking,Quarterly
513,61,Male,Bag,Clothing,26,Mumbai,L,White,Winter,4.5,Yes,Standard,Yes,Yes,32,Net Banking,Quarterly
514,60,Female,Jeans,Footwear,292,Mumbai,XL,Blue,Winter,2.6,No,Next Day,No,Yes,20,Net Banking,Quarterly
515,67,Male,Shirt,Clothing,203,Delhi,S,Red,Spring,3.9,No,Express,No,Yes,6,UPI,Monthly
516,23,Male,Shirt,Clothing,159,Lucknow,S,Blue,Spring,3.9,No,Express,No,Yes,15,Net Banking,Weekly
517,63,Male,Watch,Clothing,446,Mumbai,S,White,Spring,1.7,Yes,Next Day,No,No,10,Cash,Quarterly
518,21,Male,Bag,Accessories,357,Delhi,XL,Blue,Autumn,3.1,Yes,Express,No,No,32,Card,Quarterly
519,42,Female,Shoes,Footwear,288,Bangalore,M,White,Summer,4.7,No,Standard,Yes,No,15,Net Banking,Quarterly
520,48,Male,Shoes,Accessories,442,Mumbai,S,Blue,Winter,2.1,No,Express,Yes,Yes,18,Cash,Quarterly
521,36,Female,Watch,Accessories,57,Mumbai,S,Blue,Spring,3.9,No,Express,No,No,13,Cash,Weekly
522,25,Female,Bag,Clothing,326,Bangalore,M,Red,Summer,4.8,No,Next Day,No,Yes,8,UPI,Monthly
523,27,Female,Watch,Accessories,86,Delhi,M,Blue,Summer,2.4,No,Next Day,No,Yes,40,Net Banking,Monthly
524,60,Male,Shoes,Accessories,124,Bangalore,S,Black,Winter,2.6,No,Next Day,Yes,Yes,24,Card,Weekly
525,34,Male,Bag,Accessories,100,Delhi,S,Black,Spring,2.8,Yes,Next Day,Yes,No,28,UPI,Quarterly
526,34,Female,Jeans,Clothing,276,Delhi,XL,White,Summer,4.2,No,Next Day,No,No,14,Cash,Monthly
527,66,Male,Shoes,Clothing,318,Delhi,XL,Blue,Winter,2.8,No,Next Day,Yes,Yes,4,Card,Quarterly
528,25,Male,Shoes,Footwear,380,Delhi,S,Black,Winter,2.9,Yes,Express,No,No,36,Card,Weekly
529,65,Female,Shirt,Accessories,225,Mumbai,M,White,Winter,1.9,No,Next Day,Yes,No,36,Cash,Monthly
530,65,Female,Watch,Accessories,470,Lucknow,M,White,Autumn,5,No,Standard,No,Yes,2,Cash,Quarterly
531,49,Female,Shirt,Clothing,193,Lucknow,M,Blue,Spring,4.6,No,Express,Yes,No,44,Net Banking,Weekly
532,26,Male,Shoes,Footwear,86,Delhi,S,Red,Spring,3.4,Yes,Express,No,No,42,Net Banking,Monthly
533,26,Female,Watch,Accessories,27,Lucknow,XL,White,Summer,4.8,No,Standard,No,No,42,Card,Quarterly
534,32,Male,Shirt,Accessories,72,Bangalore,L,Black,Summer,3.7,Yes,Express,Yes,No,23,UPI,Quarterly
535,48,Female,Jeans,Footwear,228,Bangalore,XL,Blue,Autumn,,Yes,Standard,Yes,Yes,34,Net Banking,Quarterly
536,25,Female,Bag,Clothing,212,Lucknow,M,Red,Spring,1.6,Yes,Next Day,No,Yes,0,Net Banking,Monthly
537,41,Female,Shoes,Accessories,428,Mumbai,XL,Red,Autumn,1.9,Yes,Express,No,No,29,Card,Weekly
538,24,Female,Bag,Footwear,71,Mumbai,L,Blue,Summer,4.5,Yes,Express,No,Yes,6,Net Banking,Weekly
539,46,Male,Watch,Accessories,138,Bangalore,S,Black,Spring,2.7,Yes,Express,No,No,45,Card,Quarterly
540,19,Male,Bag,Clothing,490,Bangalore,M,White,Winter,2.5,No,Standard,Yes,Yes,47,Net Banking,Monthly
541,54,Male,Jeans,Clothing,23,Bangalore,XL,Red,Summer,4,Yes,Express,Yes,Yes,7,UPI,Monthly
542,20,Male,Jeans,Clothing,217,Delhi,XL,White,Spring,3.5,No,Standard,Yes,No,26,Card,Quarterly
543,28,Female,Shoes,Accessories,107,Lucknow,L,Blue,Summer,2.4,Yes,Next Day,Yes,Yes,29,Card,Monthly
544,27,Male,Watch,Accessories,271,Mumbai,S,Red,Winter,2.6,Yes,Standard,No,Yes,38,Net Banking,Monthly
545,61,Female,Shoes,Clothing,487,Lucknow,L,Blue,Winter,2.6,No,Standard,Yes,No,24,Net Banking,Monthly
546,20,Male,Jeans,Footwear,121,Mumbai,XL,Blue,Spring,1.5,Yes,Next Day,Yes,Yes,44,Card,Monthly
547,40,Male,Shoes,Clothing,191,Delhi,S,Red,Autumn,1.9,No,Standard,Yes,No,17,Net Banking,Monthly
548,48,Male,Shoes,Accessories,230,Lucknow,M,White,Autumn,3.2,No,Next Day,Yes,No,16,Net Banking,Quarterly
549,44,Female,Watch,Footwear,401,Bangalore,S,White,Winter,4.1,Yes,Standard,Yes,No,36,Cash,Quarterly
550,53,Female,Watch,Clothing,492,Delhi,S,Red,Winter,2.7,Yes,Express,No,No,27,Card,Monthly
551,59,Female,Shirt,Clothing,57,Delhi,XL,Black,Autumn,2.5,Yes,Next Day,Yes,Yes,4,UPI,Monthly
552,38,Male,Bag,Clothing,249,Delhi,S,Red,Autumn,3.6,Yes,Next Day,Yes,No,32,Card,Quarterly
553,61,Male,Shoes,Accessories,378,Delhi,S,White,Summer,1.6,Yes,Express,Yes,Yes,13,UPI,Monthly
554,34,Female,Watch,Clothing,14,Lucknow,S,Blue,Winter,2.5,No,Next Day,Yes,Yes,42,UPI,Weekly
555,69,Female,Bag,Footwear,404,Delhi,XL,Red,Winter,1.8,Yes,Next Day,Yes,No,41,Cash,Monthly
556,44,Male,Jeans,Clothing,128,Delhi,M,Blue,Winter,3.6,No,Standard,No,Yes,21,Cash,Quarterly
557,56,Female,Jeans,Footwear,264,Lucknow,XL,Black,Winter,1.4,No,Standard,Yes,Yes,42,Card,Monthly
558,63,Male,Watch,Accessories,489,Lucknow,M,Red,Autumn,2.8,No,Standard,Yes,No,47,Net Banking,Monthly
559,59,Male,Watch,Clothing,321,Delhi,L,Blue,Winter,3.4,No,Standard,No,No,36,Cash,Quarterly
560,62,Female,Jeans,Clothing,494,Bangalore,XL,Red,Winter,4.3,Yes,Standard,No,No,30,Cash,Weekly
561,45,Male,Shirt,Clothing,305,Bangalore,L,Red,Spring,3.9,No,Express,No,Yes,46,Net Banking,Quarterly
562,20,Male,Watch,Clothing,113,Bangalore,L,White,Spring,4.8,No,Next Day,Yes,No,43,Cash,Weekly
563,43,Female,Watch,Clothing,349,Mumbai,S,White,Winter,3.7,Yes,Express,No,No,23,Net Banking,Weekly
564,27,Female,Shirt,Accessories,311,Lucknow,S,Red,Summer,2.4,No,Standard,No,No,4,UPI,Weekly
565,64,Male,Jeans,Clothing,162,Lucknow,L,Black,Winter,1.9,No,Next Day,No,No,30,Cash,Weekly
566,30,Male,Watch,Footwear,47,Bangalore,M,Red,Summer,1.2,No,Express,Yes,Yes,23,Net Banking,Monthly
567,29,Female,Shoes,Clothing,327,Lucknow,S,White,Summer,2.1,Yes,Next Day,Yes,Yes,18,Net Banking,Monthly
568,30,Female,Bag,Clothing,292,Delhi,S,Blue,Winter,1.5,Yes,Express,No,Yes,8,UPI,Monthly
569,51,Female,Bag,Clothing,389,Bangalore,M,Red,Autumn,2.5,No,Express,Yes,No,35,Cash,Quarterly
570,47,Female,Jeans,Clothing,71,Lucknow,S,White,Autumn,3.8,No,Express,No,No,45,Net Banking,Weekly
571,67,Male,Jeans,Footwear,273,Bangalore,L,Blue,Summer,3.8,No,Next Day,Yes,Yes,29,Cash,Quarterly
572,39,Female,Jeans,Clothing,411,Lucknow,M,Blue,Autumn,2.3,No,Standard,No,No,11,Net Banking,Monthly
573,32,Male,Watch,Clothing,446,Mumbai,M,Blue,Summer,3,No,Express,Yes,No,0,Net Banking,Quarterly
574,20,Male,Shirt,Footwear,470,Lucknow,S,White,Winter,1.9,Yes,Next Day,No,Yes,35,UPI,Quarterly
575,18,Female,Jeans,Accessories,113,Lucknow,L,Blue,Summer,3,No,Standard,Yes,No,7,UPI,Weekly
576,37,Male,Shirt,Clothing,94,Bangalore,S,Blue,Spring,3,Yes,Standard,Yes,Yes,3,UPI,Weekly
577,66,Female,Shirt,Footwear,292,Bangalore,L,Red,Autumn,2.2,No,Express,Yes,Yes,9,UPI,Quarterly
578,45,Male,Shirt,Clothing,236,Bangalore,XL,Red,Winter,2,Yes,Next Day,Yes,No,10,Cash,Monthly
579,64,Female,Jeans,Clothing,124,Mumbai,XL,White,Winter,4.9,No,Next Day,No,No,16,UPI,Weekly
580,23,Female,Bag,Accessories,60,Bangalore,L,White,Spring,3.1,No,Express,No,Yes,15,Net Banking,Quarterly
581,22,Male,Shoes,Footwear,80,Lucknow,XL,White,Winter,3.2,Yes,Express,No,No,9,Cash,Quarterly
582,61,Male,Shirt,Clothing,176,Delhi,XL,White,Summer,1,Yes,Express,No,No,39,Cash,Monthly
583,23,Female,Bag,Footwear,372,Delhi,L,Blue,Winter,1.7,Yes,Express,No,No,41,Net Banking,Weekly
584,20,Male,Watch,Clothing,41,Mumbai,M,Blue,Autumn,2.4,No,Next Day,No,No,12,Net Banking,Quarterly
585,39,Male,Jeans,Footwear,61,Mumbai,L,Red,Winter,4.9,No,Express,Yes,No,18,Card,Monthly
586,66,Male,Bag,Clothing,139,Bangalore,XL,Red,Summer,1.7,Yes,Express,Yes,Yes,40,Net Banking,Monthly
587,53,Female,Watch,Accessories,438,Mumbai,L,Red,Autumn,2.2,No,Next Day,Yes,Yes,47,Net Banking,Weekly
588,23,Male,Jeans,Accessories,495,Bangalore,M,Black,Autumn,5,No,Standard,No,No,39,UPI,Quarterly
589,61,Female,Jeans,Clothing,225,Delhi,S,Black,Spring,2.9,Yes,Next Day,Yes,Yes,27,Card,Quarterly
590,61,Male,Shoes,Accessories,31,Mumbai,S,Black,Winter,2.3,Yes,Next Day,Yes,No,49,Cash,Quarterly
591,59,Male,Jeans,Footwear,15,Bangalore,M,Blue,Spring,3.5,Yes,Express,No,Yes,36,Net Banking,Monthly
592,64,Male,Bag,Accessories,430,Mumbai,XL,White,Winter,3,No,Express,No,Yes,33,Cash,Weekly
593,30,Female,Jeans,Accessories,227,Bangalore,L,White,Spring,4.8,No,Express,Yes,Yes,1,Cash,Monthly
594,68,Male,Shirt,Footwear,47,Bangalore,S,White,Spring,1.3,No,Express,No,Yes,31,Card,Monthly
595,34,Male,Shirt,Footwear,418,Mumbai,XL,Red,Summer,4.2,No,Express,No,No,14,Net Banking,Weekly
596,59,Female,Jeans,Clothing,269,Mumbai,M,Black,Spring,2.1,No,Next Day,Yes,No,30,Net Banking,Monthly
597,48,Male,Watch,Footwear,181,Lucknow,M,White,Spring,4.2,Yes,Standard,Yes,Yes,28,Card,Quarterly
598,58,Male,Shirt,Footwear,231,Lucknow,XL,White,Spring,4.4,No,Express,No,Yes,5,UPI,Weekly
599,50,Male,Jeans,Footwear,120,Delhi,M,White,Summer,4.4,Yes,Express,No,No,23,Net Banking,Weekly
600,51,Male,Shirt,Footwear,466,Bangalore,L,Blue,Summer,4.5,No,Express,Yes,No,25,Cash,Monthly
601,50,Female,Watch,Footwear,396,Mumbai,XL,Black,Spring,3.9,No,Next Day,No,No,2,UPI,Weekly
602,58,Female,Shoes,Footwear,107,Delhi,L,White,Spring,1.6,No,Standard,No,Yes,42,Cash,Quarterly
603,56,Female,Shirt,Clothing,370,Bangalore,L,Black,Autumn,1.2,No,Express,No,Yes,46,Card,Weekly
604,24,Female,Jeans,Footwear,98,Delhi,M,White,Summer,2.4,Yes,Standard,No,No,1,Net Banking,Weekly
605,60,Male,Jeans,Clothing,232,Mumbai,XL,White,Winter,3,No,Standard,Yes,Yes,6,Cash,Monthly
606,45,Male,Shirt,Accessories,376,Bangalore,S,White,Winter,2.2,No,Express,Yes,No,6,Cash,Monthly
607,34,Male,Shirt,Footwear,27,Lucknow,M,Red,Spring,4,No,Next Day,No,No,22,Cash,Quarterly
608,44,Female,Watch,Clothing,365,Mumbai,XL,White,Winter,3.9,Yes,Standard,Yes,Yes,30,Cash,Weekly
609,68,Male,Shirt,Footwear,120,Lucknow,M,White,Autumn,4.9,Yes,Standard,No,No,12,UPI,Quarterly
610,62,Female,Watch,Accessories,352,Lucknow,S,White,Winter,,No,Standard,No,No,42,Card,Weekly
611,61,Male,Jeans,Clothing,254,Mumbai,M,Blue,Summer,4.1,No,Express,Yes,No,15,UPI,Quarterly
612,42,Female,Watch,Clothing,22,Delhi,M,Red,Spring,4,No,Next Day,No,Yes,15,Net Banking,Monthly
613,58,Male,Shoes,Accessories,383,Bangalore,L,White,Winter,5,Yes,Next Day,No,No,29,Card,Quarterly
614,38,Female,Shirt,Accessories,137,Delhi,S,Black,Autumn,4.1,No,Standard,Yes,Yes,43,UPI,Weekly
615,53,Female,Watch,Accessories,476,Lucknow,M,Black,Spring,2.1,No,Next Day,No,No,12,Net Banking,Quarterly
616,51,Female,Shirt,Clothing,421,Mumbai,XL,Blue,Spring,1.1,Yes,Standard,Yes,Yes,16,Cash,Monthly
617,30,Male,Bag,Clothing,104,Lucknow,S,Blue,Spring,4.9,Yes,Express,No,No,16,Card,Monthly
618,31,Male,Bag,Clothing,304,Bangalore,XL,White,Summer,3.9,Yes,Next Day,Yes,Yes,23,Net Banking,Weekly
619,21,Female,Watch,Clothing,187,Mumbai,S,White,Summer,4.3,No,Next Day,Yes,No,21,Card,Monthly
620,25,Male,Shoes,Footwear,305,Lucknow,M,Black,Summer,4.2,No,Next Day,No,Yes,47,UPI,Quarterly
621,40,Female,Watch,Clothing,282,Lucknow,L,Blue,Winter,3.9,Yes,Standard,No,No,7,Card,Quarterly
622,42,Female,Watch,Footwear,154,Lucknow,XL,White,Winter,4,Yes,Next Day,Yes,Yes,20,UPI,Quarterly
623,26,Female,Shoes,Clothing,329,Delhi,M,Red,Autumn,4.7,Yes,Express,No,Yes,12,UPI,Quarterly
624,39,Female,Shoes,Accessories,137,Mumbai,S,Black,Autumn,4.7,No,Express,No,Yes,29,UPI,Weekly
625,49,Female,Shirt,Footwear,454,Lucknow,XL,Red,Winter,2.5,Yes,Express,Yes,Yes,39,Net Banking,Monthly
626,30,Male,Bag,Accessories,473,Lucknow,XL,White,Summer,1.1,Yes,Express,No,Yes,46,Cash,Weekly
627,35,Male,Shoes,Clothing,91,Mumbai,L,Blue,Autumn,1.2,Yes,Standard,No,Yes,21,UPI,Weekly
628,37,Male,Shirt,Accessories,366,Delhi,S,Blue,Autumn,2.8,Yes,Next Day,No,Yes,13,UPI,Weekly
629,44,Male,Bag,Clothing,465,Mumbai,L,Red,Summer,4.3,Yes,Next Day,Yes,No,48,UPI,Quarterly
630,37,Female,Bag,Footwear,72,Bangalore,M,White,Winter,4.4,No,Standard,No,No,4,UPI,Weekly
631,56,Male,Shirt,Footwear,372,Bangalore,M,Red,Spring,2.6,Yes,Standard,Yes,Yes,6,Net Banking,Quarterly
632,35,Male,Shirt,Accessories,469,Lucknow,S,White,Spring,2.2,Yes,Standard,Yes,Yes,47,Card,Quarterly
633,40,Female,Shirt,Accessories,120,Delhi,M,White,Summer,3,No,Express,Yes,No,44,Cash,Quarterly
634,37,Female,Watch,Accessories,295,Mumbai,XL,Blue,Winter,4.3,Yes,Standard,No,No,27,UPI,Monthly
635,27,Male,Shoes,Footwear,400,Mumbai,S,Blue,Summer,3.5,No,Next Day,Yes,Yes,16,UPI,Weekly
636,53,Female,Shirt,Accessories,173,Lucknow,XL,Red,Spring,1.6,Yes,Next Day,No,Yes,48,UPI,Monthly
637,30,Male,Shirt,Footwear,126,Delhi,L,Black,Winter,2.4,Yes,Next Day,Yes,No,47,Card,Monthly
638,33,Female,Jeans,Accessories,204,Delhi,L,Black,Spring,3.2,No,Standard,No,Yes,43,Cash,Quarterly
639,59,Female,Shoes,Clothing,174,Mumbai,XL,Black,Spring,3.2,No,Next Day,Yes,No,38,Cash,Quarterly
640,67,Female,Watch,Footwear,365,Delhi,S,White,Winter,4.3,No,Express,No,Yes,29,Cash,Quarterly
641,52,Female,Bag,Accessories,191,Bangalore,XL,White,Summer,4.7,Yes,Standard,Yes,No,18,Card,Monthly
642,65,Female,Shirt,Footwear,194,Bangalore,M,White,Spring,1.4,No,Express,Yes,Yes,23,Cash,Monthly
643,62,Female,Shoes,Accessories,472,Bangalore,M,Black,Summer,1.9,Yes,Standard,Yes,Yes,27,Card,Quarterly
644,43,Female,Shirt,Accessories,293,Lucknow,M,Blue,Autumn,2.6,Yes,Next Day,No,No,24,UPI,Monthly
645,58,Male,Watch,Accessories,465,Mumbai,L,Blue,Winter,2.2,No,Standard,Yes,No,43,Cash,Monthly
646,35,Female,Shoes,Accessories,358,Mumbai,M,Black,Spring,2.6,Yes,Standard,Yes,No,8,Net Banking,Monthly
647,41,Female,Bag,Footwear,443,Mumbai,XL,Blue,Summer,1.2,No,Standard,No,No,4,Net Banking,Monthly
648,45,Female,Shirt,Accessories,105,Lucknow,S,Blue,Autumn,1.3,Yes,Express,No,Yes,22,Cash,Monthly
649,67,Female,Jeans,Footwear,469,Bangalore,L,White,Autumn,4.4,Yes,Next Day,Yes,Yes,10,Card,Monthly
650,62,Female,Shoes,Accessories,472,Delhi,L,Black,Autumn,1.4,Yes,Next Day,Yes,Yes,41,Net Banking,Weekly
651,43,Male,Bag,Clothing,29,Bangalore,L,White,Summer,,No,Express,No,Yes,42,UPI,Quarterly
652,51,Male,Jeans,Footwear,184,Bangalore,L,White,Winter,2.2,Yes,Standard,Yes,No,49,Cash,Weekly
653,28,Male,Watch,Accessories,212,Delhi,L,Black,Spring,2.2,No,Standard,Yes,Yes,19,Card,Weekly
654,59,Female,Watch,Footwear,215,Bangalore,XL,Blue,Winter,1.4,Yes,Express,No,Yes,48,UPI,Weekly
655,46,Female,Jeans,Accessories,391,Bangalore,S,Blue,Winter,1.1,No,Next Day,Yes,No,5,UPI,Quarterly
656,45,Male,Shirt,Accessories,352,Delhi,M,White,Autumn,2.4,Yes,Standard,No,No,48,Cash,Weekly
657,57,Male,Jeans,Footwear,114,Delhi,L,White,Summer,4.3,Yes,Next Day,Yes,No,12,Net Banking,Quarterly
658,50,Female,Bag,Accessories,308,Bangalore,M,White,Summer,4.7,No,Standard,No,No,0,Card,Monthly
659,21,Female,Bag,Footwear,487,Bangalore,XL,Blue,Summer,1.2,Yes,Next Day,No,No,41,Cash,Monthly
660,32,Female,Shoes,Accessories,225,Bangalore,L,White,Spring,1.1,Yes,Standard,Yes,Yes,25,Net Banking,Quarterly
661,27,Male,Watch,Clothing,464,Mumbai,L,White,Spring,1.6,No,Next Day,No,Yes,20,Card,Weekly
662,56,Male,Jeans,Clothing,328,Bangalore,S,Red,Autumn,4.1,No,Standard,Yes,Yes,10,Cash,Monthly
663,19,Male,Watch,Footwear,463,Lucknow,M,Black,Autumn,1.8,Yes,Standard,Yes,Yes,20,Net Banking,Quarterly
664,28,Male,Shirt,Accessories,452,Delhi,L,Blue,Summer,1.9,Yes,Standard,Yes,Yes,30,Card,Quarterly
665,49,Female,Bag,Accessories,18,Bangalore,M,Black,Summer,4.6,No,Standard,Yes,Yes,7,Cash,Quarterly
666,54,Male,Watch,Footwear,402,Delhi,XL,White,Spring,4.5,No,Next Day,No,No,47,UPI,Weekly
667,44,Female,Shoes,Accessories,102,Delhi,S,Blue,Winter,3.7,No,Standard,No,No,36,Cash,Weekly
668,62,Female,Watch,Accessories,413,Lucknow,S,Red,Winter,1.7,No,Express,Yes,No,43,Cash,Quarterly
669,65,Male,Watch,Footwear,405,Delhi,M,Blue,Spring,2.5,Yes,Next Day,Yes,No,2,Card,Quarterly
670,24,Male,Shirt,Clothing,136,Bangalore,M,White,Summer,1.9,No,Express,Yes,Yes,43,Card,Weekly
671,67,Female,Bag,Clothing,42,Bangalore,XL,White,Autumn,3.7,No,Next Day,No,No,43,UPI,Monthly
672,49,Male,Shirt,Footwear,215,Lucknow,XL,Blue,Spring,4.1,No,Next Day,Yes,No,18,UPI,Weekly
673,51,Male,Bag,Clothing,158,Bangalore,M,Blue,Spring,1.6,No,Next Day,Yes,No,28,UPI,Weekly
674,22,Female,Shoes,Footwear,281,Bangalore,L,Black,Winter,4.6,Yes,Next Day,No,Yes,25,Net Banking,Weekly
675,50,Female,Jeans,Clothing,50,Lucknow,M,Black,Spring,2.9,No,Standard,No,No,41,Cash,Monthly
676,55,Female,Jeans,Clothing,31,Lucknow,L,White,Autumn,4.2,Yes,Standard,No,Yes,14,UPI,Weekly
677,48,Male,Bag,Footwear,224,Bangalore,L,White,Winter,1.2,No,Standard,Yes,Yes,45,Cash,Quarterly
678,22,Male,Bag,Accessories,387,Delhi,L,White,Autumn,2.4,No,Standard,Yes,No,27,Card,Weekly
679,45,Male,Watch,Footwear,164,Delhi,XL,Red,Summer,1.1,Yes,Standard,No,No,0,Card,Weekly
680,66,Male,Watch,Accessories,168,Mumbai,L,Black,Spring,3.9,No,Standard,No,No,15,Card,Monthly
681,55,Male,Watch,Clothing,90,Bangalore,M,Black,Autumn,1.3,No,Next Day,No,No,7,UPI,Monthly
682,25,Female,Watch,Footwear,148,Bangalore,S,Red,Summer,2.4,No,Next Day,Yes,Yes,40,Cash,Weekly
683,67,Male,Jeans,Clothing,156,Lucknow,L,Blue,Winter,4.1,Yes,Express,No,Yes,20,Cash,Weekly
684,67,Female,Jeans,Clothing,137,Delhi,XL,Black,Autumn,4,Yes,Next Day,Yes,No,23,Cash,Weekly
685,26,Female,Shirt,Footwear,178,Delhi,L,Black,Spring,3.6,No,Express,Yes,No,17,Card,Weekly
686,59,Female,Bag,Clothing,148,Delhi,XL,Red,Summer,3.8,No,Express,Yes,Yes,35,Cash,Weekly
687,39,Male,Bag,Accessories,343,Bangalore,M,White,Autumn,3.6,No,Next Day,Yes,No,49,Cash,Monthly
688,48,Male,Bag,Accessories,175,Bangalore,S,Blue,Autumn,3.6,No,Standard,No,No,43,Net Banking,Quarterly
689,41,Female,Bag,Footwear,379,Delhi,L,White,Autumn,2.4,Yes,Standard,Yes,Yes,49,Card,Weekly
690,58,Male,Watch,Clothing,306,Lucknow,S,Blue,Spring,1.1,Yes,Express,Yes,No,14,Card,Monthly
691,69,Female,Bag,Clothing,323,Mumbai,S,Red,Spring,,No,Standard,Yes,No,33,UPI,Monthly
692,59,Male,Shoes,Accessories,295,Bangalore,L,Black,Spring,1.2,Yes,Next Day,Yes,No,31,Card,Weekly
693,66,Male,Bag,Accessories,462,Lucknow,M,Red,Autumn,2.9,Yes,Express,Yes,Yes,15,Card,Monthly
694,67,Female,Jeans,Footwear,135,Delhi,L,Blue,Spring,2.9,No,Standard,No,No,42,Card,Weekly
695,22,Female,Shoes,Accessories,491,Lucknow,L,White,Winter,1.7,No,Standard,Yes,Yes,45,Cash,Weekly
696,31,Male,Shirt,Clothing,111,Lucknow,M,Blue,Summer,4.1,No,Standard,No,No,47,UPI,Quarterly
697,55,Female,Jeans,Footwear,77,Lucknow,L,Black,Summer,3.8,Yes,Express,No,No,49,Net Banking,Weekly
698,48,Male,Shirt,Accessories,414,Delhi,L,Black,Spring,3.2,Yes,Standard,No,No,8,Card,Quarterly
699,20,Female,Watch,Footwear,449,Mumbai,L,Blue,Summer,4.7,Yes,Standard,No,No,7,Net Banking,Weekly
700,22,Female,Jeans,Footwear,55,Delhi,L,Blue,Winter,2.1,Yes,Next Day,No,No,34,UPI,Monthly
701,45,Female,Shoes,Clothing,303,Mumbai,M,Blue,Spring,2,Yes,Next Day,No,Yes,36,Cash,Quarterly
702,50,Female,Shoes,Accessories,261,Lucknow,L,Red,Autumn,1.7,No,Next Day,No,Yes,21,Net Banking,Monthly
703,26,Male,Shoes,Accessories,117,Lucknow,L,White,Spring,3.2,No,Standard,No,No,8,UPI,Quarterly
704,26,Female,Shirt,Accessories,265,Lucknow,S,Red,Spring,1.8,No,Standard,Yes,No,14,Card,Weekly
705,24,Male,Shirt,Clothing,346,Mumbai,S,Blue,Autumn,4.5,Yes,Express,No,No,6,Card,Weekly
706,47,Male,Shirt,Accessories,291,Lucknow,S,Red,Autumn,2.2,No,Next Day,No,No,7,Net Banking,Monthly
707,18,Male,Bag,Accessories,264,Lucknow,S,White,Autumn,3,Yes,Express,Yes,Yes,9,Card,Weekly
708,47,Male,Bag,Clothing,443,Lucknow,M,Black,Spring,3.1,Yes,Express,Yes,No,29,Net Banking,Quarterly
709,42,Female,Shirt,Clothing,120,Lucknow,XL,Black,Spring,2.2,Yes,Next Day,No,No,25,Cash,Monthly
710,42,Male,Jeans,Clothing,315,Bangalore,XL,Black,Summer,4,Yes,Express,Yes,No,16,Cash,Quarterly
711,53,Male,Watch,Footwear,165,Delhi,XL,White,Spring,3.8,No,Next Day,No,Yes,27,UPI,Weekly
712,45,Male,Shirt,Footwear,487,Mumbai,L,White,Winter,4,No,Next Day,No,Yes,33,Net Banking,Monthly
713,55,Female,Jeans,Accessories,133,Lucknow,S,Blue,Summer,3.4,No,Next Day,Yes,Yes,4,Card,Weekly
714,57,Female,Shirt,Accessories,436,Mumbai,M,White,Autumn,2.8,Yes,Express,Yes,Yes,14,Cash,Quarterly
715,65,Female,Bag,Clothing,319,Delhi,XL,Red,Spring,2.8,Yes,Express,Yes,Yes,10,Card,Weekly
716,59,Male,Bag,Clothing,115,Lucknow,XL,White,Autumn,3.9,Yes,Standard,Yes,Yes,0,UPI,Monthly
717,44,Male,Bag,Footwear,381,Mumbai,XL,White,Spring,2.5,No,Next Day,Yes,No,5,Card,Monthly
718,43,Female,Jeans,Clothing,128,Lucknow,M,White,Summer,2.7,No,Standard,Yes,No,38,Cash,Quarterly
719,30,Female,Jeans,Clothing,138,Mumbai,M,Blue,Summer,1.7,No,Standard,No,Yes,43,Card,Monthly
720,49,Female,Shoes,Footwear,178,Mumbai,L,Red,Spring,3.7,Yes,Next Day,No,No,8,Card,Quarterly
721,25,Female,Bag,Accessories,344,Mumbai,S,Black,Spring,1.3,Yes,Express,Yes,No,38,UPI,Weekly
722,66,Female,Jeans,Clothing,201,Mumbai,S,White,Winter,5,No,Express,No,No,12,UPI,Quarterly
723,61,Female,Watch,Accessories,288,Mumbai,S,Blue,Summer,1.6,No,Next Day,Yes,No,6,Net Banking,Monthly
724,24,Male,Jeans,Footwear,280,Mumbai,L,Blue,Autumn,2.5,Yes,Standard,Yes,Yes,11,Net Banking,Weekly
725,58,Male,Bag,Accessories,106,Lucknow,S,Red,Autumn,2,No,Next Day,No,Yes,45,UPI,Weekly
726,24,Male,Shoes,Accessories,123,Mumbai,L,White,Autumn,2.2,No,Express,Yes,No,17,Cash,Weekly
727,55,Male,Bag,Accessories,160,Mumbai,M,Red,Autumn,2.3,Yes,Express,No,No,37,Net Banking,Quarterly
728,22,Male,Jeans,Accessories,118,Lucknow,XL,White,Winter,3.9,No,Standard,No,Yes,24,UPI,Weekly
729,43,Female,Jeans,Footwear,460,Mumbai,S,Red,Autumn,1.7,Yes,Next Day,No,No,21,Net Banking,Monthly
730,52,Male,Watch,Clothing,196,Delhi,M,White,Summer,2.1,No,Standard,No,Yes,40,Cash,Monthly
731,55,Male,Watch,Clothing,208,Delhi,S,Red,Summer,1.4,No,Express,No,No,49,Cash,Weekly
732,39,Male,Bag,Clothing,339,Mumbai,M,Blue,Winter,2.3,No,Next Day,Yes,No,32,Net Banking,Monthly
733,65,Male,Shoes,Accessories,396,Bangalore,L,White,Summer,4.8,Yes,Standard,Yes,No,42,UPI,Weekly
734,58,Male,Bag,Accessories,347,Lucknow,S,Blue,Autumn,2.5,Yes,Express,Yes,No,7,Card,Quarterly
735,28,Male,Bag,Accessories,280,Delhi,L,Red,Winter,4.1,Yes,Next Day,Yes,Yes,45,Cash,Weekly
736,52,Female,Jeans,Footwear,488,Bangalore,XL,Blue,Spring,2.8,No,Standard,No,No,9,UPI,Monthly
737,55,Female,Bag,Accessories,450,Mumbai,S,Blue,Spring,2.8,No,Standard,No,Yes,9,Card,Weekly
738,35,Male,Watch,Clothing,109,Mumbai,S,Blue,Spring,4.3,Yes,Express,Yes,No,42,Card,Monthly
739,56,Female,Shirt,Accessories,88,Mumbai,XL,Blue,Spring,1.1,Yes,Express,No,No,24,Cash,Monthly
740,64,Female,Watch,Accessories,202,Mumbai,L,White,Autumn,4.5,No,Next Day,No,Yes,12,Net Banking,Monthly
741,60,Female,Bag,Accessories,419,Delhi,XL,White,Autumn,2.9,Yes,Next Day,Yes,No,1,UPI,Monthly
742,57,Male,Jeans,Accessories,482,Delhi,L,Red,Summer,2.4,Yes,Standard,Yes,Yes,10,Cash,Weekly
743,50,Female,Bag,Footwear,354,Bangalore,L,Black,Spring,4.6,Yes,Standard,Yes,Yes,41,Card,Monthly
744,32,Male,Bag,Clothing,348,Delhi,S,Black,Autumn,2.4,No,Standard,No,No,0,Card,Weekly
745,59,Male,Shirt,Clothing,124,Mumbai,L,Black,Spring,4.9,Yes,Next Day,No,No,46,Net Banking,Monthly
746,36,Male,Jeans,Accessories,300,Delhi,M,Red,Autumn,4.7,Yes,Express,No,Yes,38,Cash,Weekly
747,45,Female,Watch,Clothing,100,Delhi,XL,White,Winter,2.1,Yes,Next Day,Yes,Yes,10,Card,Monthly
748,34,Male,Jeans,Clothing,274,Delhi,S,Blue,Summer,2.4,Yes,Standard,No,No,36,Cash,Quarterly
749,34,Male,Shirt,Accessories,104,Mumbai,S,Blue,Summer,4.2,No,Express,No,No,25,Cash,Monthly
750,26,Male,Shoes,Accessories,47,Delhi,L,Red,Autumn,1.8,Yes,Standard,No,Yes,17,Card,Weekly
751,67,Male,Jeans,Accessories,483,Delhi,XL,White,Spring,3.9,No,Express,Yes,No,25,UPI,Weekly
752,25,Female,Shirt,Clothing,447,Mumbai,XL,Blue,Autumn,1.5,Yes,Standard,Yes,Yes,0,Net Banking,Weekly
753,22,Male,Bag,Footwear,345,Mumbai,L,Blue,Summer,1.8,No,Standard,Yes,No,44,UPI,Monthly
754,66,Male,Bag,Accessories,316,Delhi,M,Red,Summer,3,Yes,Standard,Yes,No,39,Cash,Weekly
755,46,Male,Jeans,Clothing,127,Delhi,M,White,Spring,4,Yes,Next Day,No,No,8,Cash,Quarterly
756,40,Male,Jeans,Clothing,290,Lucknow,XL,Red,Winter,4,Yes,Express,No,No,4,Card,Monthly
757,56,Male,Jeans,Clothing,376,Bangalore,S,Red,Summer,3.4,No,Express,No,Yes,21,Net Banking,Quarterly
758,37,Female,Shoes,Accessories,274,Delhi,S,Red,Spring,2.1,No,Standard,No,Yes,23,Net Banking,Quarterly
759,24,Male,Bag,Accessories,148,Mumbai,L,Black,Winter,2.7,Yes,Standard,Yes,Yes,38,Cash,Weekly
760,55,Male,Watch,Accessories,202,Mumbai,M,White,Winter,2,Yes,Express,No,Yes,42,Card,Quarterly
761,27,Female,Jeans,Accessories,422,Lucknow,M,Black,Autumn,2.1,Yes,Next Day,No,Yes,3,Net Banking,Weekly
762,46,Female,Shirt,Footwear,134,Lucknow,XL,Blue,Spring,2.3,Yes,Next Day,Yes,Yes,12,Card,Weekly
763,67,Male,Jeans,Footwear,481,Lucknow,M,Blue,Winter,3.4,Yes,Standard,Yes,Yes,29,Cash,Monthly
764,66,Male,Shoes,Accessories,380,Delhi,XL,Red,Spring,1.8,No,Standard,No,Yes,18,UPI,Monthly
765,36,Male,Shirt,Footwear,446,Mumbai,S,Black,Spring,1.2,No,Express,Yes,Yes,49,Cash,Monthly
766,58,Female,Watch,Footwear,259,Mumbai,M,Black,Autumn,3.8,No,Standard,Yes,No,33,Card,Weekly
767,49,Male,Watch,Footwear,119,Bangalore,S,White,Summer,1.1,Yes,Express,Yes,No,16,Net Banking,Weekly
768,42,Male,Shirt,Clothing,26,Lucknow,L,Blue,Spring,4.9,Yes,Next Day,Yes,Yes,33,Cash,Quarterly
769,25,Female,Shirt,Accessories,272,Mumbai,XL,Red,Autumn,2.4,No,Standard,Yes,No,21,UPI,Monthly
770,37,Male,Jeans,Accessories,205,Bangalore,XL,Red,Summer,1,Yes,Express,Yes,Yes,23,UPI,Monthly
771,51,Male,Jeans,Clothing,65,Mumbai,S,Red,Winter,4.5,Yes,Express,Yes,Yes,35,Cash,Weekly
772,69,Female,Shirt,Clothing,465,Delhi,XL,Red,Spring,3.4,Yes,Express,No,No,21,Card,Weekly
773,18,Male,Jeans,Accessories,485,Mumbai,S,Red,Winter,4.3,No,Express,Yes,No,34,UPI,Weekly
774,55,Female,Jeans,Accessories,193,Bangalore,L,White,Autumn,2.7,No,Express,No,No,20,Net Banking,Monthly
775,62,Female,Jeans,Footwear,337,Mumbai,L,White,Spring,2.4,No,Standard,No,Yes,29,Net Banking,Quarterly
776,67,Male,Shoes,Footwear,212,Bangalore,S,Blue,Autumn,3.6,No,Next Day,Yes,Yes,24,UPI,Monthly
777,40,Female,Bag,Clothing,253,Bangalore,S,Black,Winter,2.6,Yes,Standard,Yes,No,28,Cash,Monthly
778,24,Female,Jeans,Footwear,315,Mumbai,S,White,Spring,3.2,No,Standard,No,No,17,UPI,Quarterly
779,32,Female,Jeans,Accessories,214,Lucknow,L,Blue,Winter,2.1,No,Standard,No,Yes,5,Card,Weekly
780,62,Male,Watch,Accessories,402,Delhi,L,Blue,Summer,2.3,No,Standard,Yes,Yes,12,UPI,Weekly
781,63,Male,Shirt,Footwear,102,Lucknow,S,Black,Winter,1.3,No,Express,No,No,17,Card,Quarterly
782,51,Male,Shirt,Accessories,337,Delhi,L,Red,Spring,4.1,No,Next Day,Yes,Yes,15,Net Banking,Quarterly
783,24,Female,Shoes,Clothing,491,Mumbai,XL,Red,Autumn,2.4,Yes,Standard,No,No,21,Card,Monthly
784,24,Male,Shirt,Clothing,426,Lucknow,S,White,Winter,4.9,No,Standard,Yes,No,23,Card,Weekly
785,42,Female,Shirt,Accessories,32,Bangalore,L,Red,Summer,2,Yes,Express,Yes,Yes,12,Cash,Weekly
786,48,Female,Shirt,Clothing,65,Mumbai,M,Red,Spring,2.9,No,Express,Yes,Yes,19,Card,Weekly
787,19,Female,Watch,Clothing,318,Lucknow,M,Red,Summer,2.2,Yes,Express,No,No,14,Net Banking,Quarterly
788,53,Male,Bag,Footwear,463,Delhi,M,White,Autumn,3.8,No,Standard,Yes,No,29,Net Banking,Quarterly
789,46,Male,Bag,Clothing,423,Bangalore,M,White,Autumn,4.2,No,Standard,No,No,23,UPI,Quarterly
790,18,Female,Jeans,Clothing,452,Bangalore,M,White,Summer,2.9,No,Express,Yes,No,31,Card,Monthly
791,22,Male,Bag,Accessories,83,Delhi,S,Blue,Winter,2.5,Yes,Next Day,Yes,Yes,21,Card,Monthly
792,41,Male,Bag,Clothing,264,Lucknow,M,Blue,Autumn,4,No,Express,No,No,49,Net Banking,Quarterly
793,55,Female,Shoes,Clothing,365,Lucknow,L,Black,Autumn,1.8,No,Next Day,No,Yes,24,UPI,Monthly
794,60,Female,Bag,Footwear,316,Delhi,M,White,Winter,3.4,Yes,Express,No,Yes,30,Cash,Monthly
795,40,Female,Shirt,Accessories,390,Delhi,L,Red,Winter,3.9,No,Express,Yes,No,22,Card,Weekly
796,33,Female,Bag,Footwear,114,Delhi,S,White,Summer,2.1,Yes,Express,No,Yes,36,Net Banking,Monthly
797,68,Male,Jeans,Accessories,233,Mumbai,S,White,Summer,3.6,No,Express,No,No,27,Cash,Weekly
798,41,Male,Bag,Accessories,229,Mumbai,XL,Blue,Autumn,3.9,Yes,Standard,Yes,No,4,Card,Weekly
799,34,Male,Shoes,Clothing,470,Bangalore,M,Black,Autumn,1.5,Yes,Express,Yes,No,36,Card,Monthly
800,41,Male,Watch,Accessories,109,Bangalore,L,Black,Summer,2.3,Yes,Standard,No,No,38,Net Banking,Quarterly
801,18,Female,Jeans,Clothing,169,Delhi,L,White,Autumn,2.6,No,Standard,No,No,20,Card,Weekly
802,33,Male,Bag,Footwear,20,Mumbai,S,Blue,Autumn,4.1,No,Next Day,Yes,No,25,UPI,Monthly
803,44,Female,Shoes,Clothing,84,Lucknow,XL,Blue,Winter,3.3,No,Standard,Yes,No,0,Card,Monthly
804,65,Female,Watch,Clothing,490,Lucknow,M,White,Summer,2.8,No,Standard,Yes,Yes,43,Card,Monthly
805,56,Female,Shirt,Accessories,425,Mumbai,XL,Blue,Winter,2.3,Yes,Express,No,Yes,38,Net Banking,Weekly
806,58,Male,Jeans,Accessories,136,Delhi,M,White,Spring,1,Yes,Express,No,No,48,Net Banking,Quarterly
807,46,Male,Shoes,Clothing,354,Delhi,M,Red,Winter,1.1,No,Next Day,Yes,No,29,UPI,Quarterly
808,23,Female,Shoes,Accessories,300,Mumbai,L,White,Spring,2,Yes,Express,Yes,Yes,11,Card,Weekly
809,38,Female,Watch,Clothing,454,Mumbai,S,Black,Winter,1.5,Yes,Standard,No,Yes,14,Card,Monthly
810,69,Male,Shirt,Footwear,157,Mumbai,L,Blue,Spring,1.5,Yes,Express,No,Yes,46,UPI,Quarterly
811,20,Male,Shoes,Accessories,497,Delhi,XL,Black,Winter,3.4,Yes,Express,Yes,No,2,Net Banking,Weekly
812,63,Female,Shirt,Footwear,191,Mumbai,L,Black,Winter,3.4,No,Express,No,No,33,Cash,Monthly
813,53,Female,Shoes,Footwear,361,Mumbai,S,White,Winter,1.2,Yes,Next Day,No,Yes,3,UPI,Quarterly
814,32,Male,Bag,Accessories,204,Mumbai,L,Red,Winter,3.4,No,Next Day,Yes,No,36,Card,Quarterly
815,58,Male,Shirt,Footwear,339,Delhi,S,Blue,Summer,1.6,No,Next Day,No,No,29,Card,Monthly
816,61,Female,Shoes,Clothing,174,Lucknow,S,Blue,Spring,2.5,Yes,Express,No,No,23,Card,Quarterly
817,20,Female,Watch,Footwear,423,Mumbai,M,Black,Winter,5,Yes,Standard,No,No,35,Card,Quarterly
818,23,Female,Jeans,Accessories,322,Mumbai,M,Black,Autumn,3.1,Yes,Standard,Yes,Yes,17,UPI,Monthly
819,52,Male,Shirt,Footwear,151,Lucknow,S,White,Winter,1.1,Yes,Next Day,No,Yes,28,Net Banking,Quarterly
820,69,Male,Watch,Clothing,480,Bangalore,S,Black,Autumn,2.4,No,Next Day,No,No,40,UPI,Quarterly
821,19,Female,Shirt,Clothing,357,Delhi,XL,Blue,Autumn,3.7,No,Standard,Yes,No,22,UPI,Monthly
822,52,Female,Bag,Footwear,220,Delhi,M,Black,Summer,1.9,No,Standard,No,No,1,Cash,Quarterly
823,25,Female,Jeans,Accessories,76,Delhi,S,White,Summer,4.9,Yes,Standard,No,No,49,Card,Weekly
824,51,Male,Watch,Clothing,486,Bangalore,M,Black,Summer,2.7,No,Next Day,Yes,Yes,27,Cash,Weekly
825,50,Male,Shoes,Accessories,379,Mumbai,L,Blue,Autumn,1.1,No,Standard,No,Yes,21,Card,Quarterly
826,22,Male,Shoes,Clothing,337,Mumbai,L,White,Autumn,3.2,Yes,Standard,Yes,No,3,UPI,Quarterly
827,53,Male,Watch,Accessories,418,Bangalore,M,Red,Spring,3.7,No,Express,Yes,Yes,4,Net Banking,Quarterly
828,64,Female,Jeans,Footwear,307,Bangalore,S,Blue,Spring,2.8,Yes,Express,Yes,No,12,UPI,Monthly
829,62,Male,Shoes,Footwear,123,Delhi,XL,Red,Spring,4.7,No,Express,No,Yes,46,Cash,Monthly
830,19,Female,Shirt,Accessories,126,Delhi,L,Blue,Autumn,4.6,No,Express,No,Yes,36,UPI,Quarterly
831,30,Female,Bag,Accessories,48,Lucknow,XL,Blue,Autumn,1.6,No,Standard,No,Yes,20,Net Banking,Quarterly
832,30,Female,Watch,Footwear,40,Lucknow,M,Red,Spring,1.3,Yes,Standard,Yes,No,37,UPI,Quarterly
833,41,Female,Bag,Clothing,367,Lucknow,S,Blue,Autumn,2.2,Yes,Standard,No,Yes,19,Card,Quarterly
834,25,Male,Jeans,Clothing,427,Lucknow,M,White,Spring,3.4,No,Next Day,No,No,44,Card,Weekly
835,62,Female,Jeans,Clothing,90,Mumbai,M,Blue,Winter,3.4,Yes,Express,Yes,No,16,UPI,Quarterly
836,58,Male,Watch,Footwear,291,Lucknow,L,White,Autumn,2.1,No,Standard,Yes,No,35,Cash,Weekly
837,60,Male,Shirt,Accessories,70,Lucknow,L,Black,Autumn,4.8,No,Next Day,Yes,No,21,Card,Quarterly
838,28,Male,Jeans,Clothing,213,Lucknow,S,Red,Autumn,2.2,Yes,Express,No,Yes,33,Card,Weekly
839,18,Male,Watch,Clothing,397,Delhi,L,Red,Summer,4.2,Yes,Next Day,Yes,No,9,UPI,Weekly
840,65,Female,Shoes,Clothing,407,Delhi,M,Red,Winter,4.3,Yes,Next Day,Yes,No,47,Cash,Quarterly
841,33,Male,Bag,Footwear,474,Mumbai,L,Blue,Autumn,1.4,Yes,Standard,No,Yes,14,Cash,Monthly
842,52,Male,Jeans,Accessories,162,Bangalore,M,Red,Spring,1.9,No,Express,No,No,26,Card,Quarterly
843,65,Male,Jeans,Clothing,474,Lucknow,L,Black,Winter,1.9,Yes,Express,No,Yes,34,Card,Weekly
844,19,Male,Bag,Clothing,393,Mumbai,L,Red,Autumn,4.7,No,Express,No,No,32,Card,Quarterly
845,18,Female,Shirt,Accessories,175,Lucknow,M,White,Summer,2.4,No,Express,No,No,27,UPI,Monthly
846,18,Male,Watch,Accessories,170,Lucknow,S,Blue,Winter,4.3,Yes,Express,Yes,Yes,43,UPI,Quarterly
847,26,Female,Watch,Footwear,62,Lucknow,L,Black,Spring,2.9,Yes,Standard,Yes,Yes,48,Card,Quarterly
848,20,Male,Shirt,Clothing,461,Delhi,XL,Red,Autumn,2.8,No,Standard,Yes,Yes,38,UPI,Monthly
849,60,Female,Jeans,Clothing,109,Delhi,M,White,Autumn,4.6,Yes,Express,Yes,No,9,Cash,Monthly
850,49,Male,Shoes,Clothing,141,Delhi,XL,Blue,Winter,2.8,Yes,Next Day,No,No,38,Cash,Monthly
851,68,Male,Jeans,Accessories,212,Bangalore,S,Black,Autumn,4,Yes,Standard,No,No,25,Net Banking,Monthly
852,59,Male,Bag,Footwear,77,Bangalore,XL,Blue,Winter,2.7,No,Express,No,Yes,26,Cash,Quarterly
853,68,Female,Shoes,Accessories,404,Mumbai,XL,White,Summer,1.4,No,Standard,No,Yes,47,Net Banking,Weekly
854,30,Female,Shirt,Clothing,352,Delhi,M,Blue,Winter,1.2,No,Express,No,No,26,Net Banking,Weekly
855,32,Male,Shirt,Accessories,86,Bangalore,S,Red,Spring,1.8,No,Standard,No,Yes,42,Net Banking,Monthly
856,62,Female,Watch,Accessories,89,Bangalore,L,Blue,Winter,3.9,Yes,Express,Yes,Yes,32,UPI,Monthly
857,30,Female,Shoes,Clothing,20,Mumbai,XL,Red,Winter,2.5,No,Next Day,Yes,Yes,4,Card,Quarterly
858,20,Male,Jeans,Footwear,475,Mumbai,S,Blue,Autumn,2.8,No,Express,No,No,35,Card,Weekly
859,52,Male,Shoes,Accessories,223,Bangalore,L,Blue,Spring,1.4,No,Next Day,No,Yes,24,Net Banking,Weekly
860,59,Female,Jeans,Clothing,331,Bangalore,XL,Red,Summer,3.5,No,Standard,No,Yes,27,Net Banking,Weekly
861,68,Female,Jeans,Accessories,83,Bangalore,S,Red,Spring,4.2,Yes,Standard,No,No,15,UPI,Quarterly
862,66,Female,Shirt,Footwear,123,Lucknow,L,Blue,Winter,3.5,No,Standard,No,No,9,Cash,Monthly
863,24,Male,Watch,Footwear,275,Mumbai,S,Blue,Summer,4.9,No,Standard,Yes,No,37,UPI,Quarterly
864,58,Male,Jeans,Clothing,112,Bangalore,S,Black,Winter,1.1,Yes,Express,Yes,No,12,Card,Weekly
865,61,Male,Shoes,Footwear,310,Lucknow,M,Red,Winter,1.1,Yes,Next Day,No,Yes,4,Cash,Weekly
866,54,Male,Shirt,Accessories,462,Delhi,M,Blue,Spring,3,No,Standard,Yes,Yes,24,Card,Monthly
867,60,Female,Jeans,Accessories,159,Mumbai,S,Red,Winter,2.1,No,Express,No,No,35,Card,Weekly
868,61,Male,Bag,Clothing,307,Delhi,XL,Blue,Summer,3.7,No,Standard,No,Yes,10,UPI,Weekly
869,41,Male,Shirt,Footwear,458,Mumbai,S,White,Spring,4.2,No,Next Day,Yes,No,18,Card,Quarterly
870,20,Male,Jeans,Footwear,447,Delhi,XL,Red,Summer,1.4,Yes,Express,No,No,21,UPI,Monthly
871,41,Male,Watch,Clothing,13,Bangalore,S,Blue,Autumn,4.7,No,Standard,No,No,46,Net Banking,Weekly
872,28,Female,Shirt,Accessories,64,Delhi,L,Blue,Winter,1.1,Yes,Express,No,No,7,Cash,Weekly
873,23,Male,Shoes,Footwear,493,Bangalore,L,Red,Autumn,3.8,No,Standard,No,No,45,Card,Monthly
874,24,Female,Shirt,Accessories,463,Bangalore,M,Black,Spring,2.5,No,Express,No,No,7,Card,Quarterly
875,54,Male,Jeans,Clothing,167,Lucknow,M,Black,Summer,3.7,No,Standard,No,Yes,28,Net Banking,Monthly
876,44,Male,Shirt,Footwear,264,Mumbai,XL,Black,Summer,1.4,No,Next Day,Yes,Yes,42,Net Banking,Monthly
877,46,Male,Watch,Clothing,290,Mumbai,S,Blue,Autumn,4.7,No,Standard,No,No,45,Net Banking,Monthly
878,56,Female,Bag,Accessories,337,Delhi,XL,Blue,Autumn,4.7,Yes,Express,No,No,27,Cash,Quarterly
879,46,Male,Bag,Accessories,377,Bangalore,L,Blue,Spring,3.1,No,Next Day,Yes,Yes,24,UPI,Weekly
880,50,Male,Jeans,Footwear,192,Delhi,XL,Black,Spring,3,No,Standard,No,No,39,Net Banking,Monthly
881,22,Female,Jeans,Accessories,446,Delhi,M,Blue,Spring,3.5,Yes,Next Day,No,Yes,45,Net Banking,Monthly
882,62,Female,Shirt,Footwear,38,Lucknow,M,Blue,Winter,3.3,Yes,Next Day,No,Yes,0,Card,Weekly
883,41,Male,Shirt,Footwear,25,Bangalore,L,Blue,Autumn,3.2,No,Standard,No,No,13,Net Banking,Monthly
884,26,Female,Shirt,Footwear,479,Delhi,L,Red,Summer,3.4,No,Express,No,Yes,14,Cash,Quarterly
885,60,Female,Watch,Footwear,96,Bangalore,XL,Blue,Winter,4.4,Yes,Next Day,Yes,No,41,Card,Monthly
886,56,Male,Bag,Footwear,497,Mumbai,XL,White,Spring,3.4,Yes,Express,Yes,Yes,0,Net Banking,Weekly
887,20,Female,Shirt,Footwear,150,Delhi,S,White,Spring,1.8,No,Next Day,Yes,Yes,6,Card,Monthly
888,28,Male,Shoes,Footwear,188,Mumbai,S,Red,Summer,4.7,Yes,Next Day,Yes,No,0,Card,Monthly
889,18,Male,Bag,Accessories,23,Lucknow,XL,Red,Spring,1.9,No,Express,Yes,No,47,UPI,Weekly
890,32,Female,Watch,Clothing,472,Delhi,M,Black,Winter,1.7,No,Standard,No,No,1,Cash,Monthly
891,23,Male,Shoes,Clothing,186,Mumbai,L,Red,Winter,5,Yes,Express,No,No,13,UPI,Monthly
892,54,Female,Jeans,Footwear,92,Lucknow,S,Blue,Autumn,1.9,No,Express,No,Yes,26,Card,Quarterly
893,45,Female,Jeans,Clothing,246,Mumbai,S,Blue,Winter,1.4,Yes,Next Day,No,Yes,17,Cash,Quarterly
894,68,Male,Watch,Footwear,85,Delhi,M,White,Summer,3.2,Yes,Standard,Yes,Yes,4,UPI,Quarterly
895,56,Male,Bag,Footwear,396,Mumbai,L,Black,Spring,4.3,No,Next Day,Yes,No,20,Card,Monthly
896,49,Male,Jeans,Accessories,45,Bangalore,XL,Blue,Summer,1.2,No,Standard,No,Yes,39,Net Banking,Weekly
897,44,Female,Watch,Footwear,254,Lucknow,XL,White,Spring,3,No,Express,Yes,Yes,14,UPI,Monthly
898,20,Male,Bag,Clothing,201,Bangalore,S,White,Winter,1.3,No,Express,Yes,Yes,25,Cash,Monthly
899,21,Male,Bag,Accessories,28,Delhi,S,Red,Autumn,2.7,No,Next Day,No,Yes,23,UPI,Weekly
900,50,Female,Jeans,Footwear,35,Lucknow,L,Red,Winter,2.4,No,Standard,Yes,No,12,Net Banking,Monthly
901,18,Female,Bag,Footwear,264,Lucknow,L,White,Summer,,Yes,Next Day,No,Yes,0,UPI,Quarterly
902,20,Female,Shirt,Clothing,203,Bangalore,S,Black,Autumn,4.7,Yes,Standard,No,No,41,Card,Quarterly
903,29,Male,Jeans,Footwear,73,Lucknow,M,Blue,Summer,3.5,No,Next Day,Yes,Yes,49,Card,Monthly
904,63,Female,Shirt,Accessories,77,Lucknow,XL,Black,Summer,4.4,Yes,Express,No,Yes,25,Net Banking,Quarterly
905,41,Female,Watch,Footwear,404,Delhi,S,Blue,Autumn,4.6,No,Express,Yes,No,41,Cash,Weekly
906,54,Female,Watch,Accessories,367,Mumbai,XL,White,Winter,4.7,No,Standard,No,Yes,17,Cash,Monthly
907,39,Male,Bag,Accessories,307,Bangalore,M,Red,Autumn,4,Yes,Express,Yes,Yes,47,Cash,Weekly
908,27,Female,Shirt,Clothing,418,Mumbai,L,White,Autumn,2.2,No,Express,No,Yes,28,Card,Weekly
909,37,Male,Bag,Accessories,43,Bangalore,L,Red,Autumn,4.3,Yes,Standard,No,Yes,40,UPI,Quarterly
910,22,Female,Jeans,Footwear,347,Bangalore,L,White,Summer,3.1,Yes,Standard,No,No,33,Net Banking,Quarterly
911,58,Male,Shoes,Footwear,378,Delhi,L,Black,Winter,2.1,Yes,Express,Yes,Yes,46,UPI,Monthly
912,27,Male,Watch,Clothing,108,Bangalore,S,Blue,Winter,2.5,Yes,Express,Yes,Yes,27,Card,Monthly
913,37,Female,Jeans,Clothing,272,Delhi,M,Blue,Summer,2.2,Yes,Next Day,Yes,No,42,Net Banking,Monthly
914,68,Female,Jeans,Footwear,385,Bangalore,XL,White,Winter,2.9,Yes,Express,No,Yes,46,Card,Quarterly
915,48,Female,Bag,Accessories,305,Mumbai,S,Red,Summer,4.1,Yes,Express,No,Yes,38,Cash,Weekly
916,41,Male,Shoes,Footwear,132,Delhi,L,Black,Autumn,2.9,Yes,Express,No,No,17,Net Banking,Monthly
917,46,Female,Watch,Clothing,335,Lucknow,L,Black,Autumn,2.1,Yes,Express,Yes,No,4,Cash,Weekly
918,58,Male,Bag,Accessories,382,Mumbai,S,Blue,Winter,1.3,No,Next Day,No,No,20,Card,Quarterly
919,31,Female,Watch,Clothing,14,Delhi,S,Black,Winter,4.4,No,Next Day,No,No,34,Net Banking,Weekly
920,51,Female,Watch,Footwear,288,Mumbai,XL,Red,Summer,2.7,Yes,Next Day,No,No,42,Card,Weekly
921,63,Female,Watch,Footwear,257,Lucknow,S,White,Autumn,2.8,Yes,Express,No,No,38,Net Banking,Quarterly
922,47,Female,Shoes,Clothing,189,Delhi,S,White,Autumn,4.1,No,Standard,Yes,Yes,31,Card,Quarterly
923,41,Female,Watch,Clothing,31,Mumbai,S,Black,Winter,4.4,Yes,Express,No,Yes,26,UPI,Quarterly
924,25,Female,Bag,Footwear,50,Mumbai,L,Blue,Spring,3,No,Express,Yes,Yes,48,Net Banking,Monthly
925,30,Male,Jeans,Clothing,377,Lucknow,XL,Red,Autumn,3.5,Yes,Standard,No,Yes,12,UPI,Weekly
926,67,Male,Watch,Footwear,415,Delhi,S,Blue,Autumn,2,Yes,Next Day,No,No,39,Card,Quarterly
927,46,Male,Jeans,Footwear,215,Delhi,XL,Blue,Summer,4.7,No,Express,Yes,No,27,Card,Quarterly
928,33,Female,Jeans,Clothing,470,Bangalore,L,Black,Summer,3.3,No,Express,No,No,25,UPI,Quarterly
929,39,Female,Jeans,Clothing,464,Delhi,S,Black,Autumn,3.9,Yes,Express,No,No,19,UPI,Monthly
930,48,Male,Watch,Footwear,336,Bangalore,S,Blue,Summer,1.5,Yes,Next Day,Yes,No,31,Card,Monthly
931,45,Male,Bag,Clothing,294,Mumbai,M,Black,Spring,3.5,No,Next Day,Yes,No,49,UPI,Quarterly
932,54,Male,Shirt,Accessories,482,Bangalore,S,Black,Winter,2.5,Yes,Next Day,Yes,No,20,UPI,Quarterly
933,31,Male,Shoes,Clothing,308,Delhi,S,Red,Summer,2.8,Yes,Next Day,Yes,No,5,Cash,Monthly
934,51,Male,Bag,Accessories,467,Bangalore,M,White,Spring,3.7,Yes,Next Day,Yes,Yes,6,UPI,Weekly
935,41,Female,Watch,Accessories,489,Bangalore,XL,Red,Spring,4.2,Yes,Next Day,Yes,Yes,8,UPI,Monthly
936,66,Female,Bag,Footwear,105,Delhi,XL,Black,Winter,2.4,No,Standard,No,No,20,Net Banking,Weekly
937,26,Male,Bag,Footwear,333,Mumbai,L,White,Summer,4.5,Yes,Express,No,No,0,Net Banking,Monthly
938,25,Male,Shirt,Accessories,368,Delhi,M,Red,Summer,1.9,Yes,Standard,Yes,Yes,14,Net Banking,Monthly
939,42,Female,Watch,Accessories,411,Delhi,M,Blue,Summer,3.3,Yes,Next Day,Yes,No,34,UPI,Weekly
940,44,Female,Bag,Accessories,181,Bangalore,L,Blue,Spring,1.6,No,Express,No,Yes,33,Net Banking,Monthly
941,53,Female,Shirt,Footwear,432,Mumbai,S,White,Autumn,2.2,No,Express,Yes,No,33,UPI,Weekly
942,39,Male,Shoes,Clothing,248,Lucknow,L,Blue,Spring,4.6,Yes,Express,No,No,33,Cash,Weekly
943,65,Male,Jeans,Clothing,199,Mumbai,XL,Black,Winter,1,Yes,Next Day,Yes,Yes,3,Net Banking,Monthly
944,42,Male,Shirt,Accessories,86,Bangalore,XL,Blue,Summer,4.7,Yes,Next Day,Yes,Yes,46,UPI,Quarterly
945,24,Female,Bag,Footwear,167,Bangalore,S,Blue,Spring,2.3,No,Standard,Yes,No,14,Cash,Quarterly
946,24,Female,Bag,Footwear,487,Bangalore,M,Blue,Summer,3.8,No,Next Day,No,Yes,3,Card,Quarterly
947,68,Female,Shirt,Clothing,360,Lucknow,M,Blue,Spring,1.4,No,Next Day,Yes,Yes,40,UPI,Weekly
948,24,Male,Shirt,Clothing,365,Bangalore,L,Red,Summer,3.6,No,Standard,No,Yes,23,Cash,Weekly
949,67,Male,Jeans,Accessories,448,Bangalore,S,Blue,Spring,4.6,Yes,Express,Yes,Yes,17,Cash,Quarterly
950,32,Female,Bag,Accessories,140,Bangalore,XL,Red,Autumn,3.2,No,Express,Yes,Yes,19,UPI,Weekly
951,22,Female,Shoes,Accessories,334,Mumbai,XL,Blue,Winter,2.4,No,Express,No,No,29,Cash,Monthly
952,33,Female,Shirt,Clothing,192,Bangalore,M,White,Summer,4.2,Yes,Next Day,Yes,No,26,Cash,Monthly
953,49,Male,Bag,Footwear,425,Lucknow,M,White,Spring,3.9,Yes,Standard,No,No,0,Net Banking,Weekly
954,40,Male,Watch,Footwear,217,Bangalore,M,Blue,Spring,1.5,Yes,Next Day,Yes,No,5,Card,Monthly
955,58,Male,Watch,Footwear,428,Bangalore,S,Black,Winter,3.7,Yes,Express,Yes,No,47,Cash,Quarterly
956,49,Female,Shirt,Accessories,376,Delhi,XL,Red,Summer,3.7,Yes,Next Day,No,Yes,24,Cash,Quarterly
957,38,Female,Watch,Clothing,388,Mumbai,XL,Blue,Summer,4,No,Next Day,Yes,No,49,UPI,Monthly
958,51,Female,Jeans,Accessories,463,Delhi,M,White,Spring,2.3,No,Express,No,Yes,32,UPI,Monthly
959,68,Male,Shoes,Clothing,397,Delhi,L,Blue,Autumn,2.6,Yes,Standard,Yes,No,36,Cash,Weekly
960,39,Female,Shirt,Clothing,167,Mumbai,M,Blue,Spring,,No,Next Day,No,No,15,UPI,Weekly
961,25,Male,Jeans,Accessories,265,Mumbai,S,Blue,Winter,3.3,No,Express,Yes,Yes,41,UPI,Quarterly
962,39,Female,Bag,Accessories,241,Bangalore,M,White,Spring,3,Yes,Express,No,Yes,32,Net Banking,Quarterly
963,61,Female,Watch,Clothing,41,Lucknow,S,Black,Spring,4.9,Yes,Standard,No,Yes,37,UPI,Quarterly
964,29,Female,Shoes,Footwear,300,Lucknow,XL,White,Autumn,1.9,No,Standard,No,No,13,Card,Weekly
965,67,Female,Shoes,Clothing,224,Mumbai,L,Black,Summer,2.6,No,Standard,Yes,No,29,Card,Monthly
966,48,Female,Shoes,Accessories,202,Mumbai,XL,White,Autumn,4,No,Standard,Yes,Yes,18,Card,Monthly
967,49,Male,Shoes,Accessories,63,Bangalore,S,Red,Spring,3.9,Yes,Next Day,Yes,No,45,Cash,Quarterly
968,34,Male,Bag,Accessories,257,Mumbai,L,Red,Winter,4.9,Yes,Express,Yes,No,45,Card,Monthly
969,65,Female,Shirt,Footwear,293,Lucknow,L,Black,Summer,3.6,Yes,Express,Yes,No,17,Card,Weekly
970,19,Female,Jeans,Footwear,61,Lucknow,L,Red,Winter,2.3,Yes,Next Day,No,Yes,1,UPI,Quarterly
971,33,Male,Bag,Footwear,321,Bangalore,XL,Red,Winter,2.6,Yes,Next Day,No,Yes,12,Card,Weekly
972,39,Female,Jeans,Accessories,92,Delhi,M,Blue,Autumn,1.4,No,Express,No,No,13,Cash,Quarterly
973,42,Male,Bag,Clothing,81,Bangalore,S,Blue,Summer,4.7,No,Standard,No,No,0,Card,Monthly
974,42,Female,Shoes,Accessories,206,Lucknow,S,Red,Summer,1.5,Yes,Express,No,No,46,Net Banking,Weekly
975,25,Male,Bag,Accessories,200,Delhi,M,Blue,Autumn,3.2,No,Next Day,No,No,23,Net Banking,Monthly
976,29,Female,Shirt,Accessories,458,Delhi,S,White,Spring,2.6,Yes,Express,No,Yes,7,Net Banking,Monthly
977,22,Male,Jeans,Accessories,43,Bangalore,S,Black,Spring,1.5,No,Standard,No,Yes,30,Card,Monthly
978,47,Male,Watch,Clothing,181,Mumbai,S,Blue,Autumn,2.2,Yes,Next Day,Yes,Yes,19,Cash,Weekly
979,36,Female,Shirt,Accessories,369,Bangalore,M,White,Spring,3.5,No,Express,Yes,No,8,Card,Quarterly
980,47,Female,Bag,Footwear,132,Mumbai,S,White,Summer,1.1,No,Standard,Yes,No,22,Cash,Weekly
981,48,Male,Bag,Accessories,490,Lucknow,M,Blue,Autumn,4.9,No,Standard,No,No,29,Net Banking,Weekly
982,54,Female,Shoes,Footwear,374,Mumbai,L,Red,Summer,4.6,No,Express,No,No,32,UPI,Monthly
983,46,Male,Shirt,Footwear,473,Mumbai,M,Black,Winter,1.3,Yes,Standard,No,Yes,11,UPI,Weekly
984,51,Male,Watch,Footwear,475,Delhi,S,Black,Winter,4.5,No,Standard,No,Yes,30,Net Banking,Monthly
985,48,Male,Shoes,Clothing,63,Delhi,L,White,Spring,2.3,No,Standard,Yes,No,39,Card,Monthly
986,51,Male,Bag,Footwear,234,Delhi,S,Red,Spring,1.3,Yes,Express,No,Yes,31,Cash,Quarterly
987,50,Female,Shoes,Accessories,374,Lucknow,L,Black,Winter,2.2,No,Next Day,No,Yes,47,UPI,Quarterly
988,34,Female,Watch,Accessories,14,Mumbai,M,White,Spring,4.2,No,Express,Yes,No,47,Card,Weekly
989,30,Male,Shirt,Accessories,231,Delhi,M,Blue,Summer,3.7,No,Next Day,No,Yes,24,Cash,Weekly
990,58,Male,Shoes,Clothing,347,Mumbai,S,Red,Winter,2,Yes,Express,No,Yes,19,Net Banking,Monthly
991,35,Female,Bag,Footwear,398,Bangalore,M,White,Autumn,3.9,No,Express,Yes,Yes,22,Cash,Weekly
992,46,Female,Bag,Accessories,213,Lucknow,S,White,Summer,3.8,No,Express,Yes,No,24,Cash,Quarterly
993,28,Male,Watch,Footwear,432,Lucknow,L,Black,Spring,4,No,Standard,Yes,Yes,8,Cash,Quarterly
994,40,Male,Shirt,Footwear,340,Delhi,S,Blue,Summer,3.2,No,Next Day,Yes,No,48,Card,Monthly
995,45,Male,Bag,Accessories,32,Lucknow,L,Blue,Autumn,4.3,Yes,Standard,Yes,No,28,Card,Quarterly
996,50,Male,Watch,Footwear,146,Mumbai,M,White,Spring,3.6,No,Next Day,No,Yes,6,Cash,Monthly
997,45,Female,Shoes,Accessories,469,Lucknow,L,White,Autumn,1.5,Yes,Express,No,No,45,Cash,Monthly
998,36,Female,Shirt,Accessories,11,Delhi,L,Red,Summer,4.2,Yes,Standard,No,No,47,Card,Quarterly
999,68,Female,Jeans,Footwear,62,Bangalore,L,Black,Summer,2.3,Yes,Express,Yes,No,28,Card,Monthly
1000,44,Female,Watch,Footwear,178,Lucknow,XL,White,Winter,3.8,No,Standard,No,No,47,Card,Quarterly
1001,60,Male,Watch,Footwear,496,Delhi,L,Red,Winter,3.7,No,Express,Yes,Yes,48,Cash,Weekly
1002,56,Female,Watch,Footwear,355,Lucknow,XL,Blue,Autumn,2.3,Yes,Standard,Yes,Yes,47,UPI,Monthly
1003,47,Female,Watch,Accessories,82,Delhi,M,Blue,Autumn,1.6,No,Express,Yes,No,48,Cash,Quarterly
1004,64,Female,Watch,Footwear,202,Lucknow,XL,Blue,Summer,3.8,Yes,Standard,Yes,No,3,Cash,Quarterly
1005,24,Male,Bag,Clothing,470,Bangalore,M,Blue,Spring,4.4,No,Standard,No,Yes,1,Card,Weekly
1006,65,Female,Shirt,Footwear,117,Lucknow,L,White,Summer,4.4,No,Standard,No,Yes,28,UPI,Weekly
1007,62,Male,Bag,Accessories,291,Lucknow,M,White,Spring,3.5,No,Standard,No,No,37,Card,Monthly
1008,44,Female,Shoes,Accessories,237,Mumbai,XL,Black,Summer,1.9,Yes,Next Day,No,Yes,41,Card,Weekly
1009,56,Female,Watch,Footwear,382,Mumbai,M,White,Summer,2.3,Yes,Next Day,No,Yes,32,Net Banking,Quarterly
1010,45,Female,Bag,Clothing,378,Bangalore,L,Blue,Autumn,4,Yes,Next Day,No,No,15,UPI,Monthly
1011,31,Female,Jeans,Footwear,418,Delhi,S,White,Summer,2.6,No,Next Day,Yes,Yes,46,Net Banking,Quarterly
1012,59,Female,Bag,Accessories,68,Mumbai,L,White,Summer,3.9,No,Standard,Yes,No,29,Card,Weekly
1013,30,Male,Bag,Accessories,232,Delhi,S,Red,Autumn,2.2,Yes,Next Day,No,No,34,UPI,Weekly
1014,34,Female,Jeans,Clothing,348,Lucknow,M,Red,Spring,1,No,Next Day,No,No,12,Cash,Weekly
1015,45,Female,Bag,Accessories,215,Delhi,S,Red,Spring,3.4,No,Standard,No,No,37,UPI,Weekly
1016,61,Male,Shoes,Footwear,336,Mumbai,M,White,Autumn,3.4,No,Next Day,Yes,Yes,6,UPI,Weekly
1017,37,Male,Shoes,Clothing,321,Mumbai,M,Blue,Autumn,3.5,No,Next Day,No,No,43,Card,Quarterly
1018,43,Male,Jeans,Accessories,191,Mumbai,M,Red,Winter,2.1,Yes,Express,Yes,No,42,Card,Quarterly
1019,20,Female,Watch,Footwear,59,Lucknow,M,White,Autumn,4.2,Yes,Express,Yes,Yes,34,Net Banking,Monthly
1020,24,Female,Shirt,Accessories,485,Lucknow,S,White,Winter,2.9,No,Next Day,No,Yes,49,Card,Monthly
1021,20,Female,Bag,Accessories,414,Bangalore,L,Black,Autumn,4,No,Standard,Yes,No,45,Card,Weekly
1022,21,Female,Shoes,Accessories,448,Lucknow,XL,Blue,Winter,3.4,Yes,Next Day,Yes,No,3,UPI,Quarterly
1023,63,Female,Watch,Clothing,156,Delhi,M,Red,Spring,2.7,No,Standard,No,Yes,11,UPI,Quarterly
1024,61,Female,Shirt,Accessories,164,Lucknow,S,Red,Autumn,3.7,No,Next Day,No,Yes,6,UPI,Weekly
1025,60,Male,Watch,Footwear,168,Delhi,S,Red,Winter,3.3,No,Standard,Yes,No,16,Net Banking,Quarterly
1026,20,Male,Watch,Accessories,25,Delhi,L,White,Winter,3,Yes,Next Day,No,No,29,Net Banking,Monthly
1027,22,Male,Shoes,Accessories,93,Delhi,XL,Red,Summer,3.6,No,Express,Yes,No,7,UPI,Monthly
1028,32,Female,Shirt,Clothing,161,Delhi,XL,Red,Winter,1.3,Yes,Express,Yes,Yes,4,Card,Weekly
1029,47,Male,Watch,Footwear,493,Lucknow,M,White,Summer,4.6,Yes,Express,Yes,No,32,Card,Monthly
1030,35,Male,Shoes,Footwear,110,Mumbai,M,Black,Spring,2.3,No,Standard,Yes,Yes,31,Card,Weekly
1031,43,Male,Jeans,Footwear,258,Lucknow,S,Red,Winter,1.9,Yes,Next Day,Yes,No,18,Card,Weekly
1032,26,Female,Watch,Accessories,278,Mumbai,S,Blue,Summer,4.1,Yes,Next Day,No,Yes,35,Card,Quarterly
1033,56,Female,Jeans,Accessories,186,Delhi,XL,White,Spring,1.9,No,Express,Yes,Yes,29,UPI,Monthly
1034,34,Female,Bag,Accessories,460,Mumbai,M,Red,Spring,5,No,Standard,No,No,20,Cash,Weekly
1035,21,Male,Jeans,Clothing,55,Delhi,M,Red,Spring,2.7,Yes,Next Day,No,No,3,Net Banking,Weekly
1036,56,Female,Shirt,Clothing,436,Mumbai,M,White,Winter,2.2,Yes,Express,No,Yes,37,UPI,Quarterly
1037,64,Female,Shoes,Accessories,374,Bangalore,M,Black,Winter,1.2,Yes,Next Day,No,No,31,UPI,Quarterly
1038,18,Female,Shirt,Accessories,159,Lucknow,XL,Red,Winter,1.2,Yes,Standard,Yes,Yes,5,Cash,Quarterly
1039,40,Male,Watch,Clothing,386,Bangalore,XL,White,Spring,1.4,No,Express,No,Yes,9,Cash,Weekly
1040,61,Male,Bag,Footwear,220,Delhi,L,White,Winter,1,Yes,Express,No,Yes,15,Cash,Quarterly
1041,54,Female,Shoes,Accessories,485,Bangalore,M,Black,Autumn,2.3,No,Next Day,No,No,8,Card,Weekly
1042,62,Male,Shoes,Footwear,27,Bangalore,L,White,Summer,2.2,Yes,Standard,No,No,40,Card,Monthly
1043,39,Female,Watch,Clothing,24,Delhi,M,Black,Autumn,2.7,Yes,Express,Yes,No,46,Cash,Monthly
1044,37,Female,Shirt,Clothing,276,Lucknow,L,Blue,Winter,,Yes,Next Day,Yes,No,4,UPI,Quarterly
1045,54,Male,Bag,Clothing,466,Lucknow,S,White,Summer,1.3,No,Express,Yes,Yes,11,UPI,Quarterly
1046,25,Female,Watch,Footwear,41,Bangalore,L,Red,Spring,1.3,Yes,Express,Yes,No,14,Net Banking,Weekly
1047,30,Male,Shoes,Clothing,391,Mumbai,S,Red,Winter,1.7,Yes,Standard,Yes,Yes,49,Card,Weekly
1048,49,Female,Shoes,Footwear,469,Mumbai,L,Red,Spring,2.3,Yes,Express,No,No,31,UPI,Quarterly
1049,52,Male,Shoes,Footwear,248,Mumbai,L,White,Spring,1.6,No,Next Day,Yes,No,47,Cash,Weekly
1050,24,Male,Bag,Clothing,434,Delhi,S,Black,Autumn,2.5,No,Express,Yes,No,12,Cash,Weekly
1051,44,Male,Shoes,Accessories,380,Mumbai,L,Blue,Winter,4.7,Yes,Standard,Yes,Yes,3,Card,Weekly
1052,36,Male,Shoes,Clothing,114,Delhi,S,Blue,Winter,2,No,Express,Yes,Yes,24,Cash,Monthly
1053,44,Female,Bag,Accessories,428,Delhi,M,White,Winter,1.7,Yes,Express,Yes,No,40,UPI,Quarterly
1054,67,Male,Shirt,Clothing,352,Bangalore,S,Red,Winter,3.7,Yes,Next Day,No,Yes,41,UPI,Quarterly
1055,21,Male,Bag,Footwear,16,Delhi,L,Red,Spring,3,No,Standard,No,Yes,23,Cash,Monthly
1056,69,Male,Shirt,Footwear,288,Mumbai,L,White,Summer,1.2,Yes,Next Day,Yes,Yes,13,Net Banking,Weekly
1057,41,Male,Shirt,Clothing,330,Mumbai,M,White,Autumn,4.2,No,Next Day,No,Yes,2,Card,Quarterly
1058,58,Male,Shoes,Clothing,402,Delhi,XL,Blue,Summer,3.9,Yes,Next Day,No,Yes,21,Card,Quarterly
1059,40,Female,Shoes,Footwear,387,Lucknow,L,Blue,Autumn,4.9,Yes,Express,Yes,Yes,26,Net Banking,Monthly
1060,34,Female,Shirt,Accessories,243,Lucknow,L,Black,Summer,4.8,Yes,Express,No,No,0,Card,Monthly
1061,58,Male,Jeans,Accessories,156,Bangalore,S,Black,Summer,3.3,Yes,Express,No,Yes,46,Card,Monthly
1062,53,Female,Shoes,Footwear,103,Bangalore,L,Blue,Spring,3.7,Yes,Next Day,No,No,35,Cash,Quarterly
1063,25,Female,Jeans,Clothing,53,Delhi,L,Red,Autumn,2.6,No,Standard,No,Yes,16,UPI,Monthly
1064,54,Male,Jeans,Footwear,323,Lucknow,XL,White,Winter,4.6,Yes,Express,Yes,No,17,Net Banking,Weekly
1065,57,Female,Jeans,Accessories,480,Lucknow,L,Blue,Winter,3.2,No,Standard,Yes,Yes,17,Net Banking,Quarterly
1066,38,Male,Jeans,Accessories,49,Mumbai,S,Red,Summer,2.3,No,Express,Yes,No,43,Card,Monthly
1067,66,Male,Shirt,Accessories,354,Bangalore,L,White,Autumn,1,Yes,Next Day,No,Yes,36,Card,Monthly
1068,51,Male,Shoes,Footwear,296,Lucknow,S,Blue,Spring,3.3,No,Next Day,No,No,4,Cash,Weekly
1069,35,Male,Watch,Accessories,94,Bangalore,M,Black,Autumn,3.1,Yes,Standard,Yes,No,15,UPI,Quarterly
1070,18,Female,Bag,Clothing,114,Delhi,XL,White,Summer,4.2,Yes,Express,No,Yes,39,Card,Weekly
1071,53,Female,Shirt,Clothing,149,Mumbai,XL,Red,Winter,1.7,Yes,Standard,Yes,Yes,17,UPI,Weekly
1072,28,Male,Bag,Footwear,345,Delhi,XL,Black,Autumn,4.3,Yes,Express,Yes,Yes,40,Cash,Quarterly
1073,57,Female,Jeans,Accessories,156,Mumbai,M,Blue,Spring,1.1,No,Standard,Yes,No,25,Net Banking,Weekly
1074,45,Female,Jeans,Clothing,415,Lucknow,L,Blue,Winter,3.3,Yes,Next Day,Yes,No,38,UPI,Quarterly
1075,42,Female,Shoes,Clothing,191,Delhi,L,Black,Autumn,2.6,No,Express,Yes,Yes,26,Net Banking,Weekly
1076,26,Female,Shoes,Clothing,63,Lucknow,S,Blue,Spring,2.3,Yes,Standard,No,No,36,UPI,Quarterly
1077,54,Female,Shoes,Footwear,56,Mumbai,XL,White,Summer,2.7,Yes,Next Day,Yes,No,21,Cash,Quarterly
1078,26,Male,Shoes,Footwear,206,Mumbai,XL,Red,Spring,1.9,No,Next Day,Yes,Yes,11,Net Banking,Quarterly
1079,39,Female,Shoes,Accessories,209,Bangalore,S,White,Summer,1.7,Yes,Express,Yes,Yes,44,Net Banking,Quarterly
1080,61,Female,Shoes,Clothing,369,Delhi,XL,White,Winter,4.2,Yes,Express,No,Yes,20,Cash,Quarterly
1081,65,Female,Bag,Accessories,244,Delhi,M,Blue,Winter,1.9,No,Standard,No,No,0,Net Banking,Monthly
1082,69,Female,Shirt,Clothing,90,Mumbai,L,Black,Autumn,3.9,Yes,Express,No,No,19,Card,Monthly
1083,67,Male,Shoes,Accessories,114,Delhi,L,Black,Summer,3.8,No,Next Day,Yes,Yes,20,Net Banking,Weekly
1084,46,Male,Shoes,Accessories,287,Lucknow,S,White,Summer,1.1,Yes,Next Day,Yes,No,12,Net Banking,Monthly
1085,28,Male,Shirt,Footwear,173,Bangalore,S,Blue,Winter,4.5,Yes,Next Day,Yes,No,43,Net Banking,Monthly
1086,61,Male,Jeans,Clothing,339,Lucknow,L,Red,Spring,4.2,No,Standard,No,No,24,UPI,Quarterly
1087,59,Female,Watch,Clothing,462,Lucknow,XL,Blue,Winter,4.2,Yes,Next Day,Yes,Yes,18,UPI,Quarterly
1088,69,Female,Jeans,Clothing,183,Mumbai,XL,White,Winter,4.2,Yes,Standard,No,No,34,Cash,Monthly
1089,51,Female,Bag,Accessories,280,Lucknow,M,Red,Winter,3.3,No,Standard,Yes,No,31,Card,Weekly
1090,25,Female,Shirt,Accessories,417,Delhi,XL,White,Autumn,5,No,Express,No,Yes,23,Cash,Weekly
1091,44,Female,Jeans,Clothing,113,Mumbai,M,Blue,Winter,1.7,No,Express,Yes,Yes,48,UPI,Monthly
1092,41,Female,Bag,Footwear,260,Bangalore,L,White,Spring,1.3,Yes,Standard,No,No,48,Net Banking,Monthly
1093,61,Female,Watch,Accessories,159,Mumbai,M,Red,Winter,3.8,No,Standard,Yes,No,23,Cash,Quarterly
1094,38,Female,Shoes,Footwear,317,Bangalore,L,Black,Spring,2.2,Yes,Standard,Yes,No,35,UPI,Weekly
1095,35,Female,Bag,Accessories,374,Lucknow,L,Black,Spring,3.4,No,Express,No,No,2,Card,Monthly
1096,22,Male,Bag,Clothing,79,Mumbai,L,Blue,Spring,2.6,Yes,Next Day,No,No,22,Cash,Quarterly
1097,61,Female,Shoes,Clothing,101,Mumbai,M,Black,Autumn,2.3,No,Next Day,No,Yes,22,Cash,Monthly
1098,57,Female,Bag,Accessories,21,Bangalore,L,White,Spring,4.6,No,Standard,Yes,No,20,Cash,Weekly
1099,20,Female,Watch,Accessories,15,Lucknow,L,Black,Autumn,1.6,Yes,Standard,No,Yes,42,Card,Weekly
1100,40,Male,Shirt,Footwear,34,Lucknow,M,Red,Spring,1.8,Yes,Express,Yes,No,29,UPI,Monthly
1101,42,Male,Shirt,Footwear,356,Lucknow,L,Red,Autumn,3.7,Yes,Next Day,No,No,23,Net Banking,Monthly
1102,42,Male,Jeans,Clothing,452,Delhi,S,Red,Spring,4.1,Yes,Standard,No,Yes,21,Net Banking,Quarterly
1103,65,Female,Bag,Clothing,210,Delhi,XL,Red,Autumn,4.3,Yes,Express,No,No,30,UPI,Quarterly
1104,25,Female,Jeans,Clothing,442,Bangalore,S,White,Spring,1.9,Yes,Standard,Yes,No,11,UPI,Quarterly
1105,33,Female,Watch,Clothing,367,Mumbai,XL,White,Winter,4.5,Yes,Express,No,Yes,12,Cash,Weekly
1106,27,Female,Watch,Clothing,405,Bangalore,XL,White,Summer,3.4,Yes,Express,No,No,26,Card,Monthly
1107,30,Male,Jeans,Clothing,372,Lucknow,XL,Blue,Autumn,4.3,Yes,Standard,Yes,No,15,Net Banking,Weekly
1108,65,Female,Watch,Accessories,107,Bangalore,S,Red,Summer,1.3,Yes,Next Day,Yes,Yes,33,Cash,Quarterly
1109,66,Female,Shoes,Clothing,266,Mumbai,S,Black,Autumn,2.4,Yes,Next Day,No,No,45,Net Banking,Weekly
1110,20,Male,Bag,Clothing,267,Lucknow,S,White,Summer,3.1,No,Express,Yes,No,17,Card,Monthly
1111,50,Female,Shoes,Clothing,324,Mumbai,M,Black,Spring,3.3,No,Next Day,Yes,No,28,Card,Weekly
1112,30,Male,Shoes,Footwear,400,Bangalore,XL,Black,Winter,1.4,No,Standard,No,Yes,14,Net Banking,Weekly
1113,28,Female,Watch,Accessories,65,Delhi,XL,White,Autumn,3.2,No,Next Day,No,No,39,UPI,Monthly
1114,33,Female,Shirt,Footwear,340,Bangalore,L,White,Summer,3.7,No,Express,Yes,No,10,UPI,Monthly
1115,28,Female,Watch,Clothing,418,Mumbai,XL,Black,Spring,,No,Express,No,No,26,UPI,Quarterly
1116,43,Female,Bag,Clothing,66,Delhi,S,White,Winter,3,No,Express,Yes,Yes,18,UPI,Monthly
1117,69,Male,Shoes,Accessories,213,Delhi,XL,Black,Summer,2.2,Yes,Express,Yes,Yes,38,Net Banking,Weekly
1118,48,Female,Shirt,Accessories,448,Bangalore,M,Black,Winter,4.5,Yes,Express,Yes,Yes,12,Cash,Weekly
1119,55,Female,Watch,Clothing,21,Delhi,L,White,Winter,3.4,No,Next Day,Yes,No,10,Card,Weekly
1120,43,Female,Jeans,Clothing,88,Delhi,XL,Black,Winter,3.2,No,Standard,No,Yes,38,Net Banking,Monthly
1121,18,Female,Watch,Accessories,403,Delhi,L,Black,Autumn,4.8,No,Next Day,Yes,Yes,27,UPI,Weekly
1122,22,Male,Bag,Clothing,94,Delhi,M,White,Spring,3.7,Yes,Standard,No,No,31,Cash,Weekly
1123,31,Female,Watch,Accessories,353,Mumbai,L,Red,Spring,2.1,Yes,Standard,Yes,Yes,39,UPI,Weekly
1124,30,Male,Bag,Footwear,451,Mumbai,M,Red,Spring,3.6,Yes,Express,No,Yes,14,Card,Quarterly
1125,61,Female,Shoes,Accessories,254,Bangalore,L,White,Summer,4.8,No,Express,Yes,No,12,UPI,Quarterly
1126,61,Male,Shoes,Accessories,247,Bangalore,M,Black,Autumn,1.1,No,Express,No,No,49,UPI,Monthly
1127,62,Male,Shoes,Accessories,220,Bangalore,M,White,Winter,3.5,No,Standard,No,Yes,5,Card,Monthly
1128,51,Male,Jeans,Footwear,192,Lucknow,S,Blue,Spring,1.6,Yes,Next Day,No,No,32,Net Banking,Weekly
1129,46,Female,Watch,Accessories,196,Delhi,M,Red,Autumn,4.3,No,Express,No,No,19,Net Banking,Monthly
1130,51,Male,Shirt,Accessories,281,Bangalore,L,Blue,Spring,3.6,Yes,Express,Yes,Yes,7,Net Banking,Monthly
1131,39,Male,Jeans,Footwear,448,Delhi,XL,Blue,Summer,4.7,Yes,Next Day,Yes,Yes,47,Card,Weekly
1132,52,Female,Shirt,Clothing,490,Lucknow,S,Blue,Spring,3.7,No,Next Day,Yes,Yes,41,Cash,Quarterly
1133,59,Male,Bag,Clothing,434,Mumbai,S,Red,Summer,1.1,Yes,Express,Yes,No,11,Cash,Quarterly
1134,57,Male,Shirt,Accessories,68,Mumbai,L,White,Autumn,3,Yes,Express,No,Yes,37,Cash,Quarterly
1135,49,Male,Shoes,Clothing,160,Delhi,L,Black,Autumn,4.6,No,Standard,Yes,No,38,Net Banking,Weekly
1136,21,Male,Watch,Clothing,380,Bangalore,S,Red,Winter,1.9,Yes,Express,Yes,No,25,UPI,Quarterly
1137,55,Female,Jeans,Clothing,277,Mumbai,M,White,Autumn,1.3,No,Standard,No,Yes,47,UPI,Weekly
1138,37,Female,Jeans,Footwear,173,Lucknow,S,Red,Summer,3.9,No,Express,No,No,11,UPI,Quarterly
1139,56,Female,Jeans,Accessories,162,Delhi,S,White,Winter,3,Yes,Express,No,Yes,3,Cash,Weekly
1140,46,Male,Shoes,Footwear,67,Mumbai,S,Black,Winter,1.2,Yes,Standard,Yes,Yes,40,UPI,Monthly
1141,63,Male,Shirt,Clothing,172,Lucknow,L,Blue,Winter,2.1,No,Express,Yes,Yes,17,UPI,Quarterly
1142,35,Male,Jeans,Accessories,216,Lucknow,XL,Blue,Winter,2.3,Yes,Next Day,No,Yes,6,Card,Monthly
1143,66,Male,Jeans,Accessories,213,Lucknow,M,Red,Winter,3.7,Yes,Express,No,No,48,Cash,Weekly
1144,61,Female,Shoes,Accessories,278,Bangalore,S,Blue,Spring,2.9,Yes,Express,Yes,No,20,Card,Monthly
1145,35,Female,Shirt,Footwear,143,Lucknow,XL,Blue,Autumn,2.9,Yes,Express,No,No,43,UPI,Weekly
1146,43,Male,Watch,Footwear,110,Delhi,M,White,Summer,4.2,No,Express,No,Yes,40,Cash,Quarterly
1147,45,Female,Shirt,Accessories,444,Lucknow,S,Black,Summer,2.1,Yes,Standard,No,No,15,UPI,Monthly
1148,57,Female,Shirt,Footwear,208,Bangalore,S,White,Spring,3.7,No,Express,No,Yes,40,Cash,Weekly
1149,53,Male,Jeans,Clothing,134,Mumbai,M,Black,Spring,2.5,No,Standard,Yes,No,23,UPI,Weekly
1150,62,Female,Bag,Clothing,321,Delhi,L,Blue,Winter,2.7,No,Next Day,Yes,Yes,31,Card,Monthly
1151,37,Male,Shirt,Footwear,275,Bangalore,M,Red,Winter,3.2,No,Express,Yes,Yes,14,Net Banking,Weekly
1152,44,Male,Watch,Clothing,292,Delhi,M,White,Autumn,3.8,Yes,Standard,Yes,No,0,Net Banking,Weekly
1153,40,Female,Shoes,Clothing,118,Bangalore,M,White,Spring,4.8,Yes,Express,Yes,No,9,Card,Monthly
1154,65,Female,Bag,Clothing,364,Delhi,XL,Black,Autumn,2.1,Yes,Next Day,No,Yes,16,Card,Quarterly
1155,33,Male,Jeans,Clothing,104,Mumbai,L,Red,Spring,1.4,No,Next Day,No,Yes,27,UPI,Weekly
1156,48,Female,Shoes,Accessories,419,Delhi,L,Blue,Autumn,2.7,Yes,Standard,Yes,No,42,Cash,Monthly
1157,24,Female,Watch,Clothing,217,Mumbai,M,White,Spring,3.2,Yes,Standard,Yes,Yes,8,Card,Monthly
1158,62,Female,Jeans,Accessories,210,Mumbai,L,White,Summer,1.9,No,Standard,Yes,Yes,36,Net Banking,Quarterly
1159,37,Male,Bag,Footwear,200,Delhi,XL,Black,Spring,4.6,No,Express,No,Yes,37,Card,Quarterly
1160,35,Female,Jeans,Clothing,217,Lucknow,L,Blue,Winter,4.2,No,Next Day,No,Yes,40,Net Banking,Quarterly
1161,48,Female,Bag,Footwear,336,Lucknow,XL,White,Autumn,3,Yes,Next Day,Yes,Yes,40,Card,Monthly
1162,43,Female,Bag,Accessories,253,Mumbai,S,White,Winter,2.8,No,Standard,Yes,No,3,Net Banking,Weekly
1163,62,Female,Jeans,Accessories,72,Delhi,XL,Red,Spring,1.2,No,Standard,Yes,Yes,10,Net Banking,Quarterly
1164,45,Female,Watch,Accessories,287,Lucknow,XL,Black,Autumn,3.1,Yes,Express,Yes,Yes,47,Net Banking,Quarterly
1165,44,Female,Jeans,Clothing,140,Bangalore,L,Blue,Summer,3.4,Yes,Express,Yes,No,31,Net Banking,Monthly
1166,23,Female,Watch,Clothing,63,Bangalore,XL,White,Summer,4.6,No,Express,Yes,Yes,11,UPI,Monthly
1167,19,Female,Watch,Accessories,421,Bangalore,L,Red,Winter,3,Yes,Express,No,No,49,Cash,Quarterly
1168,38,Male,Shoes,Footwear,163,Delhi,M,Black,Spring,1.6,Yes,Next Day,Yes,Yes,16,Cash,Monthly
1169,69,Male,Shoes,Accessories,301,Mumbai,L,Blue,Winter,1.7,No,Express,No,No,14,Card,Weekly
1170,65,Female,Jeans,Accessories,94,Delhi,L,Black,Spring,1.6,Yes,Next Day,No,No,42,Net Banking,Weekly
1171,50,Female,Watch,Accessories,176,Bangalore,S,Blue,Summer,4.8,No,Next Day,Yes,No,48,Cash,Monthly
1172,50,Female,Shoes,Accessories,199,Lucknow,S,Blue,Spring,4.2,Yes,Express,Yes,No,20,UPI,Monthly
1173,38,Male,Shoes,Clothing,75,Bangalore,M,Red,Autumn,4.3,No,Next Day,No,No,32,Card,Weekly
1174,27,Female,Watch,Accessories,486,Bangalore,L,White,Autumn,4.4,No,Next Day,Yes,No,32,Cash,Monthly
1175,18,Male,Shirt,Footwear,162,Bangalore,S,Red,Autumn,1.4,Yes,Standard,Yes,No,11,Net Banking,Weekly
1176,35,Male,Shirt,Clothing,295,Lucknow,XL,Red,Winter,3.8,No,Standard,No,Yes,27,Card,Quarterly
1177,34,Male,Watch,Footwear,287,Delhi,S,Blue,Winter,3.8,Yes,Standard,Yes,Yes,2,Net Banking,Monthly
1178,27,Male,Shoes,Footwear,220,Mumbai,XL,Red,Winter,1.9,Yes,Express,No,Yes,43,Cash,Quarterly
1179,31,Female,Watch,Clothing,296,Mumbai,L,White,Summer,3,No,Next Day,Yes,No,41,Net Banking,Weekly
1180,19,Female,Bag,Accessories,287,Bangalore,M,Black,Spring,3.6,No,Next Day,Yes,Yes,7,Card,Monthly
1181,49,Male,Jeans,Footwear,49,Mumbai,M,Blue,Spring,4.6,No,Express,Yes,Yes,30,Card,Weekly
1182,66,Female,Bag,Accessories,337,Lucknow,L,Black,Summer,,Yes,Next Day,No,Yes,4,Cash,Weekly
1183,53,Male,Jeans,Footwear,65,Mumbai,S,Black,Autumn,4.6,Yes,Standard,No,No,4,UPI,Weekly
1184,41,Male,Jeans,Footwear,223,Lucknow,L,Black,Spring,4.7,Yes,Express,No,Yes,31,UPI,Weekly
1185,39,Female,Shoes,Accessories,188,Lucknow,L,Red,Winter,4.7,Yes,Express,Yes,Yes,39,Cash,Quarterly
1186,33,Male,Jeans,Footwear,229,Delhi,S,White,Winter,1,Yes,Next Day,Yes,No,42,Card,Weekly
1187,25,Female,Watch,Footwear,45,Lucknow,XL,White,Spring,1.9,Yes,Next Day,No,No,16,UPI,Monthly
1188,49,Male,Shirt,Footwear,353,Lucknow,L,Black,Winter,3.8,Yes,Express,Yes,No,46,UPI,Quarterly
1189,47,Male,Shirt,Footwear,215,Delhi,S,Red,Autumn,2.3,No,Express,Yes,No,26,UPI,Monthly
1190,18,Female,Shoes,Clothing,39,Mumbai,L,Blue,Summer,1.2,No,Next Day,No,No,19,Cash,Monthly
1191,39,Female,Shirt,Clothing,11,Lucknow,M,Blue,Autumn,4.1,Yes,Express,No,No,17,Card,Quarterly
1192,32,Male,Shoes,Clothing,274,Lucknow,XL,Red,Autumn,1.1,Yes,Standard,Yes,No,36,Net Banking,Quarterly
1193,26,Male,Jeans,Clothing,336,Mumbai,M,Red,Summer,2.8,Yes,Express,Yes,No,18,Cash,Weekly
1194,54,Female,Bag,Footwear,278,Bangalore,XL,Red,Autumn,4.8,Yes,Express,Yes,No,19,Card,Quarterly
1195,45,Male,Shirt,Accessories,363,Delhi,XL,Black,Spring,2.8,No,Express,No,Yes,19,Cash,Weekly
1196,50,Male,Bag,Accessories,380,Bangalore,S,Blue,Summer,4.6,Yes,Next Day,No,Yes,15,Card,Monthly
1197,55,Female,Shoes,Clothing,437,Bangalore,M,Blue,Winter,2.6,Yes,Express,Yes,Yes,19,Card,Quarterly
1198,69,Male,Jeans,Footwear,491,Mumbai,S,Black,Spring,2.4,No,Standard,Yes,No,1,Cash,Monthly
1199,59,Female,Shirt,Accessories,443,Mumbai,M,Black,Autumn,1.4,Yes,Express,Yes,No,43,Card,Monthly
1200,50,Male,Watch,Footwear,399,Lucknow,S,Blue,Summer,2.4,No,Express,Yes,Yes,12,Cash,Quarterly
1201,63,Female,Bag,Clothing,221,Mumbai,L,Black,Summer,2.3,Yes,Standard,Yes,No,22,UPI,Monthly
1202,42,Female,Shirt,Clothing,256,Mumbai,S,Red,Spring,4.4,No,Next Day,Yes,No,8,UPI,Monthly
1203,69,Male,Watch,Clothing,311,Mumbai,L,Black,Autumn,4.7,Yes,Standard,No,No,26,Cash,Monthly
1204,57,Male,Bag,Clothing,93,Mumbai,M,Black,Autumn,1.1,Yes,Express,No,Yes,13,Cash,Weekly
1205,51,Male,Watch,Footwear,342,Mumbai,XL,White,Autumn,1.4,Yes,Next Day,No,No,8,Card,Weekly
1206,64,Female,Watch,Accessories,298,Bangalore,XL,Red,Summer,3.6,Yes,Standard,No,No,14,Net Banking,Quarterly
1207,44,Female,Watch,Accessories,264,Lucknow,L,Red,Autumn,2.9,Yes,Express,No,Yes,45,Cash,Weekly
1208,55,Female,Bag,Clothing,418,Bangalore,M,Black,Autumn,2.2,Yes,Standard,Yes,No,42,UPI,Quarterly
1209,32,Male,Shirt,Clothing,346,Delhi,L,Black,Autumn,2,No,Express,No,Yes,39,Card,Quarterly
1210,68,Male,Shirt,Footwear,466,Mumbai,L,White,Autumn,1.9,No,Standard,Yes,Yes,10,UPI,Quarterly
1211,50,Female,Bag,Footwear,488,Bangalore,S,White,Summer,3.1,Yes,Next Day,Yes,Yes,32,Cash,Weekly
1212,58,Female,Shoes,Footwear,414,Bangalore,M,White,Autumn,1.1,Yes,Standard,No,Yes,40,Card,Quarterly
1213,41,Female,Watch,Footwear,155,Lucknow,XL,White,Autumn,4,Yes,Express,No,Yes,32,UPI,Quarterly
1214,63,Male,Bag,Accessories,102,Mumbai,M,Black,Winter,2.2,No,Standard,No,No,42,Net Banking,Quarterly
1215,21,Male,Jeans,Clothing,156,Mumbai,S,White,Summer,2.7,No,Express,No,No,10,Card,Monthly
1216,23,Male,Shirt,Footwear,359,Bangalore,XL,Blue,Summer,3.1,No,Next Day,No,Yes,23,Net Banking,Monthly
1217,44,Male,Shoes,Footwear,433,Delhi,XL,Red,Autumn,1.8,No,Next Day,No,Yes,16,Card,Monthly
1218,56,Male,Watch,Accessories,441,Bangalore,L,Blue,Autumn,4.5,No,Standard,Yes,Yes,36,Cash,Weekly
1219,60,Female,Shirt,Clothing,345,Lucknow,L,Red,Summer,3.7,No,Next Day,Yes,No,6,Net Banking,Monthly
1220,40,Male,Shoes,Footwear,343,Bangalore,M,White,Spring,4.5,No,Next Day,Yes,Yes,15,Net Banking,Quarterly
1221,51,Female,Watch,Footwear,476,Mumbai,M,White,Autumn,2.9,No,Express,No,Yes,35,Cash,Weekly
1222,46,Female,Bag,Clothing,346,Lucknow,XL,Red,Autumn,2.7,Yes,Next Day,Yes,Yes,0,Card,Weekly
1223,67,Female,Watch,Clothing,79,Bangalore,XL,Blue,Winter,1.9,No,Standard,Yes,No,12,Card,Quarterly
1224,52,Female,Bag,Footwear,255,Bangalore,M,Red,Autumn,3.2,Yes,Standard,No,No,35,Cash,Quarterly
1225,39,Male,Jeans,Clothing,185,Lucknow,M,Blue,Autumn,3.4,No,Next Day,Yes,Yes,11,Cash,Monthly
1226,68,Female,Jeans,Footwear,322,Delhi,S,Black,Spring,2.7,Yes,Next Day,No,No,30,Net Banking,Monthly
1227,23,Male,Jeans,Footwear,321,Lucknow,S,Red,Summer,1.6,Yes,Next Day,Yes,No,20,Net Banking,Weekly
1228,69,Female,Shirt,Clothing,154,Bangalore,M,Black,Spring,2.1,Yes,Standard,Yes,No,23,Net Banking,Quarterly
1229,26,Female,Bag,Clothing,156,Bangalore,L,Blue,Autumn,1.1,No,Standard,Yes,No,17,Cash,Monthly
1230,32,Female,Shirt,Accessories,53,Delhi,L,Red,Autumn,2.3,No,Express,No,No,44,Cash,Quarterly
1231,60,Male,Shoes,Accessories,153,Lucknow,XL,White,Winter,3.3,Yes,Standard,No,No,36,Cash,Monthly
1232,56,Male,Shoes,Footwear,415,Delhi,M,Red,Autumn,4.8,Yes,Next Day,No,No,36,Card,Quarterly
1233,68,Male,Watch,Accessories,331,Lucknow,S,White,Winter,1.7,Yes,Next Day,Yes,No,39,UPI,Quarterly
1234,56,Male,Bag,Clothing,472,Lucknow,XL,White,Autumn,1.2,No,Next Day,No,No,21,Card,Weekly
1235,51,Female,Jeans,Footwear,463,Mumbai,XL,Black,Winter,2.2,No,Next Day,Yes,No,5,UPI,Quarterly
1236,36,Male,Shoes,Footwear,429,Mumbai,L,White,Summer,1.6,No,Standard,Yes,Yes,2,Card,Monthly
1237,18,Male,Watch,Accessories,98,Delhi,S,Blue,Autumn,3.8,Yes,Next Day,Yes,Yes,24,Net Banking,Monthly
1238,24,Female,Watch,Footwear,173,Mumbai,M,Red,Autumn,1,Yes,Standard,Yes,No,43,Net Banking,Weekly
1239,33,Male,Jeans,Footwear,38,Delhi,L,Black,Autumn,4.9,No,Standard,Yes,Yes,24,Cash,Weekly
1240,20,Female,Shoes,Footwear,55,Lucknow,XL,Red,Autumn,4.4,Yes,Standard,No,Yes,49,UPI,Weekly
1241,44,Male,Watch,Footwear,123,Bangalore,L,Red,Winter,3,No,Next Day,Yes,Yes,26,Card,Weekly
1242,58,Male,Shirt,Accessories,147,Delhi,M,White,Spring,4.7,Yes,Next Day,Yes,Yes,31,Cash,Monthly
1243,68,Female,Bag,Clothing,17,Lucknow,M,White,Summer,3.5,Yes,Express,Yes,Yes,3,Card,Monthly
1244,43,Female,Bag,Accessories,422,Delhi,M,White,Autumn,5,Yes,Standard,Yes,No,38,Card,Quarterly
1245,63,Female,Jeans,Footwear,268,Bangalore,S,Red,Autumn,2.1,No,Express,No,Yes,44,Card,Quarterly
1246,69,Female,Watch,Footwear,331,Delhi,S,White,Autumn,5,No,Express,Yes,No,25,UPI,Quarterly
1247,62,Male,Jeans,Footwear,330,Delhi,XL,Black,Spring,1.7,Yes,Express,Yes,No,45,Cash,Quarterly
1248,42,Female,Jeans,Accessories,483,Delhi,M,White,Winter,2.4,No,Express,No,No,11,UPI,Monthly
1249,34,Male,Bag,Accessories,82,Mumbai,XL,Black,Autumn,4.7,No,Standard,No,No,24,Net Banking,Quarterly
1250,68,Female,Watch,Clothing,177,Bangalore,M,Blue,Summer,2.5,No,Express,Yes,Yes,45,Cash,Quarterly
1251,30,Male,Shirt,Clothing,161,Lucknow,XL,White,Winter,1.8,No,Next Day,Yes,Yes,30,Net Banking,Quarterly
1252,39,Female,Bag,Clothing,280,Lucknow,S,Red,Summer,1.2,Yes,Express,No,Yes,34,UPI,Weekly
1253,21,Male,Shirt,Footwear,267,Bangalore,S,White,Spring,1.6,Yes,Standard,No,No,20,UPI,Quarterly
1254,59,Female,Watch,Footwear,397,Bangalore,L,Red,Winter,2.4,No,Express,No,Yes,27,Card,Weekly
1255,51,Female,Jeans,Clothing,284,Mumbai,XL,Red,Summer,2.7,No,Express,No,Yes,18,Card,Weekly
1256,22,Female,Watch,Accessories,124,Mumbai,S,Black,Winter,3.2,No,Express,No,Yes,34,Card,Quarterly
1257,29,Female,Jeans,Accessories,286,Lucknow,L,White,Autumn,4.3,No,Express,Yes,Yes,2,Card,Monthly
1258,46,Male,Shoes,Clothing,482,Bangalore,S,Red,Spring,1.1,No,Express,No,Yes,25,Net Banking,Quarterly
1259,46,Male,Jeans,Accessories,293,Bangalore,L,Red,Summer,4.4,No,Standard,No,Yes,46,Cash,Quarterly
1260,59,Female,Bag,Accessories,300,Delhi,L,Blue,Winter,3.3,No,Express,No,No,2,Cash,Quarterly
1261,31,Male,Watch,Footwear,96,Mumbai,L,White,Winter,4,Yes,Standard,No,No,22,UPI,Weekly
1262,66,Male,Watch,Footwear,13,Bangalore,M,Blue,Spring,4,No,Express,No,No,33,Cash,Weekly
1263,41,Male,Watch,Clothing,112,Mumbai,M,Black,Winter,4.6,Yes,Express,Yes,No,4,Cash,Weekly
1264,60,Female,Shoes,Accessories,22,Bangalore,L,Black,Winter,1.4,Yes,Express,No,Yes,0,Net Banking,Monthly
1265,30,Male,Watch,Footwear,231,Lucknow,M,Red,Autumn,3.3,Yes,Express,No,Yes,8,Net Banking,Quarterly
1266,19,Male,Watch,Footwear,442,Delhi,L,Red,Spring,4.6,No,Next Day,No,Yes,11,Cash,Weekly
1267,20,Female,Jeans,Footwear,228,Lucknow,S,Black,Autumn,3.9,No,Standard,Yes,No,43,Net Banking,Monthly
1268,37,Male,Bag,Footwear,326,Lucknow,M,Red,Summer,1.4,Yes,Express,No,Yes,7,Cash,Quarterly
1269,67,Male,Bag,Clothing,429,Mumbai,S,White,Spring,3.5,Yes,Express,No,No,32,Net Banking,Monthly
1270,20,Male,Bag,Footwear,383,Lucknow,S,Red,Winter,4.2,Yes,Express,Yes,No,17,Cash,Weekly
1271,37,Female,Shirt,Footwear,328,Delhi,M,White,Autumn,2.1,Yes,Express,Yes,No,26,Net Banking,Weekly
1272,23,Male,Shirt,Footwear,394,Mumbai,M,Black,Spring,3.5,Yes,Standard,No,Yes,45,Card,Monthly
1273,66,Female,Shirt,Footwear,147,Delhi,S,Blue,Summer,4.4,No,Standard,Yes,Yes,42,Card,Monthly
1274,53,Male,Watch,Clothing,216,Bangalore,S,Red,Winter,3.1,Yes,Standard,No,Yes,3,UPI,Monthly
1275,57,Male,Bag,Clothing,205,Lucknow,XL,Blue,Summer,1.8,Yes,Standard,No,No,4,Net Banking,Quarterly
1276,55,Male,Jeans,Accessories,401,Bangalore,L,Black,Summer,3.2,Yes,Next Day,No,Yes,17,Net Banking,Weekly
1277,52,Male,Watch,Accessories,210,Bangalore,L,Blue,Spring,3.4,No,Standard,Yes,Yes,40,UPI,Weekly
1278,58,Male,Shirt,Clothing,469,Delhi,L,Blue,Spring,2.6,Yes,Next Day,Yes,Yes,37,UPI,Monthly
1279,18,Male,Shirt,Clothing,101,Lucknow,S,Black,Winter,3.7,Yes,Next Day,Yes,Yes,30,UPI,Monthly
1280,63,Male,Shoes,Footwear,94,Delhi,L,Blue,Winter,2.7,No,Standard,Yes,Yes,43,Card,Quarterly
1281,56,Female,Jeans,Accessories,360,Bangalore,XL,Blue,Spring,4.5,Yes,Express,No,No,9,Cash,Weekly
1282,56,Female,Shirt,Clothing,384,Bangalore,M,White,Autumn,4.2,No,Express,No,No,36,Net Banking,Weekly
1283,38,Female,Shirt,Accessories,342,Lucknow,XL,Blue,Autumn,4.2,Yes,Express,Yes,Yes,48,Net Banking,Weekly
1284,59,Female,Shirt,Accessories,160,Lucknow,XL,Blue,Winter,3.1,No,Express,No,Yes,48,Card,Monthly
1285,37,Female,Bag,Clothing,14,Bangalore,L,Blue,Autumn,1.8,No,Express,No,Yes,35,UPI,Quarterly
1286,20,Female,Jeans,Footwear,167,Bangalore,S,Red,Winter,3.9,No,Next Day,Yes,Yes,34,Cash,Quarterly
1287,65,Female,Watch,Accessories,238,Mumbai,L,Blue,Spring,1.3,No,Express,Yes,Yes,11,Cash,Weekly
1288,30,Male,Bag,Clothing,212,Bangalore,XL,White,Spring,3.1,Yes,Standard,No,Yes,37,Cash,Weekly
1289,23,Female,Shirt,Clothing,461,Bangalore,L,Blue,Summer,1.2,No,Express,No,Yes,12,Cash,Monthly
1290,50,Male,Shoes,Footwear,433,Bangalore,XL,Blue,Summer,3.1,No,Next Day,No,Yes,21,UPI,Weekly
1291,30,Female,Bag,Clothing,389,Bangalore,L,Black,Winter,3.7,Yes,Next Day,Yes,Yes,5,UPI,Weekly
1292,62,Female,Shoes,Clothing,20,Mumbai,M,White,Summer,2.7,No,Standard,Yes,No,15,Card,Quarterly
1293,41,Male,Watch,Accessories,72,Delhi,XL,Blue,Summer,2.7,No,Express,Yes,Yes,3,Cash,Weekly
1294,18,Male,Jeans,Accessories,222,Delhi,S,Black,Autumn,1.5,Yes,Next Day,No,No,23,UPI,Monthly
1295,67,Male,Shoes,Clothing,314,Mumbai,M,Black,Winter,2.2,Yes,Standard,Yes,Yes,3,UPI,Weekly
1296,44,Male,Shoes,Accessories,343,Mumbai,S,Blue,Spring,2.8,No,Standard,Yes,Yes,38,Net Banking,Quarterly
1297,31,Female,Shirt,Clothing,155,Bangalore,L,White,Autumn,4.5,Yes,Standard,No,No,32,Net Banking,Weekly
1298,53,Female,Watch,Accessories,64,Lucknow,XL,Black,Summer,4.6,No,Standard,Yes,No,32,Net Banking,Weekly
1299,45,Female,Bag,Clothing,170,Bangalore,XL,Black,Spring,4.8,No,Next Day,No,No,35,Card,Monthly
1300,19,Female,Shoes,Accessories,398,Lucknow,S,Red,Winter,1.4,Yes,Standard,Yes,Yes,38,Net Banking,Quarterly
1301,57,Male,Shoes,Footwear,493,Bangalore,L,Blue,Winter,2.2,Yes,Standard,Yes,No,33,Cash,Monthly
1302,38,Male,Shirt,Footwear,471,Lucknow,XL,White,Spring,2.9,No,Standard,Yes,Yes,31,Card,Monthly
1303,54,Female,Bag,Clothing,300,Lucknow,XL,White,Winter,3.6,No,Express,No,Yes,9,UPI,Weekly
1304,64,Female,Watch,Clothing,54,Delhi,L,Red,Autumn,3.8,Yes,Next Day,No,Yes,36,Card,Weekly
1305,49,Female,Shoes,Clothing,484,Bangalore,S,Blue,Autumn,4.1,Yes,Standard,No,No,24,UPI,Monthly
1306,52,Male,Shirt,Accessories,84,Bangalore,M,Red,Summer,3,No,Express,Yes,No,7,Cash,Monthly
1307,31,Female,Bag,Accessories,141,Lucknow,XL,Red,Summer,3.2,Yes,Express,No,Yes,24,UPI,Monthly
1308,30,Female,Watch,Footwear,487,Bangalore,L,Blue,Spring,4.8,No,Standard,No,No,16,Cash,Monthly
1309,39,Male,Shoes,Footwear,256,Delhi,M,Blue,Spring,2,No,Standard,Yes,No,9,Net Banking,Weekly
1310,62,Male,Shoes,Footwear,106,Delhi,S,White,Spring,4.2,Yes,Next Day,No,Yes,28,Card,Weekly
1311,45,Male,Shirt,Clothing,256,Delhi,L,Red,Autumn,3.8,Yes,Standard,Yes,Yes,44,Net Banking,Weekly
1312,36,Male,Watch,Clothing,48,Delhi,M,Blue,Spring,1.6,No,Standard,Yes,No,0,Card,Weekly
1313,58,Male,Jeans,Footwear,164,Delhi,M,White,Autumn,4.7,No,Express,No,Yes,6,Card,Monthly
1314,62,Female,Watch,Footwear,476,Lucknow,XL,Blue,Autumn,4.4,No,Standard,No,Yes,45,Card,Weekly
1315,64,Female,Bag,Clothing,156,Mumbai,S,Black,Summer,4.1,Yes,Standard,No,No,34,Card,Quarterly
1316,33,Male,Watch,Clothing,447,Bangalore,S,White,Spring,1.5,Yes,Standard,Yes,Yes,11,UPI,Monthly
1317,54,Female,Shoes,Footwear,276,Lucknow,XL,White,Autumn,1.6,No,Express,Yes,No,18,Net Banking,Weekly
1318,48,Female,Shirt,Accessories,331,Bangalore,XL,Blue,Winter,3.7,No,Express,No,Yes,4,Cash,Weekly
1319,41,Male,Shoes,Footwear,354,Mumbai,M,White,Summer,1.4,No,Standard,No,Yes,42,UPI,Weekly
1320,38,Male,Watch,Accessories,280,Mumbai,XL,Blue,Winter,1.5,No,Next Day,No,Yes,33,Net Banking,Weekly
1321,23,Male,Watch,Footwear,26,Lucknow,S,Red,Summer,2.6,Yes,Standard,No,No,11,UPI,Weekly
1322,32,Female,Jeans,Footwear,460,Bangalore,S,Black,Spring,1,Yes,Standard,No,Yes,9,Card,Weekly
1323,46,Female,Jeans,Clothing,242,Lucknow,M,Red,Autumn,3.9,Yes,Standard,No,Yes,34,Card,Weekly
1324,64,Female,Shoes,Clothing,331,Delhi,L,Black,Winter,3.2,No,Next Day,Yes,No,28,Cash,Quarterly
1325,63,Female,Shirt,Footwear,281,Delhi,S,Black,Winter,1.3,Yes,Express,Yes,No,37,Card,Monthly
1326,27,Male,Shoes,Clothing,332,Delhi,S,White,Winter,3.2,Yes,Standard,No,Yes,12,UPI,Quarterly
1327,53,Male,Jeans,Clothing,183,Bangalore,XL,Black,Spring,1.2,No,Standard,No,No,49,UPI,Quarterly
1328,22,Female,Jeans,Footwear,423,Bangalore,L,Blue,Spring,1.3,Yes,Standard,No,Yes,8,UPI,Weekly
1329,53,Male,Shirt,Clothing,119,Mumbai,L,White,Autumn,2.9,Yes,Express,No,Yes,8,Net Banking,Quarterly
1330,35,Male,Shirt,Clothing,330,Mumbai,XL,White,Winter,3,No,Next Day,Yes,Yes,36,Card,Quarterly
1331,41,Male,Bag,Clothing,293,Bangalore,S,Blue,Winter,2.4,Yes,Express,No,No,28,Card,Quarterly
1332,55,Male,Watch,Accessories,256,Lucknow,XL,Black,Summer,3.5,Yes,Next Day,No,Yes,19,UPI,Quarterly
1333,40,Male,Jeans,Accessories,20,Lucknow,M,Blue,Summer,2.5,Yes,Standard,No,Yes,36,Cash,Weekly
1334,59,Male,Watch,Footwear,200,Mumbai,XL,Red,Autumn,3.3,Yes,Express,Yes,Yes,28,UPI,Quarterly
1335,45,Male,Shoes,Footwear,33,Bangalore,XL,Blue,Winter,2.4,No,Next Day,Yes,No,20,Card,Quarterly
1336,69,Female,Shirt,Accessories,256,Delhi,S,Red,Spring,3.9,No,Standard,Yes,Yes,10,Cash,Monthly
1337,51,Female,Watch,Footwear,347,Lucknow,S,White,Winter,3.3,No,Express,Yes,No,35,Cash,Quarterly
1338,33,Female,Bag,Clothing,266,Delhi,L,Red,Winter,1.6,No,Standard,Yes,Yes,27,Cash,Monthly
1339,58,Female,Jeans,Accessories,380,Mumbai,L,Red,Spring,3.7,Yes,Next Day,Yes,No,44,Cash,Monthly
1340,39,Female,Bag,Clothing,186,Bangalore,S,Red,Winter,4.1,No,Next Day,Yes,Yes,21,Cash,Quarterly
1341,45,Male,Bag,Clothing,160,Lucknow,M,Black,Autumn,,Yes,Express,No,Yes,13,Cash,Quarterly
1342,25,Female,Shoes,Footwear,229,Delhi,XL,Red,Winter,3.4,No,Express,No,Yes,2,Cash,Monthly
1343,24,Female,Shirt,Clothing,122,Bangalore,XL,White,Spring,4.2,No,Next Day,Yes,No,13,Net Banking,Quarterly
1344,47,Female,Jeans,Accessories,402,Delhi,S,Red,Winter,1.5,No,Express,Yes,No,36,UPI,Quarterly
1345,27,Male,Jeans,Accessories,406,Delhi,L,White,Spring,4.6,Yes,Next Day,No,No,14,UPI,Monthly
1346,69,Male,Shirt,Clothing,214,Mumbai,S,White,Spring,2.7,No,Standard,Yes,No,27,Card,Quarterly
1347,62,Female,Watch,Footwear,398,Bangalore,M,Blue,Summer,4,No,Next Day,Yes,No,10,Net Banking,Monthly
1348,54,Female,Shoes,Clothing,22,Mumbai,S,Blue,Autumn,4.6,Yes,Next Day,Yes,Yes,46,Card,Monthly
1349,56,Female,Bag,Clothing,85,Lucknow,L,White,Spring,5,No,Next Day,No,No,45,Card,Monthly
1350,48,Female,Jeans,Accessories,148,Bangalore,S,Blue,Summer,3.3,Yes,Standard,Yes,No,40,Card,Monthly
1351,21,Male,Jeans,Clothing,200,Mumbai,S,Red,Summer,3.8,Yes,Express,No,No,36,UPI,Weekly
1352,38,Male,Shirt,Footwear,123,Mumbai,S,Red,Spring,2,Yes,Express,No,No,28,Card,Monthly
1353,43,Female,Shoes,Clothing,260,Mumbai,S,Black,Spring,2.2,Yes,Express,Yes,No,0,Cash,Weekly
1354,65,Female,Jeans,Clothing,398,Delhi,S,Blue,Spring,4.4,Yes,Next Day,No,No,2,Net Banking,Quarterly
1355,29,Male,Jeans,Clothing,233,Bangalore,L,Blue,Winter,2.6,Yes,Express,No,No,22,UPI,Quarterly
1356,43,Male,Shirt,Clothing,230,Lucknow,XL,Black,Winter,4.3,Yes,Standard,Yes,No,37,Net Banking,Quarterly
1357,35,Male,Jeans,Clothing,39,Mumbai,M,White,Autumn,1.2,Yes,Next Day,No,Yes,6,UPI,Quarterly
1358,24,Male,Bag,Accessories,147,Mumbai,XL,White,Autumn,1.9,No,Express,Yes,No,27,Net Banking,Monthly
1359,23,Female,Bag,Clothing,405,Lucknow,L,White,Spring,1.7,No,Next Day,Yes,Yes,47,Card,Monthly
1360,36,Male,Shirt,Clothing,407,Bangalore,M,Black,Spring,3.1,No,Express,Yes,No,41,Cash,Weekly
1361,22,Female,Watch,Clothing,61,Mumbai,S,Blue,Summer,1.3,Yes,Express,No,No,27,Net Banking,Weekly
1362,21,Male,Watch,Clothing,19,Delhi,XL,Black,Winter,2.4,No,Express,No,Yes,28,Cash,Quarterly
1363,36,Female,Watch,Accessories,417,Lucknow,S,Black,Summer,,No,Next Day,Yes,No,3,Net Banking,Quarterly
1364,28,Male,Watch,Footwear,95,Bangalore,M,Red,Winter,4.2,Yes,Next Day,Yes,Yes,0,Cash,Monthly
1365,46,Female,Jeans,Clothing,291,Bangalore,S,White,Summer,4,Yes,Express,No,No,15,Cash,Quarterly
1366,18,Female,Jeans,Footwear,415,Mumbai,XL,Black,Summer,1.5,Yes,Express,No,No,40,Cash,Weekly
1367,33,Female,Watch,Footwear,395,Delhi,XL,Red,Winter,2.5,Yes,Standard,Yes,Yes,0,UPI,Quarterly
1368,41,Female,Jeans,Clothing,279,Mumbai,M,Black,Summer,3.7,Yes,Standard,No,No,39,Card,Weekly
1369,68,Female,Watch,Accessories,194,Lucknow,M,White,Autumn,1.1,No,Next Day,No,No,12,Net Banking,Quarterly
1370,50,Female,Watch,Accessories,389,Mumbai,L,Black,Autumn,2.7,Yes,Express,Yes,Yes,4,Net Banking,Weekly
1371,63,Male,Bag,Accessories,350,Bangalore,L,Blue,Autumn,4.7,No,Express,Yes,No,4,Net Banking,Quarterly
1372,35,Male,Watch,Clothing,420,Lucknow,M,Black,Autumn,1.3,Yes,Express,Yes,No,34,Net Banking,Monthly
1373,41,Male,Shirt,Accessories,261,Delhi,M,Blue,Winter,4.6,No,Standard,No,No,2,Card,Monthly
1374,39,Male,Bag,Clothing,471,Delhi,S,Blue,Summer,1.8,No,Standard,Yes,No,26,Card,Weekly
1375,64,Female,Bag,Footwear,387,Delhi,M,Red,Summer,1.8,Yes,Standard,No,No,46,UPI,Monthly
1376,67,Male,Jeans,Accessories,41,Lucknow,L,White,Autumn,1.8,Yes,Next Day,Yes,No,29,Cash,Weekly
1377,68,Male,Shirt,Clothing,154,Bangalore,L,White,Summer,4.7,Yes,Express,No,Yes,16,Card,Monthly
1378,57,Female,Watch,Accessories,401,Lucknow,XL,Blue,Spring,3.4,No,Standard,Yes,No,44,Net Banking,Weekly
1379,44,Male,Shirt,Footwear,66,Lucknow,L,White,Summer,4,Yes,Express,No,No,3,Card,Quarterly
1380,46,Male,Jeans,Footwear,357,Mumbai,XL,Blue,Autumn,2.5,Yes,Standard,No,No,12,Net Banking,Weekly
1381,68,Female,Jeans,Clothing,176,Delhi,L,Black,Autumn,4.5,No,Next Day,No,Yes,8,UPI,Monthly
1382,32,Female,Shoes,Footwear,111,Mumbai,M,Red,Summer,3.3,No,Standard,Yes,No,0,UPI,Quarterly
1383,36,Female,Jeans,Clothing,274,Bangalore,M,Red,Autumn,3.4,No,Standard,No,Yes,47,UPI,Monthly
1384,64,Female,Bag,Clothing,466,Mumbai,L,Blue,Summer,4,No,Next Day,Yes,No,10,UPI,Monthly
1385,38,Female,Jeans,Clothing,449,Delhi,M,Red,Autumn,4.1,No,Next Day,Yes,No,3,Cash,Quarterly
1386,30,Female,Watch,Footwear,208,Lucknow,XL,Blue,Summer,3.7,No,Next Day,No,Yes,45,UPI,Weekly
1387,47,Male,Shirt,Footwear,11,Mumbai,S,Black,Winter,1.5,Yes,Express,No,Yes,48,UPI,Monthly
1388,34,Female,Shoes,Accessories,444,Bangalore,S,Blue,Autumn,4.5,Yes,Express,No,No,10,UPI,Monthly
1389,64,Male,Bag,Footwear,449,Lucknow,M,Blue,Autumn,,Yes,Standard,No,No,20,Card,Quarterly
1390,65,Male,Shoes,Clothing,306,Bangalore,S,Blue,Summer,5,No,Standard,Yes,No,33,Card,Monthly
1391,33,Female,Shirt,Clothing,317,Bangalore,S,White,Winter,2.5,No,Next Day,No,Yes,21,UPI,Monthly
1392,45,Female,Jeans,Footwear,268,Delhi,M,Blue,Summer,1.5,Yes,Next Day,No,No,39,Card,Monthly
1393,69,Male,Jeans,Footwear,16,Bangalore,S,Red,Winter,2.3,Yes,Next Day,No,No,12,UPI,Weekly
1394,56,Female,Bag,Clothing,88,Lucknow,S,Black,Spring,3.3,No,Next Day,Yes,Yes,40,UPI,Monthly
1395,29,Female,Shoes,Clothing,80,Lucknow,L,Blue,Winter,2.6,No,Next Day,No,Yes,27,Card,Quarterly
1396,48,Female,Shirt,Accessories,458,Delhi,M,White,Winter,4.3,Yes,Express,No,Yes,0,UPI,Monthly
1397,50,Male,Jeans,Clothing,34,Delhi,XL,White,Spring,3.7,Yes,Next Day,No,No,31,Cash,Quarterly
1398,51,Female,Shoes,Footwear,282,Delhi,S,White,Spring,1.9,No,Next Day,No,Yes,0,Net Banking,Weekly
1399,19,Male,Shirt,Footwear,187,Lucknow,L,Black,Winter,3.2,Yes,Standard,Yes,Yes,42,UPI,Monthly
1400,33,Female,Shoes,Clothing,12,Mumbai,L,White,Summer,4.2,No,Next Day,Yes,Yes,49,Cash,Weekly
1401,62,Male,Bag,Clothing,460,Bangalore,L,Blue,Autumn,4.6,No,Express,No,Yes,7,Card,Quarterly
1402,30,Female,Watch,Footwear,18,Mumbai,L,Black,Spring,2.6,No,Standard,Yes,No,26,UPI,Quarterly
1403,33,Male,Shoes,Accessories,429,Bangalore,S,Black,Summer,4.7,No,Express,No,No,16,Cash,Monthly
1404,34,Male,Jeans,Clothing,391,Lucknow,XL,White,Autumn,1.1,No,Standard,Yes,No,3,UPI,Monthly
1405,27,Male,Watch,Clothing,398,Mumbai,M,Red,Winter,3.7,Yes,Standard,Yes,No,33,Net Banking,Quarterly
1406,26,Female,Jeans,Footwear,89,Lucknow,L,Red,Summer,4.1,Yes,Express,No,No,1,Net Banking,Weekly
1407,36,Male,Shoes,Footwear,441,Mumbai,M,White,Spring,2.7,Yes,Next Day,Yes,Yes,1,Net Banking,Monthly
1408,63,Female,Watch,Clothing,303,Delhi,M,Black,Summer,1,No,Express,Yes,Yes,40,UPI,Weekly
1409,18,Male,Shoes,Footwear,206,Delhi,L,Black,Autumn,3.7,No,Standard,No,Yes,14,Card,Monthly
1410,32,Male,Watch,Clothing,343,Mumbai,XL,White,Winter,2.4,Yes,Next Day,No,No,45,Cash,Quarterly
1411,21,Female,Watch,Clothing,177,Bangalore,XL,Red,Winter,1.6,No,Standard,Yes,Yes,29,Net Banking,Quarterly
1412,47,Female,Shoes,Accessories,146,Lucknow,L,White,Winter,1.6,Yes,Express,Yes,No,26,Card,Weekly
1413,31,Male,Jeans,Accessories,151,Lucknow,L,Red,Spring,4.1,Yes,Standard,Yes,Yes,20,Net Banking,Weekly
1414,59,Male,Jeans,Footwear,288,Bangalore,L,Black,Autumn,1.7,Yes,Standard,No,No,18,Card,Monthly
1415,48,Male,Jeans,Footwear,304,Mumbai,XL,Red,Autumn,2.9,No,Standard,No,Yes,11,Cash,Quarterly
1416,58,Female,Shoes,Clothing,127,Delhi,S,White,Summer,4.9,Yes,Express,Yes,Yes,35,Net Banking,Weekly
1417,51,Female,Watch,Accessories,130,Lucknow,XL,Black,Winter,4,No,Next Day,Yes,No,30,Card,Monthly
1418,40,Male,Shirt,Footwear,473,Mumbai,L,Black,Winter,3.2,Yes,Next Day,No,No,1,UPI,Weekly
1419,62,Female,Shirt,Accessories,262,Lucknow,L,Blue,Spring,3.1,Yes,Next Day,Yes,Yes,16,Net Banking,Monthly
1420,42,Male,Jeans,Clothing,431,Bangalore,L,Blue,Winter,1.7,No,Standard,Yes,Yes,44,UPI,Monthly
1421,67,Male,Shirt,Clothing,171,Lucknow,XL,Red,Winter,2.8,Yes,Standard,No,No,24,Cash,Weekly
1422,69,Female,Jeans,Accessories,151,Lucknow,L,Black,Autumn,1.6,Yes,Express,Yes,Yes,12,Card,Weekly
1423,48,Female,Bag,Accessories,148,Bangalore,S,White,Summer,1.3,Yes,Next Day,No,No,11,Cash,Weekly
1424,53,Male,Shoes,Accessories,269,Bangalore,XL,Black,Winter,1.4,No,Standard,Yes,No,9,Cash,Monthly
1425,31,Female,Shirt,Clothing,391,Delhi,L,Black,Autumn,3.4,Yes,Next Day,Yes,Yes,43,Cash,Weekly
1426,60,Male,Watch,Clothing,255,Delhi,XL,White,Winter,1.8,Yes,Next Day,No,No,15,Cash,Weekly
1427,52,Female,Watch,Accessories,154,Bangalore,XL,Blue,Autumn,1.6,Yes,Standard,No,No,14,UPI,Quarterly
1428,64,Male,Bag,Footwear,480,Bangalore,XL,Red,Winter,4.5,No,Standard,Yes,Yes,3,Cash,Quarterly
1429,31,Male,Jeans,Accessories,290,Bangalore,S,Blue,Summer,1.5,Yes,Standard,Yes,Yes,44,UPI,Monthly
1430,58,Male,Shoes,Accessories,203,Mumbai,L,Blue,Spring,3.8,Yes,Standard,Yes,No,19,Net Banking,Monthly
1431,42,Female,Bag,Footwear,14,Bangalore,XL,Red,Summer,2.7,Yes,Next Day,Yes,Yes,35,Cash,Weekly
1432,27,Female,Shoes,Footwear,285,Lucknow,XL,White,Winter,3.3,Yes,Next Day,Yes,No,35,UPI,Weekly
1433,26,Male,Bag,Footwear,314,Delhi,L,Black,Autumn,1.1,Yes,Next Day,No,No,17,Net Banking,Weekly
1434,47,Female,Shirt,Accessories,465,Mumbai,XL,White,Autumn,1,No,Standard,Yes,No,24,UPI,Weekly
1435,34,Female,Bag,Footwear,123,Lucknow,XL,Black,Autumn,4.3,Yes,Next Day,Yes,Yes,5,Net Banking,Weekly
1436,23,Male,Bag,Accessories,89,Delhi,S,White,Autumn,2.9,No,Next Day,No,Yes,33,Net Banking,Quarterly
1437,40,Female,Bag,Accessories,499,Mumbai,XL,White,Spring,1.3,Yes,Next Day,No,Yes,33,Cash,Quarterly
1438,51,Female,Bag,Accessories,279,Mumbai,L,White,Summer,2.4,No,Express,Yes,Yes,10,UPI,Quarterly
1439,34,Male,Watch,Footwear,23,Bangalore,L,Red,Spring,3,No,Standard,Yes,No,9,UPI,Weekly
1440,67,Male,Bag,Footwear,61,Mumbai,S,White,Summer,1.5,Yes,Next Day,No,No,19,Net Banking,Monthly
1441,58,Male,Shoes,Clothing,242,Lucknow,XL,White,Autumn,3.2,Yes,Standard,Yes,Yes,34,UPI,Monthly
1442,44,Female,Shoes,Footwear,312,Delhi,M,Red,Winter,3.1,No,Standard,No,No,25,Cash,Weekly
1443,66,Female,Watch,Clothing,129,Mumbai,M,White,Spring,3.4,No,Standard,No,Yes,3,Net Banking,Monthly
1444,40,Male,Jeans,Accessories,189,Bangalore,M,Blue,Autumn,4.2,No,Standard,No,No,28,Card,Monthly
1445,25,Male,Watch,Footwear,370,Delhi,XL,White,Spring,2.7,Yes,Express,No,Yes,35,Card,Weekly
1446,19,Male,Watch,Accessories,484,Lucknow,M,White,Spring,4.6,No,Standard,Yes,Yes,9,Net Banking,Weekly
1447,66,Male,Jeans,Clothing,250,Bangalore,S,Red,Winter,2.9,Yes,Next Day,No,Yes,22,Net Banking,Monthly
1448,67,Male,Jeans,Accessories,213,Lucknow,S,Black,Autumn,2.8,Yes,Next Day,No,Yes,40,UPI,Weekly
1449,56,Male,Bag,Accessories,186,Mumbai,XL,Black,Spring,3.6,No,Standard,Yes,Yes,16,Card,Monthly
1450,23,Female,Shirt,Accessories,76,Mumbai,S,Black,Spring,3.5,Yes,Next Day,No,Yes,4,Cash,Monthly
1451,33,Male,Watch,Clothing,35,Lucknow,XL,Red,Spring,1,Yes,Standard,Yes,Yes,46,Cash,Quarterly
1452,20,Female,Watch,Accessories,418,Delhi,S,Blue,Summer,4.9,Yes,Standard,Yes,No,4,UPI,Quarterly
1453,20,Male,Shoes,Clothing,28,Mumbai,XL,White,Spring,4.8,Yes,Express,No,No,3,Card,Monthly
1454,30,Male,Jeans,Accessories,412,Mumbai,L,Blue,Autumn,2.1,No,Standard,Yes,Yes,12,Cash,Monthly
1455,47,Female,Jeans,Footwear,131,Mumbai,S,Black,Summer,3.2,Yes,Standard,Yes,No,37,UPI,Monthly
1456,21,Female,Shoes,Footwear,350,Mumbai,XL,Red,Autumn,4.1,Yes,Standard,Yes,Yes,32,Cash,Weekly
1457,69,Female,Bag,Accessories,476,Bangalore,M,Black,Spring,4.7,No,Express,No,No,11,Cash,Weekly
1458,41,Female,Shirt,Footwear,376,Delhi,XL,White,Spring,3.3,Yes,Standard,Yes,No,3,UPI,Weekly
1459,31,Male,Shirt,Clothing,367,Lucknow,L,Black,Spring,1.1,Yes,Standard,No,Yes,47,Cash,Weekly
1460,44,Male,Shoes,Footwear,139,Lucknow,M,Blue,Spring,3.7,No,Standard,Yes,No,0,Net Banking,Monthly
1461,59,Female,Shoes,Accessories,303,Delhi,S,White,Spring,1.4,Yes,Next Day,Yes,Yes,46,Cash,Weekly
1462,34,Female,Shoes,Footwear,324,Lucknow,M,Red,Summer,3.7,No,Next Day,Yes,Yes,23,Card,Monthly
1463,20,Female,Shirt,Footwear,218,Mumbai,S,White,Winter,3.3,Yes,Next Day,Yes,No,9,Cash,Quarterly
1464,20,Female,Bag,Accessories,28,Delhi,XL,Blue,Autumn,3.6,No,Standard,No,Yes,17,UPI,Quarterly
1465,62,Male,Watch,Accessories,457,Mumbai,S,White,Summer,1.8,No,Standard,Yes,No,15,Cash,Monthly
1466,23,Male,Shoes,Footwear,106,Lucknow,S,Red,Winter,3,No,Next Day,Yes,No,7,Card,Monthly
1467,51,Male,Bag,Clothing,486,Lucknow,S,Red,Winter,3.5,Yes,Express,No,No,21,Cash,Monthly
1468,37,Female,Shoes,Clothing,466,Bangalore,XL,Black,Winter,2.2,Yes,Standard,Yes,No,32,Cash,Monthly
1469,58,Female,Watch,Accessories,19,Lucknow,XL,White,Winter,1.7,Yes,Standard,Yes,Yes,23,Card,Quarterly
1470,21,Male,Watch,Accessories,372,Mumbai,L,Black,Autumn,1.9,No,Next Day,No,Yes,32,UPI,Monthly
1471,64,Female,Jeans,Footwear,320,Lucknow,S,Blue,Winter,4.4,Yes,Next Day,Yes,Yes,48,UPI,Monthly
1472,54,Female,Shirt,Clothing,123,Bangalore,L,Red,Summer,2.9,Yes,Express,Yes,Yes,6,Cash,Quarterly
1473,41,Male,Jeans,Accessories,408,Delhi,XL,White,Winter,3.6,Yes,Standard,No,No,36,Cash,Quarterly
1474,28,Male,Shoes,Clothing,64,Delhi,S,Red,Spring,3.1,Yes,Standard,Yes,No,11,Cash,Quarterly
1475,68,Female,Shirt,Clothing,131,Mumbai,XL,Blue,Summer,4.3,Yes,Standard,Yes,No,0,Net Banking,Quarterly
1476,33,Female,Watch,Footwear,474,Delhi,S,Blue,Winter,3,Yes,Next Day,Yes,Yes,18,Net Banking,Monthly
1477,43,Male,Shirt,Footwear,373,Mumbai,XL,White,Spring,1.4,No,Next Day,No,No,19,UPI,Quarterly
1478,38,Male,Shirt,Footwear,64,Lucknow,L,Blue,Autumn,1.8,Yes,Standard,Yes,No,49,Net Banking,Monthly
1479,29,Male,Jeans,Clothing,80,Delhi,XL,White,Summer,1.1,No,Next Day,No,No,17,UPI,Quarterly
1480,39,Female,Shoes,Accessories,135,Bangalore,M,Black,Spring,4.3,No,Next Day,No,No,38,Net Banking,Weekly
1481,25,Male,Bag,Footwear,44,Lucknow,XL,Red,Spring,3.7,Yes,Next Day,Yes,Yes,46,UPI,Weekly
1482,18,Female,Shoes,Clothing,99,Mumbai,XL,Red,Autumn,4,No,Next Day,Yes,Yes,16,UPI,Weekly
1483,33,Male,Shirt,Footwear,290,Bangalore,M,Red,Autumn,3.9,Yes,Express,Yes,No,8,Cash,Quarterly
1484,23,Male,Shirt,Footwear,13,Mumbai,L,Blue,Autumn,4.3,Yes,Next Day,No,No,48,Cash,Weekly
1485,39,Male,Shirt,Accessories,150,Mumbai,M,Red,Spring,4.9,Yes,Next Day,No,No,22,Card,Weekly
1486,62,Female,Bag,Accessories,163,Lucknow,M,Blue,Summer,3.6,Yes,Next Day,No,No,22,Card,Quarterly
1487,26,Male,Bag,Clothing,485,Bangalore,XL,Red,Spring,2,No,Express,No,No,36,Net Banking,Quarterly
1488,18,Female,Shirt,Footwear,487,Mumbai,S,White,Spring,1.4,Yes,Standard,Yes,Yes,19,Card,Quarterly
1489,23,Male,Shoes,Footwear,424,Lucknow,S,Red,Summer,3.4,Yes,Express,Yes,Yes,27,UPI,Monthly
1490,44,Female,Shoes,Footwear,177,Lucknow,M,Red,Autumn,4.1,Yes,Express,No,Yes,47,UPI,Quarterly
1491,32,Male,Bag,Footwear,268,Lucknow,XL,White,Summer,3.2,Yes,Express,Yes,No,2,UPI,Monthly
1492,43,Male,Jeans,Accessories,257,Lucknow,S,Black,Spring,2.2,No,Next Day,No,No,36,UPI,Quarterly
1493,19,Female,Watch,Footwear,431,Mumbai,M,Red,Spring,3.9,Yes,Express,No,No,19,Net Banking,Monthly
1494,35,Female,Jeans,Clothing,375,Mumbai,L,Red,Summer,2.8,No,Standard,No,No,27,Cash,Weekly
1495,39,Female,Shirt,Footwear,454,Delhi,M,Red,Summer,2.1,Yes,Standard,Yes,No,45,Net Banking,Weekly
1496,40,Male,Shoes,Clothing,280,Bangalore,L,Black,Winter,4.4,Yes,Express,Yes,Yes,30,UPI,Quarterly
1497,46,Female,Watch,Accessories,460,Lucknow,L,White,Autumn,3.3,Yes,Standard,No,Yes,20,UPI,Weekly
1498,58,Male,Shoes,Clothing,374,Bangalore,XL,Black,Winter,2.1,Yes,Standard,No,Yes,48,Cash,Weekly
1499,42,Female,Jeans,Clothing,372,Bangalore,XL,Blue,Spring,2.3,Yes,Standard,No,Yes,30,Card,Quarterly
1500,61,Female,Bag,Accessories,334,Lucknow,M,Red,Summer,3.3,No,Express,Yes,No,7,Net Banking,Quarterly
1501,45,Female,Shoes,Accessories,174,Delhi,M,Blue,Spring,2.7,No,Express,No,Yes,4,Net Banking,Monthly
1502,31,Female,Jeans,Clothing,308,Mumbai,M,Black,Spring,1.6,No,Express,Yes,Yes,17,Card,Weekly
1503,29,Female,Bag,Footwear,184,Bangalore,M,Red,Winter,3.4,No,Standard,No,No,35,Card,Monthly
1504,34,Female,Jeans,Clothing,328,Delhi,XL,Blue,Summer,3.8,No,Standard,No,Yes,21,UPI,Weekly
1505,49,Male,Bag,Footwear,134,Lucknow,L,White,Autumn,1,Yes,Next Day,No,No,8,Card,Monthly
1506,30,Male,Shirt,Clothing,401,Delhi,L,White,Summer,3.1,Yes,Next Day,Yes,Yes,49,Card,Monthly
1507,65,Female,Watch,Accessories,289,Lucknow,M,Blue,Spring,3.3,Yes,Standard,No,No,9,Net Banking,Quarterly
1508,42,Female,Shirt,Clothing,357,Bangalore,L,Red,Winter,2.3,No,Next Day,Yes,No,4,Card,Weekly
1509,62,Female,Watch,Footwear,118,Lucknow,L,Black,Autumn,2.4,No,Express,No,Yes,19,UPI,Monthly
1510,53,Female,Bag,Footwear,397,Lucknow,L,White,Autumn,2.3,Yes,Standard,Yes,No,5,Net Banking,Weekly
1511,35,Male,Watch,Clothing,403,Bangalore,XL,Black,Autumn,2.8,Yes,Express,Yes,Yes,29,UPI,Monthly
1512,29,Male,Jeans,Clothing,81,Lucknow,XL,White,Summer,4.2,No,Standard,No,Yes,21,Card,Quarterly
1513,56,Female,Bag,Accessories,181,Mumbai,S,White,Summer,2.9,No,Express,Yes,Yes,46,Card,Weekly
1514,35,Female,Jeans,Footwear,342,Bangalore,S,Blue,Winter,5,Yes,Next Day,Yes,Yes,8,Card,Quarterly
1515,30,Male,Shirt,Clothing,438,Lucknow,XL,White,Spring,2.5,Yes,Next Day,Yes,No,13,Cash,Quarterly
1516,66,Male,Shirt,Clothing,371,Delhi,M,Red,Summer,3.8,No,Standard,Yes,No,34,UPI,Weekly
1517,43,Male,Jeans,Accessories,241,Mumbai,M,Red,Summer,3.2,No,Next Day,Yes,Yes,34,Card,Quarterly
1518,20,Male,Bag,Clothing,156,Delhi,XL,Blue,Autumn,4,Yes,Express,No,No,18,UPI,Monthly
1519,43,Female,Bag,Clothing,455,Bangalore,L,Black,Winter,4.6,Yes,Standard,Yes,Yes,46,UPI,Quarterly
1520,41,Female,Shirt,Clothing,438,Lucknow,S,Red,Winter,3,No,Next Day,Yes,Yes,42,Cash,Monthly
1521,62,Female,Shoes,Accessories,449,Delhi,S,Black,Autumn,3,No,Next Day,No,No,30,UPI,Quarterly
1522,55,Female,Watch,Footwear,159,Bangalore,XL,Blue,Spring,4.8,Yes,Standard,Yes,Yes,37,Net Banking,Weekly
1523,27,Male,Jeans,Accessories,223,Mumbai,XL,Black,Winter,4.7,No,Standard,Yes,No,26,UPI,Weekly
1524,25,Male,Jeans,Clothing,129,Lucknow,M,Black,Summer,5,No,Standard,No,No,23,Cash,Monthly
1525,49,Male,Bag,Accessories,477,Delhi,XL,Black,Summer,1.6,Yes,Next Day,No,Yes,27,Cash,Quarterly
1526,20,Male,Bag,Accessories,434,Delhi,S,Black,Winter,1,Yes,Standard,No,Yes,42,UPI,Monthly
1527,34,Female,Shirt,Clothing,94,Delhi,XL,White,Summer,2.7,Yes,Standard,Yes,Yes,0,Card,Weekly
1528,25,Male,Shirt,Clothing,131,Mumbai,S,White,Summer,3.9,No,Standard,No,Yes,5,Cash,Quarterly
1529,19,Male,Bag,Clothing,280,Mumbai,L,White,Winter,1.3,No,Standard,No,Yes,23,Net Banking,Monthly
1530,65,Female,Bag,Footwear,213,Lucknow,XL,Black,Summer,2.5,Yes,Express,Yes,No,29,Net Banking,Monthly
1531,22,Female,Shirt,Footwear,235,Mumbai,L,White,Autumn,3.3,Yes,Next Day,No,No,8,Net Banking,Monthly
1532,18,Male,Bag,Clothing,190,Delhi,XL,Red,Spring,1.9,No,Standard,Yes,No,30,Card,Quarterly
1533,66,Male,Watch,Clothing,340,Bangalore,M,White,Winter,3.9,No,Next Day,Yes,Yes,1,UPI,Quarterly
1534,27,Female,Jeans,Accessories,450,Delhi,M,White,Summer,1.9,No,Next Day,No,Yes,12,Cash,Monthly
1535,60,Female,Jeans,Clothing,459,Mumbai,M,Blue,Autumn,4.4,Yes,Next Day,No,Yes,22,Cash,Quarterly
1536,19,Female,Shoes,Footwear,233,Bangalore,S,Red,Autumn,2.4,Yes,Next Day,Yes,No,2,Cash,Quarterly
1537,25,Male,Shoes,Footwear,415,Mumbai,M,Red,Summer,3.4,Yes,Express,Yes,Yes,31,Card,Weekly
1538,23,Male,Jeans,Clothing,350,Bangalore,S,Blue,Summer,3.2,Yes,Standard,No,No,26,Cash,Quarterly
1539,54,Male,Watch,Clothing,106,Mumbai,XL,Blue,Spring,2.2,No,Next Day,Yes,Yes,28,Cash,Monthly
1540,50,Female,Shoes,Clothing,399,Lucknow,S,Black,Summer,2.8,Yes,Express,Yes,No,25,Card,Monthly
1541,42,Female,Watch,Accessories,181,Mumbai,S,Black,Summer,4.4,No,Express,No,No,34,Cash,Monthly
1542,30,Female,Shirt,Footwear,317,Lucknow,L,White,Summer,3.2,Yes,Express,No,No,32,Cash,Weekly
1543,22,Female,Bag,Accessories,363,Bangalore,L,Red,Summer,1.2,No,Standard,No,Yes,33,Net Banking,Quarterly
1544,47,Female,Shoes,Clothing,472,Bangalore,S,Red,Autumn,3.9,No,Express,Yes,No,10,Net Banking,Quarterly
1545,29,Male,Jeans,Clothing,474,Delhi,L,Red,Winter,1.7,Yes,Next Day,Yes,Yes,34,UPI,Quarterly
1546,48,Male,Shirt,Clothing,403,Delhi,S,Blue,Winter,2.9,Yes,Express,No,Yes,8,Cash,Monthly
1547,53,Female,Jeans,Clothing,257,Bangalore,XL,Black,Winter,2.9,Yes,Express,No,Yes,1,Cash,Weekly
1548,62,Male,Shoes,Accessories,206,Mumbai,S,White,Autumn,2.9,Yes,Standard,Yes,Yes,48,Card,Monthly
1549,43,Male,Shirt,Accessories,226,Mumbai,L,White,Summer,1.1,Yes,Express,No,Yes,8,Net Banking,Weekly
1550,18,Male,Watch,Clothing,475,Lucknow,L,Black,Autumn,2.1,Yes,Standard,No,No,5,Card,Monthly
1551,32,Male,Watch,Clothing,110,Mumbai,M,White,Spring,1.2,Yes,Express,Yes,Yes,15,Net Banking,Quarterly
1552,62,Female,Shirt,Footwear,267,Mumbai,L,Blue,Winter,2.7,Yes,Standard,Yes,Yes,49,Cash,Weekly
1553,45,Female,Shirt,Footwear,342,Bangalore,M,Red,Autumn,3.5,Yes,Next Day,Yes,Yes,43,Net Banking,Monthly
1554,50,Female,Shirt,Accessories,21,Lucknow,L,Black,Spring,3.6,Yes,Standard,No,No,35,Cash,Monthly
1555,41,Male,Bag,Accessories,321,Lucknow,S,Blue,Summer,1.3,No,Standard,Yes,Yes,9,Card,Quarterly
1556,26,Male,Shirt,Accessories,137,Bangalore,L,Black,Summer,1.5,No,Express,Yes,Yes,31,Net Banking,Monthly
1557,64,Male,Watch,Accessories,147,Delhi,XL,White,Summer,3.6,Yes,Express,No,No,41,UPI,Monthly
1558,58,Male,Shirt,Clothing,314,Delhi,XL,Blue,Spring,3.1,Yes,Next Day,Yes,No,16,UPI,Monthly
1559,69,Female,Watch,Accessories,14,Bangalore,M,Blue,Spring,4.3,Yes,Express,No,No,12,Net Banking,Weekly
1560,62,Female,Jeans,Footwear,86,Bangalore,M,Red,Summer,1.8,No,Express,Yes,No,43,Card,Weekly
1561,33,Female,Watch,Accessories,232,Delhi,M,White,Summer,1.5,No,Next Day,No,Yes,6,Cash,Quarterly
1562,31,Male,Jeans,Footwear,296,Bangalore,XL,Blue,Winter,2.4,No,Next Day,Yes,Yes,45,Net Banking,Quarterly
1563,30,Female,Jeans,Accessories,63,Lucknow,XL,Red,Summer,3.5,Yes,Next Day,Yes,No,23,Cash,Weekly
1564,65,Male,Shirt,Clothing,187,Delhi,L,Red,Summer,2.9,Yes,Express,No,No,36,Cash,Monthly
1565,46,Male,Shoes,Accessories,160,Lucknow,XL,Blue,Winter,1.4,Yes,Next Day,No,No,18,Cash,Quarterly
1566,41,Female,Watch,Footwear,271,Mumbai,S,White,Winter,1.3,No,Standard,No,No,35,Cash,Quarterly
1567,68,Male,Shoes,Accessories,157,Mumbai,XL,Black,Spring,3.7,Yes,Next Day,No,Yes,46,Card,Weekly
1568,49,Male,Watch,Accessories,10,Bangalore,XL,White,Spring,2.2,No,Next Day,No,No,24,Cash,Weekly
1569,65,Female,Watch,Clothing,269,Delhi,L,Blue,Spring,3.7,Yes,Express,Yes,No,10,Net Banking,Weekly
1570,69,Male,Jeans,Footwear,425,Delhi,L,Black,Summer,2.2,No,Standard,Yes,No,3,UPI,Monthly
1571,22,Female,Shoes,Accessories,296,Lucknow,XL,White,Autumn,2.3,No,Next Day,Yes,Yes,46,Net Banking,Quarterly
1572,36,Male,Shoes,Clothing,187,Mumbai,L,White,Summer,1.8,Yes,Standard,Yes,No,49,Card,Weekly
1573,56,Female,Shirt,Accessories,246,Delhi,XL,White,Spring,4.9,Yes,Standard,Yes,No,32,Card,Quarterly
1574,60,Male,Shoes,Clothing,78,Bangalore,S,Black,Spring,1.1,No,Next Day,Yes,Yes,0,Card,Quarterly
1575,25,Male,Shoes,Footwear,125,Delhi,L,White,Autumn,1.5,No,Express,No,Yes,44,Cash,Quarterly
1576,34,Female,Bag,Footwear,224,Lucknow,M,Red,Summer,4.3,Yes,Express,Yes,Yes,24,UPI,Monthly
1577,46,Male,Bag,Clothing,300,Delhi,XL,White,Spring,1.6,Yes,Next Day,Yes,No,11,Cash,Quarterly
1578,59,Female,Jeans,Footwear,248,Bangalore,XL,Blue,Autumn,2.1,No,Next Day,No,Yes,18,Cash,Monthly
1579,23,Male,Watch,Clothing,481,Mumbai,XL,White,Autumn,2.1,No,Next Day,Yes,No,47,UPI,Weekly
1580,49,Female,Watch,Accessories,322,Lucknow,S,Red,Summer,3.8,Yes,Standard,No,Yes,38,UPI,Quarterly
1581,33,Female,Shirt,Accessories,21,Bangalore,M,Blue,Winter,2.6,No,Standard,No,Yes,29,Net Banking,Monthly
1582,29,Male,Bag,Clothing,267,Lucknow,S,Black,Winter,4.4,Yes,Next Day,Yes,No,36,Net Banking,Weekly
1583,44,Male,Watch,Footwear,295,Delhi,XL,White,Spring,4,Yes,Standard,Yes,No,42,UPI,Monthly
1584,39,Female,Shoes,Footwear,31,Mumbai,M,Red,Winter,3.1,No,Standard,Yes,No,31,Card,Monthly
1585,51,Female,Bag,Accessories,198,Lucknow,L,Black,Spring,2,No,Express,Yes,Yes,15,Net Banking,Quarterly
1586,34,Male,Watch,Clothing,437,Delhi,M,Black,Summer,4.2,Yes,Express,Yes,Yes,3,Cash,Quarterly
1587,60,Male,Watch,Footwear,184,Lucknow,XL,White,Winter,4.5,No,Standard,Yes,Yes,6,UPI,Weekly
1588,22,Female,Jeans,Accessories,233,Lucknow,XL,Black,Winter,4.3,Yes,Next Day,Yes,Yes,11,Cash,Monthly
1589,62,Female,Bag,Footwear,118,Bangalore,XL,Black,Spring,1.2,No,Express,No,Yes,38,Cash,Quarterly
1590,19,Male,Shoes,Accessories,47,Delhi,L,Red,Spring,3.8,No,Express,Yes,Yes,4,Card,Monthly
1591,56,Male,Shoes,Clothing,165,Lucknow,S,White,Spring,3.8,No,Express,No,Yes,6,Net Banking,Quarterly
1592,36,Female,Watch,Clothing,388,Lucknow,XL,Blue,Summer,4.8,Yes,Next Day,Yes,Yes,48,Cash,Quarterly
1593,37,Male,Bag,Clothing,491,Mumbai,S,Red,Summer,2.1,Yes,Express,Yes,Yes,20,Card,Monthly
1594,18,Male,Bag,Clothing,333,Bangalore,M,Red,Summer,4.1,Yes,Next Day,Yes,No,6,Net Banking,Quarterly
1595,54,Female,Shirt,Clothing,417,Delhi,M,Red,Summer,3.8,No,Standard,No,No,43,Net Banking,Weekly
1596,26,Male,Bag,Clothing,328,Mumbai,M,Red,Autumn,4.5,Yes,Next Day,Yes,Yes,48,Net Banking,Weekly
1597,52,Female,Shoes,Footwear,332,Delhi,XL,Black,Winter,3.8,No,Next Day,Yes,Yes,25,Cash,Quarterly
1598,55,Male,Bag,Footwear,219,Bangalore,S,Red,Autumn,4.4,No,Standard,No,No,5,UPI,Weekly
1599,61,Female,Jeans,Clothing,39,Bangalore,L,Black,Summer,2.4,Yes,Next Day,No,Yes,31,Cash,Quarterly
1600,54,Male,Watch,Clothing,211,Bangalore,S,Red,Autumn,1.6,No,Standard,No,No,43,Cash,Quarterly
1601,33,Female,Bag,Footwear,433,Bangalore,XL,White,Autumn,2.5,Yes,Express,Yes,No,48,Cash,Quarterly
1602,56,Male,Jeans,Accessories,272,Lucknow,L,White,Winter,4.3,No,Next Day,Yes,No,28,Card,Weekly
1603,60,Male,Jeans,Accessories,383,Delhi,M,Black,Winter,1.5,Yes,Standard,No,Yes,47,UPI,Weekly
1604,34,Female,Bag,Footwear,34,Delhi,S,White,Summer,3.6,No,Express,Yes,No,41,UPI,Monthly
1605,24,Female,Watch,Accessories,108,Delhi,S,Blue,Winter,5,Yes,Next Day,Yes,No,8,Cash,Weekly
1606,64,Female,Shoes,Footwear,156,Lucknow,S,Black,Winter,4.6,No,Express,Yes,No,31,UPI,Quarterly
1607,25,Male,Jeans,Accessories,186,Delhi,M,Red,Spring,3.7,No,Standard,No,Yes,33,Cash,Quarterly
1608,48,Male,Shoes,Accessories,494,Delhi,XL,Red,Autumn,4.2,No,Standard,No,Yes,38,Net Banking,Quarterly
1609,30,Female,Shoes,Clothing,236,Delhi,S,Blue,Spring,1.5,No,Express,No,Yes,26,UPI,Weekly
1610,24,Female,Shirt,Accessories,334,Lucknow,L,Red,Summer,3,No,Standard,No,Yes,36,Cash,Weekly
1611,58,Male,Jeans,Footwear,325,Bangalore,M,Red,Spring,3.1,No,Standard,Yes,No,29,Card,Quarterly
1612,25,Female,Shoes,Accessories,215,Lucknow,S,Black,Summer,4.1,No,Next Day,No,Yes,13,Card,Quarterly
1613,52,Female,Jeans,Clothing,483,Delhi,L,Red,Autumn,2.1,Yes,Express,Yes,Yes,24,Card,Quarterly
1614,54,Female,Shirt,Accessories,118,Mumbai,L,Blue,Summer,1.4,No,Express,No,Yes,46,Net Banking,Monthly
1615,21,Female,Bag,Footwear,26,Bangalore,XL,Black,Spring,3.8,Yes,Standard,Yes,Yes,42,UPI,Weekly
1616,26,Female,Bag,Footwear,375,Delhi,L,Blue,Summer,3,Yes,Next Day,No,Yes,32,Cash,Quarterly
1617,59,Female,Bag,Accessories,330,Lucknow,M,White,Autumn,4.4,No,Express,Yes,No,16,Cash,Weekly
1618,44,Female,Shirt,Footwear,137,Lucknow,XL,Red,Winter,2.9,Yes,Standard,Yes,No,10,Card,Monthly
1619,24,Female,Shirt,Clothing,435,Delhi,S,Blue,Spring,4.4,Yes,Next Day,No,No,14,Card,Monthly
1620,69,Female,Shoes,Accessories,89,Lucknow,L,Blue,Summer,3,Yes,Standard,Yes,Yes,15,Net Banking,Monthly
1621,31,Male,Bag,Accessories,132,Mumbai,XL,White,Spring,4.1,Yes,Express,No,No,48,Net Banking,Monthly
1622,18,Female,Watch,Clothing,85,Mumbai,S,Red,Spring,3.9,No,Express,Yes,Yes,26,Cash,Weekly
1623,66,Female,Bag,Footwear,101,Lucknow,XL,White,Spring,2.1,No,Standard,Yes,Yes,19,UPI,Monthly
1624,18,Female,Shoes,Footwear,367,Bangalore,S,Red,Winter,2.2,No,Next Day,Yes,Yes,44,UPI,Weekly
1625,46,Female,Shoes,Clothing,354,Delhi,M,White,Winter,4.6,No,Next Day,No,Yes,18,Net Banking,Weekly
1626,69,Male,Watch,Clothing,324,Lucknow,M,Red,Autumn,1.9,No,Standard,Yes,Yes,39,Card,Monthly
1627,48,Female,Bag,Footwear,431,Bangalore,S,Blue,Summer,3.8,Yes,Standard,No,Yes,32,Card,Weekly
1628,48,Male,Jeans,Footwear,44,Delhi,L,Blue,Winter,1.6,No,Standard,No,No,15,UPI,Quarterly
1629,38,Male,Bag,Footwear,314,Bangalore,M,Black,Summer,4,Yes,Express,Yes,Yes,48,Card,Monthly
1630,24,Male,Bag,Clothing,66,Bangalore,L,White,Autumn,1.9,No,Express,No,Yes,34,Card,Monthly
1631,47,Female,Shirt,Footwear,478,Mumbai,M,White,Autumn,3.4,Yes,Express,No,Yes,49,UPI,Monthly
1632,64,Female,Shirt,Footwear,320,Mumbai,L,Red,Autumn,3.3,No,Standard,No,Yes,0,Net Banking,Quarterly
1633,22,Female,Jeans,Footwear,382,Lucknow,XL,Blue,Summer,1.8,No,Next Day,No,No,14,Cash,Weekly
1634,63,Male,Shoes,Footwear,289,Delhi,L,Black,Summer,3,No,Express,No,Yes,16,UPI,Weekly
1635,39,Male,Bag,Footwear,197,Bangalore,S,Red,Summer,4.5,Yes,Express,No,No,33,UPI,Quarterly
1636,45,Female,Bag,Accessories,346,Lucknow,M,Black,Autumn,3.7,Yes,Express,No,No,41,UPI,Weekly
1637,26,Male,Shirt,Clothing,419,Lucknow,M,Red,Autumn,5,No,Next Day,Yes,Yes,6,UPI,Quarterly
1638,50,Female,Bag,Clothing,97,Mumbai,S,Blue,Summer,4.1,Yes,Standard,No,Yes,7,Net Banking,Monthly
1639,27,Female,Shoes,Footwear,437,Mumbai,S,White,Autumn,3.6,No,Next Day,Yes,Yes,33,Net Banking,Quarterly
1640,32,Female,Shirt,Footwear,366,Lucknow,S,White,Spring,3.3,Yes,Express,No,No,17,Net Banking,Monthly
1641,55,Male,Bag,Clothing,52,Mumbai,XL,Black,Summer,4.7,No,Express,No,Yes,34,UPI,Weekly
1642,20,Male,Bag,Accessories,468,Bangalore,M,Blue,Winter,3.1,Yes,Standard,Yes,No,0,Net Banking,Monthly
1643,41,Male,Shirt,Clothing,98,Bangalore,XL,White,Autumn,2.6,Yes,Next Day,No,Yes,26,Cash,Weekly
1644,48,Female,Bag,Clothing,304,Bangalore,L,Black,Autumn,4.3,Yes,Next Day,No,Yes,1,Net Banking,Monthly
1645,24,Male,Watch,Accessories,73,Bangalore,L,Red,Winter,4.8,No,Express,No,No,47,Card,Monthly
1646,33,Female,Shoes,Accessories,106,Mumbai,XL,Black,Autumn,2.9,Yes,Next Day,No,Yes,7,Net Banking,Weekly
1647,35,Male,Jeans,Accessories,325,Mumbai,L,Blue,Autumn,1.5,Yes,Next Day,Yes,No,8,Net Banking,Weekly
1648,52,Male,Watch,Accessories,342,Mumbai,S,Black,Summer,3.4,Yes,Next Day,No,No,5,Net Banking,Quarterly
1649,68,Male,Watch,Accessories,346,Bangalore,M,Black,Winter,4,No,Standard,Yes,Yes,11,Cash,Weekly
1650,61,Female,Shirt,Footwear,178,Lucknow,L,Blue,Autumn,2.5,Yes,Next Day,No,Yes,24,UPI,Quarterly
1651,27,Female,Watch,Clothing,411,Bangalore,S,Black,Autumn,4,No,Standard,Yes,Yes,30,Card,Monthly
1652,18,Male,Shoes,Clothing,34,Bangalore,S,White,Spring,3.1,No,Express,Yes,No,45,Card,Quarterly
1653,20,Female,Watch,Accessories,428,Mumbai,S,Red,Winter,2.2,No,Standard,Yes,Yes,43,Net Banking,Monthly
1654,48,Female,Jeans,Accessories,158,Lucknow,L,Blue,Summer,3.5,Yes,Standard,No,No,4,Card,Quarterly
1655,26,Female,Shoes,Footwear,314,Mumbai,M,Blue,Summer,2.6,No,Next Day,Yes,No,21,UPI,Weekly
1656,30,Female,Shoes,Footwear,453,Mumbai,S,White,Spring,4.1,No,Express,Yes,Yes,43,UPI,Monthly
1657,62,Male,Shirt,Accessories,135,Delhi,L,White,Spring,1,Yes,Next Day,Yes,Yes,8,Cash,Weekly
1658,63,Male,Watch,Clothing,211,Mumbai,L,Black,Spring,4.3,Yes,Standard,No,Yes,33,UPI,Quarterly
1659,61,Female,Watch,Clothing,415,Bangalore,L,Red,Spring,2.2,Yes,Next Day,No,No,21,Card,Monthly
1660,31,Male,Bag,Accessories,433,Delhi,S,Blue,Spring,4.8,No,Next Day,No,No,8,UPI,Quarterly
1661,50,Male,Shirt,Accessories,125,Delhi,XL,White,Summer,4,Yes,Express,Yes,Yes,3,UPI,Quarterly
1662,49,Male,Shoes,Accessories,259,Lucknow,S,White,Winter,2,No,Standard,No,No,14,Card,Weekly
1663,27,Female,Bag,Clothing,173,Lucknow,L,Red,Winter,4.9,No,Standard,Yes,No,0,UPI,Weekly
1664,46,Male,Jeans,Footwear,263,Mumbai,L,Red,Spring,3,No,Express,Yes,Yes,9,Cash,Monthly
1665,45,Male,Shirt,Accessories,195,Mumbai,S,Black,Summer,3.1,No,Express,Yes,No,27,UPI,Monthly
1666,38,Female,Shoes,Accessories,12,Bangalore,M,White,Winter,4.6,No,Express,No,No,39,UPI,Quarterly
1667,57,Male,Watch,Clothing,463,Lucknow,S,Red,Autumn,4.7,No,Standard,No,No,25,Net Banking,Monthly
1668,53,Male,Shoes,Footwear,322,Mumbai,M,Blue,Winter,3.8,No,Express,Yes,Yes,36,UPI,Quarterly
1669,45,Male,Jeans,Accessories,236,Delhi,L,Black,Summer,4.9,No,Express,No,Yes,3,Net Banking,Quarterly
1670,55,Male,Jeans,Clothing,62,Mumbai,M,Red,Spring,2.3,Yes,Express,Yes,No,15,Cash,Quarterly
1671,57,Female,Shoes,Clothing,44,Mumbai,L,Blue,Spring,1.9,No,Standard,Yes,No,32,Cash,Quarterly
1672,47,Female,Watch,Accessories,244,Bangalore,XL,Red,Autumn,1.1,Yes,Express,Yes,No,2,UPI,Weekly
1673,31,Male,Watch,Clothing,328,Delhi,S,Blue,Spring,2.4,Yes,Next Day,Yes,Yes,29,Net Banking,Quarterly
1674,57,Female,Watch,Footwear,137,Bangalore,M,Black,Summer,3.4,No,Express,No,Yes,8,UPI,Quarterly
1675,55,Female,Shirt,Footwear,374,Delhi,S,Blue,Summer,2.2,No,Standard,Yes,No,20,Cash,Quarterly
1676,69,Female,Shirt,Footwear,202,Lucknow,L,White,Winter,3.3,Yes,Next Day,Yes,Yes,31,Card,Weekly
1677,25,Female,Shoes,Accessories,15,Bangalore,S,White,Winter,1.2,Yes,Standard,No,No,49,UPI,Quarterly
1678,39,Female,Shirt,Accessories,273,Delhi,XL,Blue,Summer,2.4,Yes,Next Day,Yes,Yes,4,Cash,Weekly
1679,66,Male,Shoes,Accessories,98,Lucknow,M,White,Autumn,4,No,Standard,Yes,Yes,27,Net Banking,Quarterly
1680,44,Male,Watch,Accessories,17,Bangalore,L,Black,Summer,1.4,No,Standard,No,No,26,Net Banking,Monthly
1681,67,Female,Bag,Accessories,73,Bangalore,S,White,Winter,3.9,Yes,Express,Yes,Yes,3,Card,Quarterly
1682,18,Female,Shoes,Accessories,149,Delhi,M,White,Summer,4.1,Yes,Next Day,Yes,Yes,30,Card,Monthly
1683,19,Female,Shirt,Footwear,262,Delhi,S,Black,Autumn,3.3,No,Express,No,No,3,Net Banking,Weekly
1684,59,Male,Shoes,Clothing,494,Lucknow,L,Red,Winter,4.5,No,Standard,No,Yes,34,Net Banking,Monthly
1685,36,Male,Bag,Clothing,116,Mumbai,S,Blue,Spring,4.8,No,Next Day,No,No,10,Card,Monthly
1686,45,Female,Watch,Footwear,38,Bangalore,S,White,Spring,1.1,Yes,Standard,Yes,No,6,Net Banking,Monthly
1687,40,Male,Shoes,Footwear,103,Lucknow,L,Black,Summer,3.7,No,Express,Yes,Yes,3,Net Banking,Monthly
1688,39,Female,Shoes,Footwear,166,Mumbai,L,White,Winter,1.9,Yes,Standard,Yes,Yes,22,Net Banking,Quarterly
1689,66,Female,Bag,Accessories,110,Mumbai,M,White,Autumn,2.6,Yes,Next Day,Yes,No,11,Card,Monthly
1690,22,Female,Shirt,Accessories,167,Lucknow,M,Blue,Spring,3.5,Yes,Express,No,Yes,23,Net Banking,Weekly
1691,58,Male,Shoes,Clothing,484,Delhi,M,Blue,Summer,3.8,Yes,Standard,No,Yes,44,UPI,Weekly
1692,64,Female,Shirt,Clothing,195,Mumbai,XL,Red,Autumn,4.4,Yes,Express,Yes,No,41,Cash,Weekly
1693,52,Female,Bag,Footwear,321,Lucknow,M,Black,Winter,3.8,No,Standard,No,Yes,37,UPI,Weekly
1694,38,Female,Bag,Accessories,345,Delhi,XL,White,Summer,4.1,No,Express,No,No,23,Card,Quarterly
1695,26,Female,Bag,Accessories,73,Mumbai,S,Black,Spring,3.4,No,Express,No,Yes,5,Cash,Quarterly
1696,53,Male,Watch,Clothing,131,Mumbai,S,Black,Spring,1.5,No,Next Day,Yes,No,20,Card,Quarterly
1697,42,Female,Shoes,Accessories,213,Delhi,M,Red,Spring,1.1,No,Next Day,No,No,1,UPI,Monthly
1698,25,Female,Jeans,Footwear,235,Delhi,S,Blue,Spring,3.1,Yes,Express,No,Yes,6,Card,Quarterly
1699,36,Female,Jeans,Accessories,16,Mumbai,L,Black,Summer,3.9,Yes,Standard,No,Yes,15,Net Banking,Monthly
1700,68,Female,Shirt,Accessories,325,Lucknow,M,White,Summer,1.4,Yes,Standard,Yes,No,34,UPI,Weekly
1701,31,Male,Jeans,Footwear,157,Delhi,M,Black,Summer,2.7,No,Express,No,No,39,Card,Monthly
1702,27,Female,Shirt,Clothing,167,Bangalore,L,Black,Winter,2,No,Express,No,No,30,Net Banking,Monthly
1703,53,Male,Shoes,Clothing,305,Mumbai,S,Red,Summer,3.3,No,Express,Yes,No,12,Cash,Monthly
1704,28,Male,Bag,Accessories,474,Lucknow,M,White,Autumn,2.6,Yes,Next Day,Yes,Yes,35,Card,Quarterly
1705,65,Female,Shirt,Accessories,433,Mumbai,XL,Black,Autumn,1.8,No,Next Day,No,Yes,49,UPI,Quarterly
1706,62,Male,Shoes,Footwear,490,Lucknow,L,Blue,Spring,1,Yes,Express,No,No,32,Cash,Weekly
1707,69,Male,Shirt,Clothing,212,Mumbai,L,White,Winter,2.3,Yes,Standard,No,No,38,Net Banking,Weekly
1708,65,Female,Bag,Clothing,68,Lucknow,L,White,Summer,3.1,Yes,Express,Yes,Yes,43,Net Banking,Monthly
1709,30,Female,Jeans,Accessories,115,Lucknow,M,Black,Winter,4.7,No,Standard,No,Yes,35,Net Banking,Weekly
1710,29,Male,Jeans,Accessories,178,Mumbai,XL,Red,Spring,1.9,No,Express,No,Yes,43,Card,Monthly
1711,35,Male,Shoes,Footwear,157,Bangalore,XL,White,Winter,3,No,Express,No,Yes,14,UPI,Quarterly
1712,42,Male,Bag,Accessories,111,Delhi,M,Red,Autumn,3.3,Yes,Express,Yes,No,15,Card,Monthly
1713,63,Female,Bag,Accessories,83,Mumbai,XL,Red,Spring,3.6,No,Express,Yes,Yes,8,UPI,Quarterly
1714,56,Male,Bag,Clothing,101,Mumbai,S,White,Winter,2.3,Yes,Standard,Yes,Yes,9,UPI,Weekly
1715,51,Female,Watch,Accessories,332,Lucknow,M,Blue,Autumn,1.4,Yes,Standard,Yes,Yes,27,UPI,Quarterly
1716,63,Female,Jeans,Accessories,250,Lucknow,M,Black,Winter,4.7,No,Next Day,No,No,46,Card,Weekly
1717,51,Female,Bag,Accessories,28,Lucknow,L,Red,Spring,4.8,No,Express,No,Yes,11,UPI,Weekly
1718,37,Male,Shirt,Accessories,286,Lucknow,L,Red,Winter,2.8,No,Standard,Yes,Yes,35,UPI,Weekly
1719,39,Female,Jeans,Accessories,422,Lucknow,M,White,Winter,3.3,Yes,Next Day,No,No,3,Net Banking,Quarterly
1720,44,Male,Jeans,Clothing,218,Lucknow,M,White,Summer,1.1,No,Standard,No,Yes,48,UPI,Monthly
1721,22,Male,Shoes,Clothing,166,Bangalore,L,Blue,Summer,1.2,Yes,Express,No,Yes,26,Card,Quarterly
1722,56,Male,Bag,Clothing,143,Delhi,M,White,Summer,1.3,No,Next Day,No,Yes,24,Cash,Weekly
1723,51,Male,Jeans,Accessories,195,Lucknow,M,Black,Summer,4,Yes,Express,Yes,Yes,17,UPI,Monthly
1724,56,Female,Bag,Footwear,146,Delhi,M,White,Winter,1.9,No,Next Day,Yes,Yes,48,Card,Monthly
1725,45,Male,Bag,Footwear,462,Delhi,XL,Black,Winter,1.7,Yes,Express,No,No,20,Cash,Weekly
1726,58,Female,Jeans,Clothing,496,Lucknow,L,Red,Spring,1,No,Express,No,No,6,Cash,Monthly
1727,67,Male,Jeans,Clothing,178,Delhi,S,Red,Spring,1.1,No,Express,No,No,28,UPI,Monthly
1728,47,Male,Bag,Accessories,462,Delhi,XL,Red,Spring,2.6,No,Express,Yes,No,29,Card,Weekly
1729,41,Male,Shirt,Clothing,428,Bangalore,L,White,Autumn,3.2,Yes,Express,Yes,Yes,37,UPI,Monthly
1730,23,Male,Bag,Accessories,47,Bangalore,M,Red,Summer,3.3,Yes,Next Day,No,No,24,UPI,Weekly
1731,58,Male,Watch,Accessories,250,Delhi,L,Black,Winter,2.8,Yes,Next Day,No,Yes,13,Net Banking,Quarterly
1732,65,Female,Shoes,Footwear,331,Mumbai,S,Red,Winter,2.8,Yes,Express,Yes,Yes,0,Card,Weekly
1733,54,Female,Bag,Accessories,216,Delhi,S,Blue,Spring,4,No,Express,Yes,No,49,Card,Weekly
1734,63,Male,Watch,Footwear,233,Mumbai,M,Red,Autumn,2.2,No,Express,Yes,Yes,9,Net Banking,Quarterly
1735,62,Female,Shirt,Accessories,252,Delhi,XL,Blue,Winter,2,Yes,Next Day,Yes,No,17,Net Banking,Weekly
1736,59,Female,Bag,Footwear,347,Bangalore,M,Black,Winter,4.4,No,Express,No,Yes,7,Cash,Weekly
1737,44,Male,Watch,Accessories,153,Mumbai,M,Red,Autumn,3.8,No,Express,Yes,Yes,11,UPI,Monthly
1738,23,Male,Shoes,Accessories,302,Lucknow,XL,Black,Summer,2.9,Yes,Express,No,Yes,3,Card,Monthly
1739,18,Male,Bag,Accessories,129,Delhi,XL,Blue,Winter,2.1,No,Express,Yes,Yes,17,Net Banking,Monthly
1740,28,Female,Watch,Accessories,445,Lucknow,M,Red,Summer,1.5,No,Express,No,Yes,47,Cash,Monthly
1741,40,Female,Shirt,Footwear,51,Lucknow,S,White,Winter,1.1,Yes,Next Day,No,No,11,UPI,Weekly
1742,56,Male,Watch,Accessories,42,Mumbai,L,Blue,Summer,4.4,No,Next Day,No,Yes,48,UPI,Weekly
1743,41,Female,Shoes,Clothing,28,Bangalore,L,Blue,Winter,3.4,No,Standard,Yes,Yes,31,Card,Weekly
1744,19,Female,Shoes,Accessories,181,Mumbai,XL,Blue,Winter,1.2,Yes,Standard,Yes,Yes,44,Net Banking,Quarterly
1745,28,Female,Watch,Accessories,307,Bangalore,XL,Red,Autumn,1.6,Yes,Next Day,Yes,No,31,Card,Weekly
1746,68,Male,Shirt,Accessories,492,Lucknow,L,Black,Spring,2.1,No,Standard,Yes,No,49,Net Banking,Monthly
1747,69,Female,Shirt,Clothing,232,Bangalore,S,Red,Spring,2.1,No,Express,Yes,No,27,Card,Weekly
1748,37,Female,Bag,Clothing,99,Bangalore,S,White,Winter,3.2,Yes,Express,Yes,Yes,41,Card,Monthly
1749,59,Female,Jeans,Clothing,190,Lucknow,L,Black,Winter,2.6,Yes,Standard,Yes,Yes,1,Card,Weekly
1750,55,Female,Shirt,Accessories,72,Mumbai,L,White,Autumn,4.5,No,Express,No,Yes,46,UPI,Weekly
1751,66,Female,Watch,Clothing,241,Delhi,M,Red,Winter,3.9,Yes,Express,No,No,0,Card,Weekly
1752,64,Female,Shirt,Accessories,367,Bangalore,M,Red,Winter,4.6,No,Next Day,Yes,Yes,9,UPI,Weekly
1753,50,Male,Bag,Clothing,27,Bangalore,L,Red,Summer,4.5,Yes,Next Day,No,No,36,Net Banking,Weekly
1754,38,Male,Bag,Clothing,390,Delhi,M,White,Winter,4.7,No,Next Day,No,No,12,Cash,Weekly
1755,50,Male,Bag,Clothing,121,Bangalore,S,Red,Winter,4.9,Yes,Express,No,Yes,2,UPI,Quarterly
1756,34,Male,Shirt,Clothing,339,Delhi,XL,White,Summer,2.2,No,Next Day,Yes,No,43,Card,Monthly
1757,36,Female,Watch,Clothing,409,Mumbai,M,Blue,Spring,,Yes,Next Day,Yes,No,25,Card,Weekly
1758,49,Female,Shoes,Footwear,390,Lucknow,M,Black,Autumn,1.7,No,Next Day,Yes,Yes,23,Cash,Quarterly
1759,47,Female,Watch,Clothing,338,Bangalore,S,Red,Summer,3.5,Yes,Express,Yes,No,15,UPI,Monthly
1760,48,Female,Watch,Accessories,349,Bangalore,M,Black,Summer,3.7,Yes,Standard,No,No,35,Net Banking,Monthly
1761,38,Male,Bag,Accessories,101,Bangalore,XL,Black,Autumn,1.4,Yes,Express,No,No,15,UPI,Monthly
1762,39,Male,Shoes,Footwear,76,Delhi,S,Black,Winter,4.3,No,Standard,Yes,No,28,UPI,Weekly
1763,18,Female,Watch,Accessories,196,Lucknow,S,Blue,Spring,4.1,No,Standard,Yes,No,6,Cash,Monthly
1764,49,Male,Jeans,Accessories,308,Mumbai,S,Black,Winter,3.5,Yes,Standard,Yes,Yes,15,Net Banking,Weekly
1765,47,Female,Jeans,Footwear,312,Lucknow,S,Red,Summer,2.7,Yes,Express,No,No,1,Net Banking,Quarterly
1766,66,Male,Jeans,Footwear,390,Lucknow,L,Red,Autumn,1.6,No,Next Day,No,Yes,14,Card,Monthly
1767,44,Male,Shoes,Clothing,161,Delhi,M,Black,Winter,3,No,Standard,Yes,Yes,19,UPI,Quarterly
1768,42,Female,Bag,Footwear,434,Bangalore,XL,Blue,Spring,1.6,No,Standard,No,No,37,Net Banking,Weekly
1769,21,Female,Shoes,Accessories,230,Delhi,M,White,Spring,3.4,Yes,Standard,Yes,Yes,41,Net Banking,Weekly
1770,28,Female,Jeans,Clothing,130,Bangalore,L,White,Winter,2.2,No,Standard,Yes,Yes,26,Net Banking,Monthly
1771,35,Male,Jeans,Accessories,370,Mumbai,S,Black,Summer,2,Yes,Express,No,No,46,Card,Weekly
1772,37,Female,Jeans,Footwear,72,Delhi,M,Red,Winter,2.8,Yes,Express,Yes,Yes,17,UPI,Quarterly
1773,36,Female,Shirt,Clothing,208,Bangalore,M,Blue,Summer,3.3,Yes,Express,No,No,24,Net Banking,Weekly
1774,38,Female,Shoes,Clothing,392,Lucknow,S,Blue,Autumn,2.5,Yes,Standard,Yes,No,30,Card,Monthly
1775,57,Male,Watch,Footwear,387,Delhi,M,Red,Autumn,4.9,Yes,Express,No,Yes,8,Cash,Monthly
1776,24,Male,Watch,Accessories,135,Lucknow,M,White,Winter,1,Yes,Express,No,Yes,20,Cash,Weekly
1777,35,Female,Shoes,Clothing,91,Lucknow,M,Red,Autumn,4.7,No,Standard,Yes,Yes,44,Cash,Weekly
1778,26,Male,Shirt,Footwear,25,Bangalore,L,White,Autumn,1,Yes,Next Day,Yes,No,23,Cash,Weekly
1779,34,Female,Shirt,Accessories,53,Lucknow,XL,White,Summer,1.9,No,Standard,Yes,No,46,Card,Weekly
1780,53,Male,Watch,Clothing,414,Mumbai,XL,White,Summer,5,Yes,Standard,No,No,33,Card,Monthly
1781,20,Male,Bag,Clothing,393,Bangalore,S,White,Summer,3.9,No,Standard,Yes,No,8,UPI,Weekly
1782,35,Female,Bag,Accessories,257,Bangalore,L,White,Summer,3.6,Yes,Express,Yes,No,22,Net Banking,Weekly
1783,19,Male,Jeans,Clothing,289,Bangalore,XL,Blue,Winter,3.9,Yes,Express,Yes,No,18,Net Banking,Weekly
1784,67,Male,Shirt,Accessories,170,Lucknow,XL,White,Spring,2.6,No,Standard,No,No,47,Net Banking,Quarterly
1785,55,Female,Watch,Clothing,104,Lucknow,M,White,Autumn,4.1,No,Express,No,Yes,16,Card,Weekly
1786,30,Male,Shoes,Clothing,15,Lucknow,XL,Red,Autumn,1.6,Yes,Standard,No,No,24,Net Banking,Monthly
1787,28,Female,Jeans,Footwear,339,Bangalore,XL,Red,Winter,4.2,No,Next Day,Yes,No,34,Cash,Monthly
1788,23,Male,Jeans,Clothing,27,Lucknow,M,White,Autumn,4.8,No,Standard,No,Yes,48,UPI,Monthly
1789,42,Female,Bag,Footwear,61,Bangalore,XL,Black,Summer,4.4,Yes,Next Day,Yes,Yes,27,Cash,Quarterly
1790,57,Male,Shoes,Clothing,398,Bangalore,L,Black,Spring,4,Yes,Express,Yes,No,42,UPI,Quarterly
1791,48,Male,Shoes,Accessories,295,Delhi,XL,White,Summer,3.6,Yes,Next Day,Yes,No,5,UPI,Monthly
1792,63,Female,Shirt,Clothing,249,Mumbai,L,Red,Summer,3.1,No,Express,Yes,Yes,44,Card,Weekly
1793,35,Female,Jeans,Accessories,117,Lucknow,XL,Red,Spring,2.6,No,Standard,No,Yes,10,Cash,Quarterly
1794,32,Male,Shirt,Accessories,83,Mumbai,XL,Red,Autumn,4.5,No,Express,Yes,Yes,38,UPI,Weekly
1795,42,Female,Bag,Clothing,238,Bangalore,XL,Red,Summer,3.6,Yes,Express,No,Yes,26,Net Banking,Monthly
1796,28,Male,Bag,Accessories,185,Lucknow,M,Black,Winter,2.7,No,Next Day,No,No,30,Card,Monthly
1797,68,Male,Watch,Footwear,271,Mumbai,L,Blue,Spring,4.1,No,Express,No,No,4,UPI,Quarterly
1798,27,Female,Jeans,Accessories,90,Mumbai,L,Black,Winter,1.2,No,Standard,Yes,No,26,Card,Weekly
1799,42,Female,Bag,Clothing,123,Delhi,XL,Blue,Summer,4.3,Yes,Standard,No,No,4,Card,Weekly
1800,45,Male,Watch,Footwear,65,Delhi,M,Black,Summer,4.2,No,Next Day,Yes,No,27,Cash,Weekly
1801,20,Female,Bag,Clothing,217,Bangalore,M,White,Summer,1.9,No,Standard,No,No,20,Net Banking,Weekly
1802,42,Male,Bag,Clothing,145,Bangalore,L,Blue,Winter,1.2,Yes,Next Day,Yes,Yes,10,Card,Quarterly
1803,41,Male,Shirt,Accessories,119,Mumbai,XL,Red,Autumn,3.9,No,Standard,No,Yes,24,Card,Weekly
1804,31,Male,Shoes,Clothing,279,Mumbai,XL,Black,Spring,1.8,No,Standard,Yes,Yes,10,Card,Quarterly
1805,24,Male,Bag,Clothing,253,Delhi,S,Black,Winter,5,No,Next Day,Yes,No,4,Net Banking,Quarterly
1806,20,Female,Shirt,Footwear,112,Lucknow,XL,Blue,Spring,1,Yes,Express,Yes,No,1,Cash,Weekly
1807,18,Male,Shoes,Accessories,352,Bangalore,XL,White,Summer,1.9,No,Express,No,Yes,17,UPI,Monthly
1808,43,Male,Bag,Footwear,178,Delhi,S,White,Autumn,1.2,No,Standard,No,Yes,37,Cash,Quarterly
1809,22,Female,Bag,Accessories,177,Bangalore,S,Red,Autumn,4.1,No,Standard,Yes,Yes,28,Card,Quarterly
1810,67,Female,Jeans,Accessories,244,Mumbai,S,Red,Summer,3.3,No,Standard,No,Yes,6,Net Banking,Weekly
1811,30,Male,Jeans,Footwear,78,Lucknow,XL,Red,Winter,4.4,No,Standard,Yes,No,22,Card,Quarterly
1812,51,Female,Watch,Clothing,215,Mumbai,XL,Red,Winter,4.9,Yes,Standard,Yes,Yes,29,Cash,Quarterly
1813,53,Male,Shirt,Accessories,295,Lucknow,L,Red,Winter,3.4,No,Express,Yes,No,11,Card,Weekly
1814,43,Female,Bag,Footwear,73,Bangalore,L,Black,Summer,1.9,No,Standard,No,No,6,Card,Monthly
1815,63,Female,Watch,Clothing,286,Delhi,M,Blue,Winter,1.4,No,Express,No,No,12,Cash,Weekly
1816,23,Male,Bag,Footwear,29,Lucknow,XL,White,Spring,4.5,Yes,Next Day,Yes,No,3,Cash,Monthly
1817,30,Male,Bag,Clothing,305,Bangalore,S,Blue,Winter,2,Yes,Standard,No,Yes,12,UPI,Quarterly
1818,31,Female,Bag,Accessories,27,Mumbai,M,Black,Autumn,4.6,No,Next Day,No,No,26,Cash,Quarterly
1819,25,Male,Bag,Footwear,95,Delhi,S,Red,Autumn,4.5,No,Express,Yes,No,40,Net Banking,Quarterly
1820,33,Male,Bag,Clothing,181,Mumbai,XL,Blue,Spring,3.5,No,Express,No,No,43,UPI,Weekly
1821,34,Female,Shirt,Footwear,311,Bangalore,L,Red,Winter,3.4,No,Next Day,Yes,Yes,33,Net Banking,Quarterly
1822,57,Male,Bag,Clothing,362,Delhi,L,Red,Summer,4.8,No,Next Day,Yes,Yes,17,Card,Quarterly
1823,33,Female,Shoes,Clothing,239,Mumbai,XL,Red,Autumn,4,Yes,Next Day,No,No,46,Net Banking,Monthly
1824,63,Female,Watch,Accessories,74,Bangalore,S,White,Spring,3.7,No,Next Day,No,Yes,45,Net Banking,Weekly
1825,58,Male,Jeans,Accessories,199,Bangalore,XL,Red,Winter,2.7,Yes,Standard,Yes,No,17,UPI,Weekly
1826,64,Male,Bag,Footwear,395,Lucknow,S,White,Summer,2.9,Yes,Express,Yes,Yes,0,Card,Quarterly
1827,23,Female,Shoes,Footwear,54,Delhi,XL,Black,Winter,2.6,No,Express,Yes,Yes,21,UPI,Weekly
1828,69,Male,Jeans,Footwear,360,Lucknow,L,White,Winter,4.8,No,Express,Yes,Yes,23,UPI,Weekly
1829,49,Male,Watch,Accessories,199,Mumbai,XL,Blue,Autumn,3.6,No,Next Day,Yes,Yes,33,Cash,Weekly
1830,69,Male,Bag,Clothing,11,Delhi,S,Red,Spring,4.1,No,Express,Yes,No,7,Card,Weekly
1831,36,Female,Shirt,Footwear,350,Lucknow,XL,Black,Summer,1.1,Yes,Express,No,No,27,Card,Quarterly
1832,67,Male,Shirt,Accessories,23,Bangalore,XL,Red,Autumn,4.4,Yes,Next Day,No,Yes,15,Net Banking,Weekly
1833,48,Female,Shoes,Clothing,191,Bangalore,S,Black,Autumn,2.7,Yes,Next Day,No,No,24,Net Banking,Quarterly
1834,21,Male,Shoes,Footwear,105,Mumbai,L,Red,Autumn,3.9,Yes,Next Day,No,No,1,Cash,Monthly
1835,39,Female,Watch,Accessories,296,Lucknow,XL,Black,Spring,1.2,Yes,Express,No,Yes,26,Net Banking,Monthly
1836,25,Female,Bag,Accessories,37,Delhi,M,Black,Autumn,4.6,Yes,Standard,No,Yes,1,Net Banking,Monthly
1837,66,Male,Jeans,Accessories,54,Delhi,M,Black,Spring,3.6,No,Next Day,No,Yes,42,Net Banking,Quarterly
1838,33,Female,Bag,Footwear,270,Delhi,M,Blue,Summer,2.8,No,Next Day,No,Yes,35,Net Banking,Monthly
1839,29,Male,Jeans,Clothing,497,Bangalore,L,White,Spring,2.2,Yes,Standard,Yes,Yes,46,Card,Weekly
1840,46,Male,Bag,Accessories,29,Delhi,XL,White,Autumn,2.2,No,Standard,Yes,No,32,Net Banking,Quarterly
1841,40,Female,Shoes,Clothing,235,Lucknow,L,Black,Autumn,2.2,Yes,Express,Yes,Yes,48,Net Banking,Weekly
1842,23,Female,Watch,Accessories,403,Delhi,L,White,Winter,1.5,Yes,Standard,No,No,10,Card,Monthly
1843,60,Female,Bag,Clothing,152,Bangalore,XL,Red,Summer,2.9,No,Express,No,No,0,Card,Quarterly
1844,61,Male,Shoes,Accessories,251,Lucknow,XL,Blue,Spring,2.8,Yes,Express,Yes,Yes,45,UPI,Monthly
1845,56,Male,Bag,Footwear,420,Lucknow,M,White,Spring,2.6,Yes,Standard,No,Yes,32,Net Banking,Monthly
1846,50,Male,Watch,Accessories,366,Mumbai,XL,Black,Winter,3.8,Yes,Next Day,Yes,No,34,Net Banking,Weekly
1847,38,Male,Shoes,Footwear,153,Delhi,M,Black,Winter,2.7,No,Standard,Yes,No,14,Cash,Quarterly
1848,46,Male,Watch,Footwear,377,Lucknow,L,Black,Spring,1.4,Yes,Standard,No,No,16,Net Banking,Monthly
1849,45,Female,Jeans,Clothing,341,Mumbai,M,Black,Autumn,4.4,No,Next Day,Yes,No,33,Card,Quarterly
1850,26,Male,Bag,Accessories,258,Lucknow,XL,Blue,Summer,2.7,Yes,Standard,No,Yes,20,Net Banking,Quarterly
1851,22,Female,Shoes,Accessories,226,Delhi,L,Black,Summer,3.6,No,Standard,Yes,Yes,3,Net Banking,Monthly
1852,31,Male,Bag,Accessories,463,Bangalore,L,Black,Autumn,4.7,No,Next Day,No,Yes,14,Net Banking,Monthly
1853,41,Male,Jeans,Footwear,438,Delhi,M,Blue,Winter,4.1,Yes,Next Day,Yes,No,19,UPI,Monthly
1854,26,Male,Shirt,Accessories,495,Mumbai,L,Red,Spring,3.2,Yes,Standard,No,No,41,Cash,Monthly
1855,23,Male,Jeans,Clothing,340,Delhi,XL,White,Winter,3.2,Yes,Standard,No,No,17,UPI,Weekly
1856,62,Male,Bag,Accessories,186,Lucknow,M,Black,Spring,4.4,No,Next Day,Yes,Yes,24,UPI,Monthly
1857,37,Male,Jeans,Clothing,63,Bangalore,XL,Red,Autumn,4.3,No,Express,No,No,29,Net Banking,Monthly
1858,48,Female,Watch,Accessories,71,Delhi,M,Black,Spring,1.7,Yes,Express,No,Yes,6,Cash,Weekly
1859,45,Female,Watch,Accessories,476,Mumbai,S,White,Spring,3.5,No,Express,No,No,29,Net Banking,Weekly
1860,56,Male,Jeans,Footwear,187,Mumbai,L,Blue,Spring,4.5,No,Express,Yes,Yes,10,UPI,Monthly
1861,56,Male,Shirt,Clothing,64,Bangalore,L,White,Winter,4.2,No,Next Day,Yes,No,43,Card,Weekly
1862,33,Male,Bag,Accessories,119,Mumbai,M,White,Autumn,1.5,Yes,Standard,No,No,14,Card,Weekly
1863,62,Male,Shirt,Clothing,20,Mumbai,L,Blue,Autumn,2.7,Yes,Standard,No,No,15,Cash,Quarterly
1864,37,Male,Shoes,Accessories,270,Lucknow,L,Blue,Spring,3.1,Yes,Next Day,Yes,No,20,UPI,Quarterly
1865,61,Male,Shirt,Accessories,299,Bangalore,XL,Blue,Winter,2,No,Standard,Yes,Yes,18,UPI,Weekly
1866,39,Female,Watch,Accessories,195,Lucknow,XL,Blue,Winter,3.7,Yes,Next Day,No,Yes,29,Card,Weekly
1867,23,Male,Watch,Clothing,374,Lucknow,XL,Blue,Summer,2.9,Yes,Express,Yes,Yes,36,Net Banking,Monthly
1868,57,Male,Watch,Clothing,245,Lucknow,M,Red,Winter,2.2,No,Standard,No,No,48,Card,Weekly
1869,19,Male,Shirt,Accessories,480,Lucknow,S,Blue,Spring,2.3,No,Express,No,No,44,Cash,Quarterly
1870,58,Female,Shoes,Accessories,383,Bangalore,S,White,Summer,4.4,No,Express,Yes,No,13,UPI,Weekly
1871,20,Male,Watch,Clothing,46,Bangalore,L,Blue,Spring,4.5,Yes,Express,Yes,Yes,30,Net Banking,Monthly
1872,28,Male,Jeans,Accessories,144,Bangalore,L,Blue,Spring,4.2,Yes,Next Day,Yes,Yes,16,Cash,Monthly
1873,49,Male,Jeans,Clothing,379,Delhi,L,Blue,Winter,4.7,Yes,Standard,No,Yes,40,Card,Monthly
1874,66,Male,Shirt,Accessories,273,Lucknow,S,Red,Summer,4.8,No,Standard,Yes,No,1,Cash,Quarterly
1875,39,Male,Bag,Accessories,379,Bangalore,L,Black,Autumn,,No,Express,No,No,49,Card,Weekly
1876,24,Female,Shirt,Footwear,174,Lucknow,XL,Blue,Winter,1.4,No,Express,Yes,No,18,Cash,Quarterly
1877,30,Male,Jeans,Footwear,28,Bangalore,L,Blue,Winter,4.2,No,Next Day,Yes,No,37,Card,Quarterly
1878,64,Male,Shirt,Footwear,394,Mumbai,L,Red,Summer,3.5,Yes,Next Day,No,No,33,Cash,Monthly
1879,55,Female,Jeans,Clothing,394,Mumbai,S,Black,Summer,2.5,No,Next Day,No,Yes,18,UPI,Monthly
1880,23,Male,Shirt,Footwear,323,Lucknow,M,Blue,Spring,4.9,No,Express,Yes,No,48,UPI,Weekly
1881,38,Male,Shirt,Accessories,208,Bangalore,L,Red,Winter,2.4,No,Express,No,No,13,Net Banking,Quarterly
1882,31,Male,Jeans,Accessories,14,Lucknow,L,White,Winter,4.6,Yes,Next Day,Yes,Yes,37,UPI,Quarterly
1883,27,Female,Bag,Footwear,366,Bangalore,L,Blue,Autumn,3.4,No,Next Day,Yes,No,46,Card,Monthly
1884,62,Female,Bag,Clothing,333,Bangalore,L,White,Summer,1.1,No,Standard,Yes,Yes,5,Cash,Quarterly
1885,50,Female,Watch,Clothing,337,Delhi,L,Red,Winter,4.4,Yes,Express,No,No,45,Net Banking,Monthly
1886,27,Female,Shoes,Footwear,93,Delhi,M,White,Summer,4,No,Next Day,Yes,Yes,44,Card,Quarterly
1887,51,Female,Watch,Accessories,368,Bangalore,L,Black,Summer,3.6,No,Standard,Yes,Yes,18,UPI,Quarterly
1888,39,Female,Bag,Accessories,364,Delhi,M,White,Winter,3.5,Yes,Next Day,Yes,No,41,Cash,Monthly
1889,21,Female,Shoes,Clothing,430,Delhi,M,Blue,Summer,1.9,Yes,Next Day,No,Yes,0,Card,Monthly
1890,41,Female,Shoes,Accessories,287,Lucknow,M,Black,Winter,1.9,No,Standard,No,Yes,9,Net Banking,Monthly
1891,27,Female,Shirt,Clothing,368,Bangalore,L,Black,Spring,1.1,No,Express,No,No,37,Card,Weekly
1892,30,Male,Shoes,Accessories,206,Delhi,XL,Red,Summer,1.6,Yes,Express,No,No,46,UPI,Weekly
1893,63,Male,Bag,Accessories,351,Mumbai,L,Red,Summer,2.3,No,Express,Yes,No,6,Cash,Weekly
1894,54,Female,Shirt,Footwear,350,Mumbai,S,Black,Summer,3.2,No,Express,No,No,35,Net Banking,Weekly
1895,24,Male,Shirt,Footwear,391,Delhi,L,White,Winter,1.5,No,Next Day,Yes,No,5,UPI,Weekly
1896,62,Male,Watch,Clothing,429,Bangalore,M,Blue,Summer,3.2,No,Next Day,Yes,Yes,39,UPI,Quarterly
1897,47,Female,Bag,Clothing,11,Mumbai,S,Red,Winter,2.1,Yes,Express,No,Yes,44,Net Banking,Monthly
1898,63,Female,Shirt,Accessories,391,Lucknow,S,Red,Spring,2,No,Standard,Yes,No,22,Cash,Weekly
1899,56,Female,Watch,Footwear,398,Delhi,XL,Red,Summer,4.8,No,Next Day,Yes,No,5,Card,Quarterly
1900,35,Male,Watch,Clothing,277,Lucknow,M,Red,Summer,5,Yes,Express,Yes,Yes,10,Net Banking,Weekly
1901,45,Male,Shirt,Accessories,264,Delhi,S,White,Autumn,4.2,Yes,Next Day,Yes,Yes,25,Card,Quarterly
1902,45,Male,Shoes,Accessories,364,Lucknow,S,Red,Spring,1.2,Yes,Next Day,Yes,Yes,39,Cash,Weekly
1903,55,Male,Shoes,Clothing,233,Lucknow,L,White,Summer,3.9,No,Standard,Yes,No,25,Net Banking,Weekly
1904,30,Female,Watch,Accessories,212,Mumbai,XL,White,Autumn,1.7,No,Express,Yes,No,23,Cash,Weekly
1905,35,Male,Shirt,Clothing,403,Mumbai,M,Blue,Summer,3.3,No,Standard,Yes,Yes,30,Net Banking,Monthly
1906,30,Male,Jeans,Accessories,396,Delhi,S,Red,Winter,4.6,No,Express,Yes,Yes,48,Cash,Quarterly
1907,33,Male,Shoes,Footwear,111,Mumbai,M,Black,Summer,2.5,No,Next Day,Yes,No,39,Cash,Monthly
1908,26,Female,Shirt,Accessories,416,Bangalore,L,White,Winter,4.7,No,Express,No,Yes,7,Card,Weekly
1909,19,Male,Jeans,Clothing,169,Bangalore,S,White,Spring,3.8,Yes,Standard,Yes,No,9,Card,Weekly
1910,66,Male,Shirt,Footwear,77,Delhi,M,White,Winter,2.2,Yes,Next Day,Yes,No,17,Cash,Monthly
1911,21,Female,Shirt,Clothing,440,Delhi,S,Red,Summer,1.4,Yes,Standard,No,No,13,Cash,Monthly
1912,64,Female,Jeans,Footwear,126,Bangalore,M,White,Spring,4.3,No,Standard,No,No,36,Cash,Quarterly
1913,18,Male,Bag,Footwear,109,Bangalore,S,White,Autumn,2.8,No,Express,No,No,49,Card,Weekly
1914,58,Female,Bag,Accessories,142,Lucknow,S,Black,Spring,1.3,No,Next Day,No,No,28,Card,Weekly
1915,35,Female,Watch,Clothing,250,Lucknow,S,Blue,Spring,1.4,Yes,Next Day,No,No,44,Card,Quarterly
1916,44,Male,Watch,Footwear,91,Bangalore,L,Red,Autumn,4.9,No,Express,No,Yes,21,Card,Weekly
1917,32,Male,Watch,Footwear,88,Bangalore,M,Blue,Winter,2,Yes,Next Day,No,No,34,Card,Quarterly
1918,43,Female,Shirt,Accessories,202,Bangalore,XL,Red,Summer,4.9,Yes,Next Day,Yes,Yes,35,Net Banking,Monthly
1919,41,Male,Bag,Footwear,116,Mumbai,M,Red,Autumn,3.7,Yes,Express,Yes,Yes,14,Net Banking,Monthly
1920,45,Female,Shoes,Footwear,104,Bangalore,S,White,Spring,2.2,Yes,Standard,No,Yes,36,Card,Weekly
1921,38,Female,Jeans,Footwear,456,Delhi,S,White,Spring,2.5,Yes,Next Day,No,Yes,26,UPI,Quarterly
1922,45,Female,Bag,Clothing,301,Lucknow,XL,Black,Winter,4.1,Yes,Express,Yes,Yes,28,Net Banking,Weekly
1923,60,Female,Shirt,Accessories,16,Lucknow,L,Blue,Spring,2.7,Yes,Standard,Yes,Yes,12,UPI,Weekly
1924,40,Male,Jeans,Clothing,59,Mumbai,M,Blue,Summer,1.3,No,Next Day,Yes,No,15,UPI,Monthly
1925,36,Female,Shoes,Clothing,408,Mumbai,L,Red,Autumn,1.9,Yes,Express,No,Yes,42,UPI,Weekly
1926,24,Female,Shoes,Accessories,142,Mumbai,L,Blue,Spring,4.4,No,Next Day,Yes,Yes,30,UPI,Weekly
1927,36,Male,Jeans,Clothing,84,Lucknow,S,White,Winter,3.8,Yes,Standard,Yes,Yes,6,Cash,Weekly
1928,24,Female,Watch,Clothing,336,Delhi,L,Blue,Autumn,3,No,Standard,Yes,No,27,Cash,Monthly
1929,27,Male,Jeans,Footwear,420,Mumbai,S,Blue,Summer,2,No,Express,Yes,No,30,Cash,Quarterly
1930,67,Male,Watch,Accessories,205,Bangalore,S,White,Winter,2.9,Yes,Express,Yes,Yes,39,Cash,Quarterly
1931,22,Male,Jeans,Accessories,374,Bangalore,L,Blue,Autumn,4.2,No,Next Day,Yes,Yes,42,UPI,Quarterly
1932,43,Male,Shirt,Clothing,216,Mumbai,M,Black,Autumn,1.3,No,Standard,No,No,32,UPI,Weekly
1933,61,Female,Bag,Footwear,63,Delhi,S,Blue,Spring,5,No,Next Day,No,No,0,Net Banking,Weekly
1934,67,Male,Shoes,Accessories,400,Bangalore,S,Blue,Spring,4.4,No,Standard,No,Yes,24,UPI,Weekly
1935,25,Male,Shoes,Accessories,460,Bangalore,L,Red,Spring,2.3,No,Next Day,Yes,No,10,Net Banking,Weekly
1936,26,Female,Shoes,Clothing,492,Lucknow,L,Red,Autumn,4.5,Yes,Next Day,Yes,Yes,0,UPI,Weekly
1937,37,Female,Shoes,Clothing,59,Delhi,S,Red,Winter,,Yes,Express,No,Yes,46,UPI,Monthly
1938,46,Male,Bag,Clothing,286,Delhi,M,Blue,Winter,3.7,Yes,Next Day,Yes,Yes,8,Cash,Weekly
1939,67,Male,Jeans,Clothing,315,Mumbai,M,Red,Autumn,1.6,Yes,Express,No,Yes,12,UPI,Weekly
1940,28,Female,Watch,Footwear,48,Bangalore,XL,Black,Spring,4.6,Yes,Express,Yes,No,16,UPI,Monthly
1941,26,Female,Shoes,Accessories,476,Delhi,XL,Black,Autumn,2.8,No,Standard,No,Yes,23,UPI,Quarterly
1942,31,Female,Bag,Accessories,60,Delhi,M,Red,Autumn,4.2,No,Standard,No,No,30,Cash,Monthly
1943,63,Female,Bag,Footwear,141,Mumbai,L,White,Autumn,2.2,Yes,Express,No,Yes,15,Card,Monthly
1944,19,Male,Shoes,Footwear,484,Mumbai,XL,Red,Autumn,2.2,Yes,Standard,Yes,No,39,UPI,Weekly
1945,37,Female,Bag,Clothing,282,Bangalore,M,Black,Autumn,4.9,Yes,Standard,Yes,Yes,7,Net Banking,Quarterly
1946,24,Male,Watch,Accessories,342,Delhi,S,White,Autumn,3,Yes,Express,Yes,Yes,47,UPI,Weekly
1947,26,Male,Shoes,Accessories,251,Lucknow,M,Blue,Summer,1.2,Yes,Express,Yes,No,42,Cash,Quarterly
1948,65,Female,Bag,Clothing,378,Delhi,L,Red,Spring,4.3,No,Standard,Yes,No,29,UPI,Weekly
1949,18,Female,Watch,Footwear,49,Mumbai,XL,White,Spring,1.9,Yes,Next Day,Yes,No,2,Net Banking,Quarterly
1950,34,Male,Bag,Accessories,341,Lucknow,M,White,Winter,4.5,No,Next Day,No,No,36,Card,Quarterly
1951,65,Male,Shoes,Accessories,42,Bangalore,S,Black,Summer,4.7,No,Next Day,Yes,Yes,35,Net Banking,Monthly
1952,49,Female,Bag,Accessories,98,Lucknow,S,Black,Summer,1.3,No,Standard,Yes,Yes,31,Net Banking,Monthly
1953,21,Male,Watch,Footwear,258,Delhi,M,Red,Summer,3.3,No,Next Day,No,No,14,UPI,Quarterly
1954,42,Female,Shoes,Clothing,229,Bangalore,S,White,Spring,4.9,No,Standard,Yes,No,21,Net Banking,Quarterly
1955,68,Male,Bag,Accessories,84,Delhi,S,White,Winter,4.7,No,Standard,No,No,20,Net Banking,Weekly
1956,38,Female,Watch,Footwear,401,Bangalore,L,Red,Spring,3.1,No,Next Day,Yes,No,30,Card,Monthly
1957,45,Male,Shoes,Footwear,157,Mumbai,XL,Black,Spring,3.7,Yes,Next Day,Yes,Yes,16,Cash,Quarterly
1958,45,Male,Shoes,Accessories,434,Lucknow,S,Red,Summer,3.4,No,Standard,No,No,20,Card,Monthly
1959,52,Male,Jeans,Clothing,17,Delhi,L,Red,Summer,1.8,Yes,Express,No,Yes,45,Net Banking,Quarterly
1960,27,Female,Shoes,Footwear,126,Lucknow,L,Blue,Spring,3.6,No,Express,Yes,No,22,Net Banking,Monthly
1961,61,Female,Bag,Footwear,155,Mumbai,L,Red,Summer,2.3,Yes,Next Day,Yes,No,29,UPI,Weekly
1962,69,Female,Shirt,Accessories,302,Bangalore,XL,Black,Winter,2.4,Yes,Express,No,Yes,45,UPI,Weekly
1963,25,Female,Jeans,Accessories,206,Bangalore,XL,White,Summer,2.7,Yes,Express,Yes,Yes,47,Net Banking,Weekly
1964,60,Male,Bag,Accessories,86,Delhi,M,Black,Winter,4.4,No,Standard,No,Yes,28,UPI,Quarterly
1965,60,Female,Watch,Clothing,289,Mumbai,XL,White,Summer,2,Yes,Next Day,Yes,Yes,13,Cash,Quarterly
1966,56,Female,Watch,Clothing,479,Bangalore,S,White,Spring,2,No,Express,No,Yes,5,Cash,Monthly
1967,37,Female,Shoes,Footwear,75,Lucknow,XL,Red,Spring,1,Yes,Next Day,No,No,42,UPI,Monthly
1968,42,Female,Shoes,Footwear,133,Lucknow,S,White,Winter,1.6,No,Express,No,Yes,26,UPI,Monthly
1969,61,Female,Watch,Clothing,244,Bangalore,S,White,Summer,4.9,No,Standard,Yes,No,28,Net Banking,Quarterly
1970,25,Female,Jeans,Accessories,366,Mumbai,S,Black,Winter,2.7,Yes,Next Day,No,Yes,47,UPI,Monthly
1971,61,Female,Shirt,Footwear,76,Mumbai,S,Red,Winter,1.8,Yes,Standard,No,No,18,UPI,Monthly
1972,65,Male,Jeans,Clothing,123,Mumbai,M,Red,Spring,4.9,Yes,Standard,Yes,Yes,5,Net Banking,Monthly
1973,53,Female,Jeans,Clothing,125,Mumbai,L,White,Summer,1.1,No,Express,Yes,No,33,Cash,Weekly
1974,35,Male,Shirt,Clothing,311,Mumbai,L,Red,Autumn,2.9,Yes,Express,No,No,48,Cash,Quarterly
1975,47,Female,Shirt,Clothing,50,Lucknow,S,Red,Spring,4.2,No,Next Day,Yes,No,8,UPI,Quarterly
1976,20,Male,Watch,Accessories,333,Mumbai,M,Red,Winter,4.1,Yes,Express,No,No,49,Cash,Weekly
1977,66,Female,Jeans,Accessories,218,Delhi,S,Black,Spring,1.8,Yes,Express,No,Yes,27,Card,Weekly
1978,35,Male,Shoes,Footwear,170,Bangalore,S,Blue,Winter,3.8,Yes,Standard,No,No,28,Card,Monthly
1979,20,Female,Watch,Footwear,432,Bangalore,L,Blue,Winter,3.5,No,Express,Yes,Yes,47,Net Banking,Quarterly
1980,59,Male,Jeans,Footwear,411,Mumbai,L,White,Autumn,3.7,Yes,Standard,No,No,16,UPI,Weekly
1981,52,Male,Shoes,Footwear,403,Bangalore,S,White,Winter,2.1,Yes,Standard,No,No,37,Net Banking,Quarterly
1982,50,Female,Shoes,Footwear,443,Lucknow,M,Red,Winter,4.2,Yes,Standard,No,Yes,0,Net Banking,Weekly
1983,20,Female,Jeans,Accessories,124,Lucknow,XL,Black,Autumn,3.2,No,Express,No,Yes,33,UPI,Weekly
1984,57,Male,Shoes,Footwear,428,Lucknow,L,Red,Autumn,3.9,No,Standard,No,Yes,0,Net Banking,Weekly
1985,51,Male,Bag,Clothing,96,Bangalore,S,Blue,Summer,4.8,Yes,Standard,Yes,No,0,Cash,Monthly
1986,59,Female,Bag,Footwear,172,Delhi,XL,Red,Summer,4.4,No,Standard,Yes,No,19,Net Banking,Monthly
1987,61,Female,Bag,Clothing,282,Bangalore,S,Blue,Winter,4.1,Yes,Next Day,No,Yes,18,UPI,Monthly
1988,29,Male,Shoes,Accessories,374,Lucknow,M,Red,Spring,2.2,No,Next Day,No,No,39,Card,Monthly
1989,28,Female,Watch,Clothing,293,Lucknow,L,Black,Summer,1.2,No,Standard,Yes,Yes,44,Cash,Quarterly
1990,66,Male,Watch,Accessories,284,Lucknow,L,Black,Autumn,3.3,Yes,Express,No,Yes,47,Net Banking,Quarterly
1991,45,Female,Shoes,Footwear,194,Lucknow,S,Black,Summer,1.1,No,Standard,Yes,No,31,Card,Quarterly
1992,40,Male,Bag,Clothing,300,Bangalore,XL,White,Summer,3.9,Yes,Express,No,No,7,Card,Monthly
1993,32,Male,Shirt,Accessories,242,Delhi,S,Black,Autumn,3.9,No,Express,No,No,33,Net Banking,Weekly
1994,51,Male,Shoes,Clothing,243,Mumbai,L,Blue,Summer,3.3,Yes,Standard,Yes,Yes,24,Cash,Quarterly
1995,57,Female,Jeans,Clothing,297,Mumbai,M,Blue,Winter,1.7,No,Express,No,No,26,Cash,Quarterly
1996,18,Female,Bag,Accessories,304,Lucknow,XL,White,Spring,4.5,No,Standard,Yes,No,25,Cash,Quarterly
1997,46,Male,Watch,Accessories,171,Lucknow,XL,Blue,Summer,3.4,No,Express,No,Yes,44,Cash,Quarterly
1998,69,Female,Jeans,Clothing,76,Mumbai,XL,White,Winter,3.1,Yes,Next Day,Yes,No,19,UPI,Weekly
1999,32,Female,Watch,Accessories,156,Mumbai,XL,White,Summer,3.3,No,Standard,Yes,Yes,48,Cash,Monthly
2000,32,Female,Watch,Footwear,210,Delhi,L,Red,Autumn,1.3,No,Next Day,Yes,Yes,26,UPI,Quarterly
2001,63,Female,Watch,Accessories,88,Delhi,S,Blue,Autumn,4,No,Next Day,Yes,No,34,Card,Quarterly
2002,21,Male,Bag,Footwear,97,Mumbai,L,Red,Summer,1.2,Yes,Next Day,Yes,No,46,Cash,Weekly
2003,38,Male,Watch,Footwear,475,Delhi,M,Red,Autumn,3.3,Yes,Next Day,Yes,Yes,40,UPI,Quarterly
2004,41,Female,Shoes,Accessories,147,Mumbai,L,Black,Spring,1.7,Yes,Standard,Yes,Yes,21,Net Banking,Weekly
2005,59,Male,Jeans,Accessories,372,Lucknow,S,White,Autumn,1.8,Yes,Standard,No,No,10,UPI,Monthly
2006,24,Male,Shirt,Footwear,72,Bangalore,L,Blue,Spring,1.9,Yes,Standard,Yes,Yes,6,Card,Quarterly
2007,40,Male,Jeans,Accessories,486,Bangalore,M,White,Autumn,1.1,Yes,Express,No,Yes,18,Net Banking,Weekly
2008,25,Female,Jeans,Accessories,114,Delhi,L,Red,Spring,4.6,Yes,Next Day,No,Yes,33,Card,Weekly
2009,58,Female,Shirt,Clothing,202,Lucknow,M,White,Winter,4.2,No,Express,No,No,39,Net Banking,Quarterly
2010,50,Female,Watch,Clothing,393,Bangalore,M,Black,Autumn,1.1,Yes,Standard,Yes,No,1,Cash,Quarterly
2011,43,Male,Jeans,Clothing,108,Bangalore,S,Black,Spring,1.2,Yes,Standard,Yes,No,23,UPI,Weekly
2012,38,Male,Bag,Accessories,279,Mumbai,XL,Black,Spring,4.1,No,Standard,Yes,No,47,Card,Quarterly
2013,25,Female,Shoes,Footwear,394,Bangalore,S,White,Spring,1,Yes,Express,No,Yes,41,Card,Monthly
2014,65,Male,Jeans,Clothing,21,Lucknow,S,White,Winter,2.9,Yes,Standard,No,No,46,Card,Quarterly
2015,51,Female,Bag,Clothing,22,Bangalore,M,White,Autumn,1.4,No,Standard,Yes,No,47,Net Banking,Monthly
2016,34,Male,Shirt,Clothing,396,Mumbai,S,Blue,Summer,3.4,Yes,Standard,Yes,No,4,Card,Monthly
2017,39,Male,Shoes,Accessories,138,Bangalore,XL,Blue,Summer,5,Yes,Standard,No,No,34,Card,Weekly
2018,55,Male,Watch,Clothing,455,Lucknow,M,Blue,Spring,1.7,Yes,Next Day,No,Yes,27,Card,Monthly
2019,55,Female,Bag,Clothing,464,Mumbai,S,White,Spring,4.8,Yes,Standard,Yes,Yes,23,Cash,Monthly
2020,41,Female,Shoes,Clothing,441,Lucknow,M,Blue,Winter,4.5,No,Next Day,No,No,39,UPI,Monthly
2021,33,Male,Watch,Clothing,498,Bangalore,S,Red,Autumn,4.9,No,Standard,No,Yes,46,UPI,Weekly
2022,52,Female,Shirt,Clothing,413,Delhi,L,Red,Summer,4.1,No,Express,Yes,Yes,23,Net Banking,Monthly
2023,52,Female,Shoes,Footwear,197,Lucknow,M,Blue,Spring,4.4,No,Standard,No,Yes,32,UPI,Weekly
2024,49,Female,Bag,Footwear,496,Bangalore,S,Blue,Summer,3.4,No,Express,Yes,No,23,Net Banking,Quarterly
2025,21,Female,Shirt,Accessories,179,Mumbai,XL,Red,Summer,4.5,No,Next Day,No,No,31,Card,Monthly
2026,42,Male,Shoes,Clothing,297,Delhi,L,White,Spring,1.4,No,Next Day,Yes,Yes,48,Cash,Monthly
2027,49,Female,Jeans,Clothing,12,Lucknow,M,Black,Autumn,4,Yes,Express,Yes,No,40,Card,Quarterly
2028,67,Female,Jeans,Clothing,481,Lucknow,L,Red,Autumn,3.5,No,Express,Yes,No,11,Card,Monthly
2029,45,Male,Jeans,Accessories,300,Delhi,L,Black,Winter,1.2,No,Express,Yes,No,43,Cash,Quarterly
2030,35,Male,Shoes,Accessories,474,Bangalore,S,Black,Summer,2.2,Yes,Next Day,No,No,26,Cash,Quarterly
2031,46,Female,Shirt,Clothing,182,Delhi,XL,Red,Summer,1.9,Yes,Express,No,Yes,29,Cash,Quarterly
2032,27,Female,Jeans,Accessories,163,Mumbai,M,Blue,Winter,2.6,No,Express,Yes,Yes,5,UPI,Monthly
2033,22,Male,Shoes,Clothing,265,Bangalore,S,Blue,Summer,1.8,Yes,Standard,No,No,22,UPI,Monthly
2034,53,Male,Watch,Accessories,433,Delhi,L,Black,Autumn,2.1,No,Next Day,Yes,No,15,Net Banking,Quarterly
2035,69,Female,Shirt,Footwear,278,Bangalore,XL,White,Autumn,2.2,No,Express,Yes,Yes,4,Card,Monthly
2036,61,Male,Watch,Clothing,398,Mumbai,L,White,Winter,3.4,Yes,Standard,Yes,No,42,UPI,Weekly
2037,48,Male,Bag,Accessories,115,Bangalore,M,White,Summer,1.5,No,Standard,Yes,No,6,Net Banking,Monthly
2038,20,Female,Jeans,Accessories,390,Lucknow,M,Black,Autumn,2,Yes,Express,Yes,Yes,35,Cash,Weekly
2039,69,Female,Shirt,Footwear,368,Delhi,L,Black,Spring,2.3,Yes,Next Day,Yes,Yes,37,Net Banking,Quarterly
2040,41,Male,Bag,Accessories,449,Lucknow,S,Black,Winter,2.8,No,Next Day,Yes,Yes,30,Card,Monthly
2041,33,Male,Jeans,Accessories,38,Delhi,XL,Black,Spring,1.2,No,Next Day,No,Yes,42,Card,Weekly
2042,64,Male,Shoes,Footwear,198,Delhi,M,Blue,Autumn,5,Yes,Next Day,No,No,5,Net Banking,Monthly
2043,56,Male,Watch,Accessories,53,Mumbai,S,Red,Spring,2.2,Yes,Express,Yes,Yes,0,Cash,Weekly
2044,56,Female,Shirt,Accessories,206,Mumbai,S,Black,Summer,2.1,Yes,Next Day,Yes,Yes,42,Net Banking,Quarterly
2045,32,Male,Watch,Clothing,381,Delhi,L,Blue,Spring,3.2,No,Standard,No,No,9,Net Banking,Monthly
2046,69,Male,Shoes,Accessories,323,Mumbai,S,Red,Autumn,4.4,Yes,Express,No,Yes,14,UPI,Weekly
2047,41,Male,Bag,Clothing,378,Lucknow,XL,Blue,Summer,2.8,Yes,Express,Yes,No,34,Card,Monthly
2048,45,Female,Jeans,Accessories,371,Bangalore,XL,Blue,Autumn,2,Yes,Next Day,No,No,26,Net Banking,Weekly
2049,57,Female,Watch,Clothing,496,Bangalore,S,Red,Summer,3.3,No,Standard,Yes,Yes,10,UPI,Monthly
2050,52,Female,Bag,Clothing,441,Delhi,S,White,Spring,2.9,No,Standard,No,No,11,Card,Quarterly
2051,26,Male,Shirt,Accessories,297,Delhi,XL,Blue,Autumn,2.7,No,Next Day,Yes,Yes,41,Cash,Monthly
2052,33,Female,Shoes,Accessories,439,Mumbai,S,Black,Autumn,4.9,Yes,Express,Yes,Yes,26,Card,Monthly
2053,36,Male,Jeans,Footwear,33,Lucknow,M,White,Autumn,5,No,Express,Yes,Yes,46,Card,Monthly
2054,67,Female,Shoes,Clothing,363,Lucknow,XL,Red,Summer,3.2,No,Standard,Yes,No,28,Net Banking,Monthly
2055,55,Female,Watch,Footwear,265,Delhi,S,Blue,Autumn,1.3,No,Express,Yes,No,33,Card,Weekly
2056,37,Female,Bag,Clothing,478,Mumbai,L,Red,Autumn,3.3,Yes,Express,No,No,17,Cash,Weekly
2057,56,Male,Shoes,Footwear,256,Mumbai,M,White,Spring,4.8,No,Express,Yes,Yes,1,UPI,Quarterly
2058,56,Female,Watch,Footwear,97,Bangalore,M,Black,Spring,4.7,Yes,Next Day,No,No,25,Card,Quarterly
2059,38,Female,Shoes,Footwear,364,Delhi,XL,White,Summer,1.9,No,Standard,No,No,36,Net Banking,Weekly
2060,38,Female,Shoes,Clothing,475,Mumbai,L,Red,Spring,1.8,Yes,Next Day,No,No,20,Card,Quarterly
2061,64,Male,Bag,Footwear,17,Lucknow,M,Red,Autumn,1.6,No,Express,Yes,Yes,43,Cash,Weekly
2062,47,Female,Watch,Clothing,41,Mumbai,XL,White,Spring,4.3,No,Express,Yes,Yes,34,Card,Monthly
2063,25,Female,Jeans,Footwear,334,Lucknow,L,Blue,Spring,3,Yes,Next Day,No,Yes,25,Cash,Quarterly
2064,55,Male,Watch,Accessories,282,Bangalore,S,White,Spring,2.4,Yes,Standard,Yes,Yes,27,Card,Weekly
2065,48,Female,Watch,Accessories,278,Bangalore,M,Red,Summer,2.3,No,Next Day,No,No,11,Net Banking,Quarterly
2066,44,Male,Watch,Accessories,54,Mumbai,S,White,Spring,2.1,No,Express,Yes,No,43,UPI,Quarterly
2067,55,Female,Shoes,Clothing,290,Lucknow,L,Blue,Autumn,4.5,Yes,Next Day,No,No,2,Card,Monthly
2068,65,Female,Shoes,Footwear,288,Delhi,XL,Red,Spring,2.6,No,Standard,No,No,2,Card,Quarterly
2069,35,Male,Bag,Footwear,426,Lucknow,S,Blue,Winter,2,No,Next Day,No,Yes,39,Cash,Weekly
2070,39,Male,Watch,Footwear,201,Lucknow,XL,Blue,Autumn,3.8,No,Standard,No,No,1,Cash,Monthly
2071,27,Female,Watch,Footwear,180,Bangalore,XL,Blue,Spring,3.5,No,Express,No,No,25,UPI,Weekly
2072,51,Male,Shirt,Footwear,49,Lucknow,XL,White,Summer,3.9,Yes,Next Day,No,No,9,Cash,Monthly
2073,38,Male,Watch,Footwear,287,Bangalore,L,White,Spring,4.3,No,Express,No,No,34,Net Banking,Weekly
2074,35,Male,Shoes,Accessories,327,Bangalore,M,Black,Winter,1.4,Yes,Express,No,Yes,5,Cash,Monthly
2075,54,Female,Jeans,Footwear,147,Delhi,S,White,Autumn,1,No,Standard,No,No,13,Cash,Quarterly
2076,39,Female,Watch,Clothing,368,Delhi,XL,Red,Winter,1.2,No,Standard,No,No,26,Net Banking,Weekly
2077,42,Female,Jeans,Footwear,469,Delhi,M,Black,Summer,3.8,No,Standard,Yes,No,18,Card,Quarterly
2078,40,Male,Watch,Accessories,95,Delhi,M,White,Spring,4.7,No,Next Day,No,Yes,10,Card,Quarterly
2079,31,Male,Bag,Accessories,290,Lucknow,L,Black,Spring,2.3,Yes,Standard,Yes,No,3,Card,Weekly
2080,24,Female,Shirt,Accessories,350,Delhi,L,White,Summer,4.1,No,Standard,No,No,0,Card,Quarterly
2081,61,Female,Shoes,Clothing,19,Delhi,XL,Blue,Winter,3.9,Yes,Express,No,No,9,UPI,Weekly
2082,22,Female,Jeans,Accessories,97,Lucknow,XL,White,Summer,4.9,No,Express,No,No,14,Card,Monthly
2083,34,Female,Shoes,Accessories,203,Mumbai,XL,Blue,Winter,2.9,No,Next Day,Yes,No,5,Net Banking,Monthly
2084,52,Female,Shirt,Clothing,77,Lucknow,S,Black,Summer,1.7,Yes,Standard,No,No,25,UPI,Quarterly
2085,24,Male,Shoes,Footwear,184,Lucknow,S,White,Spring,4.1,No,Standard,Yes,Yes,44,Card,Monthly
2086,52,Male,Bag,Clothing,82,Bangalore,S,Red,Summer,4.3,No,Standard,No,Yes,35,Cash,Monthly
2087,56,Female,Watch,Footwear,449,Lucknow,L,Blue,Spring,3.8,No,Standard,Yes,Yes,15,UPI,Monthly
2088,52,Female,Jeans,Clothing,303,Lucknow,L,Black,Autumn,4.5,No,Express,No,No,21,Card,Quarterly
2089,33,Female,Jeans,Clothing,171,Delhi,XL,White,Spring,2.5,Yes,Standard,No,Yes,38,Net Banking,Quarterly
2090,19,Female,Bag,Clothing,391,Delhi,XL,White,Autumn,3.8,No,Next Day,No,Yes,48,Cash,Weekly
2091,64,Male,Bag,Clothing,19,Mumbai,XL,Blue,Summer,2.1,No,Next Day,Yes,No,27,Net Banking,Weekly
2092,34,Male,Jeans,Clothing,302,Bangalore,S,Red,Summer,2.8,No,Express,No,Yes,9,Net Banking,Quarterly
2093,59,Female,Shirt,Footwear,344,Lucknow,L,Black,Autumn,2,Yes,Standard,No,Yes,43,Net Banking,Weekly
2094,28,Female,Bag,Footwear,406,Delhi,XL,Black,Autumn,1.6,Yes,Next Day,No,Yes,25,Card,Weekly
2095,26,Male,Bag,Accessories,118,Delhi,XL,Red,Winter,1.1,No,Next Day,Yes,No,1,Net Banking,Weekly
2096,58,Male,Watch,Clothing,299,Mumbai,M,White,Summer,3.7,No,Next Day,No,Yes,12,Card,Weekly
2097,66,Female,Jeans,Footwear,386,Mumbai,XL,White,Winter,4.5,No,Next Day,No,No,26,UPI,Weekly
2098,62,Female,Watch,Accessories,400,Lucknow,M,Blue,Winter,2.3,No,Next Day,No,Yes,40,Net Banking,Monthly
2099,57,Female,Watch,Accessories,96,Mumbai,S,Black,Winter,2.7,No,Next Day,No,No,42,Cash,Monthly
2100,30,Male,Watch,Footwear,488,Lucknow,M,Red,Winter,1,Yes,Next Day,Yes,Yes,9,Net Banking,Weekly
2101,65,Female,Bag,Accessories,144,Delhi,M,Red,Winter,2.7,No,Express,Yes,No,36,Net Banking,Monthly
2102,52,Female,Shoes,Accessories,201,Delhi,XL,White,Summer,2.1,No,Next Day,No,Yes,48,Card,Weekly
2103,26,Female,Shoes,Footwear,104,Lucknow,S,Black,Autumn,3.3,No,Standard,No,Yes,39,Cash,Monthly
2104,24,Female,Watch,Accessories,83,Delhi,S,Red,Winter,4.6,Yes,Next Day,No,Yes,35,Cash,Quarterly
2105,63,Male,Watch,Footwear,135,Delhi,L,Red,Summer,3,Yes,Express,No,Yes,39,Card,Monthly
2106,32,Male,Shoes,Footwear,76,Bangalore,L,Red,Winter,3.7,Yes,Standard,No,Yes,27,Card,Weekly
2107,57,Male,Jeans,Footwear,369,Delhi,L,Black,Autumn,3.8,No,Next Day,Yes,Yes,30,UPI,Quarterly
2108,25,Female,Jeans,Clothing,302,Delhi,S,Black,Summer,1.6,No,Standard,Yes,No,26,Cash,Quarterly
2109,32,Male,Watch,Clothing,201,Mumbai,M,Red,Winter,2.4,Yes,Next Day,Yes,No,47,Net Banking,Quarterly
2110,32,Male,Shoes,Accessories,278,Bangalore,XL,Black,Spring,1.5,Yes,Next Day,No,Yes,18,Cash,Weekly
2111,32,Male,Jeans,Accessories,306,Bangalore,S,Red,Autumn,2.8,No,Standard,Yes,No,38,Net Banking,Weekly
2112,53,Female,Shoes,Footwear,100,Bangalore,XL,Black,Winter,4.5,No,Next Day,No,Yes,1,Card,Monthly
2113,65,Female,Bag,Clothing,155,Delhi,S,White,Spring,2.9,Yes,Standard,No,Yes,20,UPI,Weekly
2114,65,Female,Jeans,Footwear,442,Mumbai,S,Blue,Summer,2.8,Yes,Next Day,Yes,Yes,45,UPI,Monthly
2115,56,Female,Bag,Footwear,15,Mumbai,XL,Blue,Autumn,1.8,Yes,Next Day,No,Yes,12,Net Banking,Weekly
2116,28,Male,Shoes,Footwear,478,Mumbai,M,Blue,Spring,2.2,No,Express,No,Yes,39,Cash,Monthly
2117,67,Male,Shirt,Footwear,482,Bangalore,L,Blue,Winter,4.7,No,Express,No,Yes,25,Cash,Quarterly
2118,46,Male,Shoes,Footwear,134,Delhi,M,Red,Autumn,2.2,No,Next Day,No,No,6,Cash,Monthly
2119,46,Female,Watch,Accessories,167,Bangalore,L,Red,Summer,3.9,No,Next Day,Yes,Yes,5,UPI,Quarterly
2120,54,Female,Watch,Accessories,111,Lucknow,M,Red,Summer,1.2,No,Next Day,No,No,6,Net Banking,Monthly
2121,57,Male,Shoes,Accessories,284,Bangalore,M,White,Spring,1.5,No,Standard,No,No,23,Cash,Monthly
2122,67,Male,Shirt,Footwear,114,Mumbai,XL,Black,Spring,2.2,Yes,Express,Yes,Yes,15,Cash,Weekly
2123,48,Male,Watch,Clothing,397,Mumbai,L,White,Autumn,4.6,Yes,Standard,Yes,No,44,Cash,Weekly
2124,49,Female,Shirt,Accessories,199,Bangalore,L,Red,Winter,1.9,No,Standard,Yes,Yes,38,Net Banking,Weekly
2125,56,Male,Shirt,Accessories,484,Bangalore,XL,Blue,Summer,3.9,Yes,Standard,No,Yes,7,UPI,Weekly
2126,31,Female,Bag,Accessories,428,Mumbai,M,White,Spring,1.7,Yes,Express,No,Yes,25,Cash,Monthly
2127,34,Male,Bag,Accessories,206,Delhi,XL,Red,Autumn,3.5,No,Next Day,Yes,No,38,Net Banking,Weekly
2128,50,Female,Shoes,Footwear,302,Bangalore,L,Black,Autumn,3.3,No,Standard,No,Yes,32,Cash,Monthly
2129,21,Female,Shoes,Clothing,21,Bangalore,XL,Black,Spring,3.5,No,Standard,No,No,0,Card,Weekly
2130,34,Male,Shoes,Footwear,43,Delhi,M,Red,Autumn,2.1,Yes,Standard,Yes,No,0,Card,Monthly
2131,55,Female,Shoes,Footwear,257,Bangalore,L,Red,Spring,1.6,No,Standard,No,Yes,29,Card,Weekly
2132,68,Female,Shirt,Footwear,241,Delhi,S,Black,Spring,4.5,Yes,Express,No,No,46,UPI,Weekly
2133,45,Female,Shirt,Footwear,205,Bangalore,S,Red,Summer,3.3,Yes,Next Day,No,No,2,Card,Monthly
2134,38,Female,Shoes,Accessories,54,Bangalore,S,Red,Autumn,1.8,No,Standard,Yes,No,8,Cash,Quarterly
2135,40,Male,Shirt,Clothing,421,Delhi,L,White,Autumn,2.7,Yes,Next Day,Yes,Yes,9,Net Banking,Monthly
2136,53,Male,Shoes,Accessories,209,Bangalore,M,Red,Autumn,1.3,Yes,Next Day,Yes,No,15,Card,Weekly
2137,46,Female,Bag,Clothing,240,Delhi,M,White,Spring,2.9,Yes,Standard,No,Yes,44,UPI,Quarterly
2138,19,Male,Shirt,Clothing,207,Mumbai,L,Black,Summer,2.7,Yes,Express,No,No,47,Card,Quarterly
2139,46,Male,Watch,Footwear,253,Bangalore,M,White,Autumn,1.5,No,Next Day,No,Yes,15,Card,Quarterly
2140,38,Male,Watch,Accessories,327,Mumbai,S,Blue,Autumn,2.8,Yes,Next Day,Yes,Yes,36,Card,Weekly
2141,54,Male,Bag,Accessories,384,Lucknow,L,Red,Spring,3.6,No,Standard,No,No,0,Cash,Weekly
2142,63,Male,Watch,Footwear,279,Lucknow,L,White,Winter,4.7,Yes,Standard,Yes,No,25,Net Banking,Quarterly
2143,68,Male,Jeans,Clothing,91,Lucknow,S,White,Spring,3.8,No,Express,No,No,31,Cash,Quarterly
2144,49,Female,Shirt,Footwear,438,Delhi,M,Black,Winter,3,No,Next Day,No,No,43,Cash,Monthly
2145,36,Female,Shirt,Accessories,149,Delhi,S,Black,Autumn,4.1,Yes,Next Day,Yes,Yes,41,Card,Monthly
2146,41,Male,Shoes,Accessories,17,Delhi,L,Red,Spring,2.1,No,Express,No,Yes,3,Net Banking,Monthly
2147,27,Male,Watch,Accessories,29,Bangalore,S,White,Summer,3.7,No,Express,No,Yes,20,Cash,Quarterly
2148,66,Female,Jeans,Accessories,389,Mumbai,S,Red,Summer,1,Yes,Express,Yes,No,3,Net Banking,Weekly
2149,62,Male,Jeans,Accessories,199,Bangalore,M,Black,Winter,1.3,No,Express,Yes,No,0,UPI,Quarterly
2150,62,Male,Bag,Accessories,21,Mumbai,M,Black,Autumn,3.5,No,Express,Yes,Yes,7,Cash,Quarterly
2151,35,Male,Bag,Clothing,407,Delhi,XL,Red,Summer,1.8,No,Standard,No,Yes,46,UPI,Weekly
2152,34,Male,Bag,Clothing,159,Bangalore,S,Red,Winter,3.8,No,Express,No,Yes,13,Cash,Weekly
2153,62,Male,Shirt,Accessories,489,Bangalore,XL,White,Spring,3.5,No,Express,Yes,No,36,Card,Weekly
2154,46,Male,Bag,Clothing,441,Bangalore,M,Red,Winter,1.3,No,Express,No,No,35,UPI,Quarterly
2155,54,Female,Bag,Accessories,33,Mumbai,M,Blue,Winter,2.6,No,Next Day,Yes,Yes,43,Card,Weekly
2156,43,Female,Shoes,Footwear,348,Bangalore,S,Black,Summer,3.5,No,Next Day,Yes,Yes,26,Cash,Weekly
2157,41,Male,Watch,Clothing,305,Lucknow,M,White,Spring,3.9,No,Next Day,No,Yes,48,Cash,Monthly
2158,50,Female,Jeans,Clothing,94,Bangalore,M,White,Winter,4.3,Yes,Next Day,Yes,Yes,21,Net Banking,Monthly
2159,60,Female,Shoes,Clothing,178,Lucknow,L,Black,Winter,2.3,No,Express,No,Yes,39,UPI,Weekly
2160,35,Male,Jeans,Footwear,250,Mumbai,XL,Blue,Summer,4.3,Yes,Standard,No,Yes,39,Net Banking,Quarterly
2161,60,Male,Shirt,Footwear,81,Delhi,L,Blue,Spring,2.4,Yes,Express,No,No,27,Net Banking,Monthly
2162,30,Female,Jeans,Clothing,363,Lucknow,S,Red,Summer,1,No,Next Day,No,No,15,UPI,Monthly
2163,38,Male,Watch,Accessories,145,Mumbai,M,White,Spring,3.4,Yes,Next Day,Yes,Yes,7,Net Banking,Monthly
2164,65,Male,Shoes,Footwear,469,Delhi,L,Black,Autumn,2,No,Express,No,No,4,Net Banking,Monthly
2165,67,Male,Watch,Footwear,402,Delhi,L,White,Autumn,1.5,Yes,Express,Yes,Yes,24,UPI,Quarterly
2166,66,Male,Shoes,Accessories,320,Mumbai,L,Black,Summer,2,No,Standard,Yes,No,19,UPI,Quarterly
2167,34,Male,Watch,Clothing,68,Delhi,L,White,Autumn,4.3,No,Standard,No,No,10,Card,Monthly
2168,61,Male,Shirt,Footwear,22,Bangalore,L,Red,Autumn,4.7,Yes,Standard,No,No,38,UPI,Monthly
2169,66,Male,Shoes,Footwear,81,Bangalore,XL,Black,Spring,4.8,Yes,Standard,Yes,No,8,UPI,Weekly
2170,68,Female,Shoes,Accessories,254,Mumbai,L,Red,Summer,2.2,No,Express,No,Yes,23,UPI,Weekly
2171,19,Male,Shirt,Clothing,392,Delhi,L,Blue,Winter,2.8,Yes,Standard,Yes,No,21,UPI,Quarterly
2172,56,Female,Shoes,Footwear,84,Delhi,M,Blue,Winter,4.2,Yes,Standard,Yes,No,48,Card,Monthly
2173,69,Female,Watch,Clothing,356,Lucknow,M,Black,Winter,2.3,Yes,Next Day,Yes,Yes,5,UPI,Weekly
2174,57,Female,Watch,Footwear,33,Mumbai,L,Red,Winter,2.5,No,Next Day,Yes,Yes,42,Card,Quarterly
2175,30,Female,Bag,Footwear,140,Delhi,XL,White,Spring,1.9,Yes,Next Day,No,No,34,Card,Quarterly
2176,57,Male,Shirt,Accessories,303,Bangalore,XL,Red,Summer,3.3,Yes,Express,No,Yes,39,Cash,Weekly
2177,23,Male,Shoes,Accessories,415,Lucknow,L,White,Summer,3.6,Yes,Express,Yes,Yes,38,Net Banking,Weekly
2178,42,Male,Jeans,Clothing,390,Delhi,XL,Blue,Autumn,2.3,No,Next Day,No,No,38,Card,Monthly
2179,50,Female,Shoes,Footwear,270,Lucknow,S,Red,Winter,1.1,Yes,Express,No,No,21,Cash,Quarterly
2180,41,Female,Shirt,Clothing,27,Bangalore,M,White,Autumn,3.9,No,Standard,Yes,Yes,29,Net Banking,Weekly
2181,54,Female,Bag,Clothing,153,Mumbai,S,Blue,Autumn,3.5,No,Next Day,No,Yes,18,Cash,Weekly
2182,30,Male,Shirt,Footwear,393,Lucknow,L,Red,Spring,1.9,Yes,Express,Yes,No,45,Card,Quarterly
2183,49,Male,Shoes,Footwear,49,Mumbai,XL,Black,Autumn,2.3,Yes,Express,No,No,11,Net Banking,Quarterly
2184,51,Female,Jeans,Accessories,356,Bangalore,S,Red,Winter,4.8,No,Standard,No,Yes,29,Card,Monthly
2185,50,Female,Shoes,Accessories,354,Delhi,S,White,Winter,3.5,Yes,Express,No,No,10,Cash,Monthly
2186,33,Female,Watch,Accessories,378,Delhi,M,White,Autumn,3.4,No,Express,No,No,18,UPI,Monthly
2187,33,Male,Bag,Clothing,116,Lucknow,XL,Blue,Spring,3.6,Yes,Next Day,No,No,48,Cash,Weekly
2188,31,Male,Shoes,Accessories,129,Lucknow,S,Red,Spring,4.8,Yes,Express,Yes,Yes,9,Card,Quarterly
2189,42,Male,Watch,Footwear,107,Delhi,XL,Red,Autumn,2.4,No,Express,Yes,Yes,44,Net Banking,Monthly
2190,48,Female,Bag,Accessories,202,Delhi,S,White,Winter,2.1,Yes,Next Day,Yes,No,40,Card,Quarterly
2191,36,Male,Shoes,Footwear,266,Bangalore,M,White,Winter,2.5,No,Standard,Yes,No,18,Net Banking,Quarterly
2192,39,Female,Shoes,Footwear,68,Lucknow,L,White,Summer,4.2,No,Next Day,Yes,No,18,Card,Weekly
2193,32,Male,Jeans,Footwear,288,Bangalore,L,White,Autumn,1.5,No,Standard,Yes,Yes,0,UPI,Quarterly
2194,29,Male,Shirt,Footwear,127,Bangalore,XL,Blue,Spring,1.8,Yes,Standard,No,Yes,39,Cash,Weekly
2195,52,Male,Jeans,Footwear,285,Mumbai,S,Blue,Autumn,1.9,Yes,Express,No,Yes,33,Cash,Weekly
2196,60,Female,Bag,Footwear,158,Delhi,S,Blue,Spring,3.5,Yes,Standard,No,No,49,UPI,Monthly
2197,33,Female,Jeans,Footwear,477,Lucknow,M,Blue,Winter,3.6,No,Standard,No,Yes,14,UPI,Weekly
2198,62,Female,Shoes,Footwear,166,Lucknow,L,White,Winter,2.5,No,Express,Yes,No,19,Cash,Monthly
2199,47,Female,Bag,Footwear,436,Mumbai,M,White,Spring,2.1,No,Next Day,No,No,34,Card,Quarterly
2200,26,Male,Watch,Footwear,95,Bangalore,L,White,Winter,,No,Standard,No,Yes,17,Card,Weekly
2201,37,Male,Shoes,Footwear,51,Delhi,M,Red,Winter,1.1,Yes,Standard,Yes,No,15,UPI,Monthly
2202,18,Female,Shoes,Accessories,102,Mumbai,XL,Black,Summer,4,No,Next Day,No,No,8,Card,Monthly
2203,20,Male,Bag,Footwear,215,Delhi,S,Black,Summer,1.8,No,Next Day,No,No,49,Card,Weekly
2204,35,Male,Watch,Footwear,451,Mumbai,L,Blue,Spring,4.6,No,Express,No,Yes,23,Card,Weekly
2205,41,Female,Shoes,Accessories,96,Delhi,L,Red,Winter,2.7,Yes,Express,Yes,No,38,Net Banking,Quarterly
2206,59,Female,Watch,Clothing,394,Bangalore,S,Blue,Spring,3.6,No,Next Day,Yes,No,32,Card,Weekly
2207,24,Male,Watch,Footwear,351,Delhi,L,Red,Winter,1.5,No,Standard,Yes,No,29,Card,Monthly
2208,61,Female,Shirt,Accessories,178,Bangalore,S,White,Autumn,2,No,Next Day,Yes,Yes,15,Net Banking,Weekly
2209,30,Female,Jeans,Accessories,174,Bangalore,L,Blue,Winter,3.8,Yes,Express,No,Yes,15,UPI,Quarterly
2210,25,Female,Shirt,Footwear,474,Lucknow,L,White,Summer,3.2,Yes,Express,Yes,No,24,UPI,Weekly
2211,54,Female,Watch,Clothing,360,Delhi,S,Red,Winter,4.1,No,Express,Yes,No,6,Cash,Monthly
2212,58,Male,Bag,Accessories,127,Mumbai,S,White,Summer,3.3,Yes,Next Day,Yes,Yes,26,Cash,Monthly
2213,49,Male,Watch,Clothing,456,Delhi,M,Black,Summer,3.3,Yes,Next Day,No,Yes,4,UPI,Quarterly
2214,24,Female,Watch,Clothing,209,Bangalore,XL,Blue,Summer,4.4,No,Next Day,No,No,13,Net Banking,Weekly
2215,23,Male,Watch,Footwear,49,Delhi,S,White,Winter,2.7,Yes,Express,No,No,31,Card,Quarterly
2216,38,Male,Watch,Accessories,408,Bangalore,XL,White,Summer,4.6,No,Standard,No,No,1,Card,Weekly
2217,41,Female,Jeans,Clothing,435,Lucknow,L,Red,Summer,2.5,No,Standard,Yes,No,2,Cash,Weekly
2218,69,Male,Watch,Accessories,227,Bangalore,XL,Black,Autumn,2.3,Yes,Next Day,Yes,No,10,Net Banking,Quarterly
2219,32,Female,Jeans,Clothing,354,Delhi,XL,Black,Autumn,4.1,Yes,Standard,No,Yes,37,Net Banking,Monthly
2220,28,Male,Bag,Footwear,124,Mumbai,M,Blue,Autumn,1,No,Express,No,No,40,Cash,Monthly
2221,67,Male,Shoes,Clothing,426,Bangalore,L,White,Summer,1.7,No,Express,No,Yes,0,Card,Monthly
2222,26,Female,Shoes,Accessories,190,Mumbai,L,Blue,Spring,,No,Next Day,No,No,13,Cash,Quarterly
2223,19,Female,Watch,Accessories,140,Mumbai,S,White,Winter,3,Yes,Express,Yes,Yes,2,Card,Weekly
2224,39,Male,Bag,Clothing,255,Lucknow,L,Red,Summer,3.5,Yes,Next Day,No,No,0,Net Banking,Quarterly
2225,38,Male,Shirt,Footwear,140,Lucknow,M,Black,Winter,1,Yes,Express,No,No,47,Card,Weekly
2226,50,Male,Shoes,Accessories,314,Mumbai,S,Red,Summer,1.6,Yes,Next Day,Yes,Yes,21,Card,Monthly
2227,63,Male,Jeans,Accessories,376,Mumbai,XL,Blue,Autumn,2.2,No,Standard,No,Yes,39,Cash,Weekly
2228,66,Female,Watch,Accessories,208,Delhi,M,Black,Autumn,2.2,Yes,Next Day,No,No,34,Cash,Quarterly
2229,33,Male,Watch,Footwear,393,Mumbai,XL,Red,Winter,1.4,No,Next Day,No,Yes,22,UPI,Quarterly
2230,69,Male,Shirt,Clothing,221,Bangalore,S,Black,Spring,1.7,No,Next Day,No,No,37,UPI,Weekly
2231,50,Male,Shirt,Footwear,485,Bangalore,L,White,Autumn,4.4,No,Express,Yes,Yes,12,Cash,Weekly
2232,21,Male,Shoes,Accessories,139,Mumbai,M,White,Spring,3.8,Yes,Standard,No,Yes,20,Cash,Quarterly
2233,66,Female,Jeans,Clothing,355,Delhi,XL,White,Winter,2.2,Yes,Express,Yes,No,18,Cash,Monthly
2234,25,Male,Bag,Accessories,272,Delhi,XL,Black,Autumn,2.1,Yes,Next Day,No,No,28,Card,Monthly
2235,48,Female,Watch,Footwear,472,Delhi,XL,White,Winter,1.3,No,Standard,Yes,No,10,Cash,Monthly
2236,59,Male,Bag,Clothing,117,Delhi,XL,Blue,Summer,2.4,Yes,Express,No,Yes,37,Card,Quarterly
2237,30,Male,Bag,Accessories,106,Delhi,XL,Red,Spring,,No,Standard,Yes,Yes,42,Card,Quarterly
2238,32,Female,Watch,Accessories,435,Bangalore,M,Black,Autumn,,No,Next Day,Yes,No,44,Net Banking,Weekly
2239,42,Male,Jeans,Footwear,451,Lucknow,XL,White,Spring,4,Yes,Express,No,Yes,44,Card,Quarterly
2240,64,Male,Bag,Accessories,376,Lucknow,L,Blue,Summer,2.9,Yes,Next Day,No,Yes,31,UPI,Quarterly
2241,29,Male,Bag,Footwear,242,Bangalore,M,Red,Summer,1.5,Yes,Standard,No,No,39,UPI,Weekly
2242,52,Male,Jeans,Footwear,211,Mumbai,S,Blue,Spring,3.6,Yes,Standard,Yes,No,34,Card,Monthly
2243,41,Female,Shoes,Footwear,336,Lucknow,L,White,Spring,4.7,No,Next Day,No,No,47,Card,Monthly
2244,23,Female,Jeans,Accessories,376,Delhi,M,Red,Autumn,1.3,Yes,Express,No,Yes,4,Card,Quarterly
2245,54,Male,Bag,Footwear,145,Bangalore,L,Blue,Winter,4.4,No,Standard,No,Yes,9,Cash,Quarterly
2246,61,Female,Jeans,Clothing,13,Lucknow,S,Blue,Summer,1.7,Yes,Next Day,Yes,Yes,21,Cash,Quarterly
2247,47,Female,Bag,Footwear,46,Bangalore,L,Black,Summer,3.8,No,Express,Yes,Yes,31,Cash,Monthly
2248,27,Female,Watch,Footwear,178,Mumbai,L,Blue,Spring,1.7,Yes,Next Day,Yes,No,44,Card,Quarterly
2249,26,Male,Shoes,Clothing,344,Bangalore,L,White,Autumn,3.4,No,Express,Yes,No,4,Cash,Monthly
2250,40,Female,Watch,Accessories,225,Lucknow,L,White,Winter,2,No,Next Day,No,Yes,8,Card,Weekly
2251,44,Male,Shoes,Footwear,313,Delhi,XL,White,Autumn,3.2,Yes,Express,Yes,No,43,UPI,Quarterly
2252,46,Female,Watch,Clothing,240,Bangalore,XL,Black,Summer,3.4,No,Express,No,Yes,15,Net Banking,Monthly
2253,30,Female,Watch,Footwear,133,Delhi,M,Blue,Autumn,3.5,Yes,Express,No,Yes,0,UPI,Monthly
2254,44,Male,Bag,Footwear,376,Delhi,XL,White,Winter,3.7,Yes,Standard,No,No,33,Card,Monthly
2255,33,Male,Bag,Footwear,364,Lucknow,XL,Blue,Winter,1.3,Yes,Next Day,Yes,Yes,43,Cash,Weekly
2256,53,Female,Shoes,Clothing,481,Mumbai,S,Black,Spring,3.8,No,Express,No,No,45,Card,Monthly
2257,59,Male,Watch,Footwear,414,Delhi,M,Blue,Summer,1.6,Yes,Standard,Yes,No,42,Card,Weekly
2258,51,Female,Bag,Footwear,196,Mumbai,L,White,Winter,3.7,Yes,Express,No,No,2,Cash,Monthly
2259,18,Female,Bag,Clothing,355,Delhi,L,White,Autumn,1.5,Yes,Express,No,No,6,Cash,Monthly
2260,69,Male,Shirt,Footwear,181,Lucknow,S,Black,Winter,2.9,No,Next Day,No,Yes,43,Card,Monthly
2261,19,Male,Shirt,Accessories,437,Lucknow,M,White,Winter,2.5,Yes,Express,No,Yes,34,Cash,Weekly
2262,69,Male,Shirt,Footwear,309,Delhi,M,Red,Spring,4.9,Yes,Express,Yes,Yes,11,Card,Quarterly
2263,19,Male,Jeans,Clothing,418,Delhi,L,White,Autumn,3.5,Yes,Standard,Yes,Yes,19,Cash,Quarterly
2264,44,Male,Jeans,Footwear,147,Lucknow,L,Red,Autumn,1.4,No,Express,No,No,43,Cash,Weekly
2265,23,Male,Shirt,Accessories,17,Lucknow,S,Red,Summer,3.8,No,Standard,No,No,46,Card,Monthly
2266,22,Female,Shirt,Clothing,79,Lucknow,S,Red,Autumn,1.8,No,Express,No,No,44,Cash,Weekly
2267,53,Male,Watch,Accessories,270,Bangalore,M,Red,Spring,2.1,No,Next Day,No,No,23,Cash,Monthly
2268,55,Female,Bag,Footwear,481,Lucknow,S,White,Summer,2.5,No,Next Day,Yes,No,38,UPI,Quarterly
2269,24,Female,Shoes,Footwear,317,Mumbai,XL,Red,Summer,4.1,No,Standard,Yes,No,2,Cash,Quarterly
2270,68,Female,Watch,Clothing,406,Lucknow,M,Black,Summer,,Yes,Express,Yes,Yes,46,Net Banking,Monthly
2271,34,Female,Shoes,Footwear,239,Lucknow,L,Black,Autumn,4.7,Yes,Next Day,Yes,No,11,UPI,Weekly
2272,34,Male,Shirt,Accessories,479,Delhi,S,Blue,Winter,1.7,No,Standard,Yes,No,48,Net Banking,Quarterly
2273,33,Female,Shoes,Clothing,471,Delhi,M,Blue,Winter,1.2,Yes,Express,No,No,0,Card,Monthly
2274,41,Male,Jeans,Accessories,116,Bangalore,XL,White,Autumn,4.3,No,Express,No,No,46,Cash,Quarterly
2275,27,Male,Watch,Footwear,432,Lucknow,L,Black,Summer,2.2,No,Standard,Yes,No,26,UPI,Quarterly
2276,40,Male,Shirt,Clothing,18,Lucknow,M,White,Winter,3.3,No,Express,No,Yes,25,Cash,Monthly
2277,28,Female,Bag,Clothing,300,Delhi,L,Black,Winter,4.9,Yes,Standard,Yes,No,33,Cash,Weekly
2278,20,Female,Jeans,Clothing,224,Mumbai,L,Blue,Winter,1.7,Yes,Standard,Yes,No,23,Net Banking,Monthly
2279,37,Female,Jeans,Accessories,157,Lucknow,S,Blue,Winter,2.5,Yes,Standard,Yes,Yes,47,Cash,Quarterly
2280,52,Female,Watch,Clothing,467,Delhi,XL,Red,Winter,4.5,Yes,Next Day,Yes,Yes,5,Card,Quarterly
2281,57,Male,Shirt,Footwear,334,Bangalore,XL,Black,Winter,3.6,Yes,Next Day,No,Yes,32,Net Banking,Quarterly
2282,36,Female,Shoes,Clothing,77,Mumbai,L,White,Autumn,4.8,Yes,Standard,Yes,No,10,Cash,Monthly
2283,34,Male,Shoes,Clothing,78,Delhi,S,Black,Autumn,3.5,Yes,Standard,Yes,Yes,1,Card,Quarterly
2284,58,Female,Shirt,Clothing,67,Delhi,M,White,Autumn,2.2,Yes,Express,Yes,Yes,32,Card,Weekly
2285,53,Male,Shirt,Footwear,158,Bangalore,L,Red,Summer,4.2,Yes,Standard,No,No,33,Card,Weekly
2286,61,Female,Shoes,Footwear,43,Lucknow,XL,White,Winter,4,Yes,Express,Yes,No,6,Card,Monthly
2287,65,Male,Bag,Clothing,139,Delhi,L,White,Autumn,4.7,Yes,Express,Yes,Yes,36,UPI,Weekly
2288,60,Female,Shoes,Accessories,384,Mumbai,S,White,Autumn,2.9,No,Express,No,No,47,Net Banking,Weekly
2289,66,Male,Bag,Footwear,438,Delhi,L,Blue,Autumn,3,No,Express,Yes,Yes,34,Net Banking,Weekly
2290,39,Male,Shoes,Footwear,395,Bangalore,S,Blue,Spring,2.3,Yes,Express,No,Yes,11,Card,Quarterly
2291,38,Female,Shirt,Clothing,253,Lucknow,M,Red,Winter,2.1,No,Standard,Yes,Yes,4,UPI,Monthly
2292,34,Male,Jeans,Footwear,350,Lucknow,L,Red,Autumn,5,Yes,Next Day,No,No,4,UPI,Weekly
2293,30,Male,Bag,Footwear,472,Mumbai,L,White,Winter,4.9,No,Next Day,Yes,Yes,30,UPI,Monthly
2294,56,Male,Shoes,Footwear,36,Mumbai,M,Blue,Spring,3.1,Yes,Standard,No,Yes,11,Card,Monthly
2295,55,Male,Jeans,Accessories,453,Mumbai,M,Blue,Spring,4.8,Yes,Express,Yes,No,18,UPI,Monthly
2296,59,Male,Jeans,Accessories,364,Lucknow,XL,Black,Winter,2.4,No,Standard,No,Yes,2,Cash,Quarterly
2297,26,Female,Jeans,Footwear,199,Mumbai,L,Black,Autumn,4.4,Yes,Express,No,No,22,Cash,Monthly
2298,43,Male,Shirt,Footwear,229,Delhi,S,White,Autumn,3.5,No,Next Day,No,No,8,Net Banking,Weekly
2299,29,Male,Watch,Accessories,224,Lucknow,L,White,Summer,3.9,Yes,Express,Yes,Yes,21,Net Banking,Quarterly
2300,64,Male,Jeans,Footwear,87,Delhi,L,Red,Autumn,,No,Next Day,No,No,29,UPI,Weekly
2301,31,Female,Jeans,Accessories,122,Lucknow,L,Blue,Autumn,3.5,No,Express,No,No,48,Net Banking,Quarterly
2302,25,Female,Shoes,Footwear,154,Delhi,L,Black,Spring,4.4,No,Standard,No,Yes,14,Net Banking,Weekly
2303,47,Male,Jeans,Clothing,12,Bangalore,S,Black,Autumn,2.6,Yes,Next Day,Yes,No,16,UPI,Weekly
2304,63,Male,Bag,Footwear,255,Mumbai,XL,Red,Autumn,4.4,No,Standard,No,Yes,40,UPI,Quarterly
2305,65,Male,Bag,Accessories,243,Bangalore,XL,Red,Summer,1.7,No,Express,Yes,Yes,47,Cash,Weekly
2306,22,Female,Bag,Accessories,171,Mumbai,S,Blue,Summer,1.8,Yes,Next Day,Yes,Yes,20,Net Banking,Quarterly
2307,34,Female,Watch,Clothing,96,Mumbai,S,Black,Winter,3.9,Yes,Next Day,Yes,Yes,17,Net Banking,Weekly
2308,25,Female,Shirt,Accessories,485,Mumbai,S,Black,Autumn,4,No,Standard,Yes,Yes,35,Net Banking,Monthly
2309,34,Male,Bag,Clothing,342,Lucknow,XL,Red,Summer,4.6,No,Next Day,No,No,37,Net Banking,Quarterly
2310,45,Female,Jeans,Footwear,242,Delhi,XL,Red,Autumn,2.1,Yes,Next Day,No,Yes,35,Card,Quarterly
2311,32,Male,Bag,Footwear,364,Delhi,M,Blue,Spring,1.2,No,Next Day,Yes,No,31,Card,Weekly
2312,21,Female,Shoes,Accessories,192,Delhi,L,Red,Summer,3,No,Next Day,No,Yes,6,Net Banking,Quarterly
2313,44,Female,Shirt,Footwear,115,Bangalore,S,White,Autumn,4.5,No,Standard,No,Yes,13,UPI,Monthly
2314,20,Male,Bag,Footwear,339,Bangalore,S,Red,Summer,4.9,Yes,Standard,No,No,2,Card,Weekly
2315,29,Female,Watch,Clothing,387,Bangalore,S,Blue,Spring,4.4,No,Express,No,No,19,UPI,Weekly
2316,18,Female,Bag,Clothing,328,Delhi,S,Black,Autumn,3,No,Standard,Yes,Yes,42,UPI,Weekly
2317,22,Male,Jeans,Clothing,287,Lucknow,XL,White,Winter,4.5,No,Standard,Yes,No,11,Cash,Monthly
2318,40,Male,Watch,Clothing,11,Lucknow,XL,Red,Summer,1.9,No,Next Day,No,No,35,Card,Quarterly
2319,62,Male,Bag,Accessories,322,Lucknow,S,Blue,Winter,4.7,No,Next Day,No,Yes,21,UPI,Monthly
2320,58,Female,Shirt,Accessories,313,Lucknow,L,Black,Winter,3.3,Yes,Standard,No,Yes,8,UPI,Weekly
2321,23,Male,Bag,Accessories,212,Mumbai,S,White,Autumn,2.6,Yes,Express,No,No,11,Card,Monthly
2322,19,Male,Shirt,Clothing,129,Bangalore,L,White,Winter,3.3,No,Express,No,Yes,33,Net Banking,Monthly
2323,35,Female,Watch,Footwear,489,Mumbai,XL,Blue,Summer,4.1,Yes,Standard,Yes,No,39,Card,Monthly
2324,51,Male,Shirt,Footwear,193,Bangalore,XL,Blue,Winter,2,Yes,Standard,Yes,Yes,16,Net Banking,Weekly
2325,56,Male,Jeans,Accessories,143,Mumbai,XL,Red,Spring,1.4,No,Express,Yes,No,45,UPI,Quarterly
2326,60,Female,Shoes,Clothing,356,Bangalore,S,White,Summer,3.9,Yes,Express,Yes,Yes,2,Cash,Monthly
2327,35,Female,Bag,Accessories,246,Lucknow,S,Red,Autumn,4.8,No,Next Day,No,Yes,28,UPI,Monthly
2328,26,Female,Shirt,Footwear,283,Bangalore,S,Black,Spring,3.5,No,Next Day,Yes,No,11,Net Banking,Weekly
2329,19,Male,Shoes,Footwear,327,Lucknow,S,Black,Winter,1.6,Yes,Standard,No,No,44,Net Banking,Weekly
2330,25,Male,Jeans,Clothing,190,Lucknow,L,Black,Winter,3.6,No,Express,No,Yes,37,UPI,Weekly
2331,21,Male,Shoes,Footwear,84,Delhi,L,Blue,Spring,1.5,Yes,Express,Yes,No,2,Card,Monthly
2332,62,Female,Bag,Footwear,92,Lucknow,XL,Blue,Winter,2.2,No,Standard,Yes,Yes,19,Card,Weekly
2333,31,Male,Jeans,Accessories,470,Lucknow,S,Red,Spring,1.1,Yes,Next Day,No,No,37,Cash,Weekly
2334,60,Male,Watch,Accessories,257,Mumbai,M,White,Spring,3,Yes,Express,No,Yes,27,Net Banking,Quarterly
2335,46,Female,Shirt,Accessories,214,Bangalore,L,Black,Winter,2.3,No,Next Day,Yes,Yes,24,Card,Weekly
2336,46,Female,Shoes,Clothing,166,Bangalore,L,White,Autumn,1.4,Yes,Express,Yes,No,6,Card,Weekly
2337,41,Female,Shoes,Accessories,363,Lucknow,M,Blue,Winter,2.2,No,Express,No,Yes,28,UPI,Quarterly
2338,60,Male,Shoes,Clothing,457,Lucknow,S,Red,Summer,3.6,Yes,Standard,No,Yes,4,Net Banking,Monthly
2339,20,Female,Shoes,Clothing,386,Delhi,M,Black,Autumn,2.2,Yes,Express,No,No,15,Net Banking,Weekly
2340,22,Male,Bag,Accessories,271,Delhi,S,Blue,Spring,1.6,No,Next Day,Yes,Yes,11,Card,Monthly
2341,40,Female,Shoes,Accessories,242,Delhi,L,White,Autumn,3.2,Yes,Express,Yes,Yes,32,Net Banking,Weekly
2342,38,Male,Shoes,Footwear,434,Bangalore,XL,Black,Winter,4,No,Express,No,Yes,23,UPI,Weekly
2343,46,Female,Bag,Accessories,429,Lucknow,S,Blue,Autumn,4.3,Yes,Standard,Yes,Yes,21,Card,Quarterly
2344,56,Male,Shoes,Footwear,201,Bangalore,S,Red,Winter,2.9,Yes,Standard,No,No,42,UPI,Quarterly
2345,48,Female,Shoes,Footwear,482,Delhi,L,Red,Summer,3.8,No,Next Day,No,Yes,19,Net Banking,Monthly
2346,31,Male,Bag,Accessories,415,Bangalore,S,Blue,Winter,4.3,Yes,Next Day,No,No,38,UPI,Monthly
2347,35,Female,Jeans,Footwear,424,Mumbai,XL,Blue,Autumn,3.7,No,Express,No,No,44,Cash,Monthly
2348,57,Male,Bag,Accessories,37,Mumbai,XL,White,Spring,3.1,Yes,Express,No,Yes,8,Card,Monthly
2349,28,Male,Bag,Accessories,73,Lucknow,M,Black,Summer,1.2,No,Next Day,No,No,37,Card,Quarterly
2350,44,Male,Jeans,Clothing,156,Mumbai,M,Blue,Summer,2.2,Yes,Standard,Yes,Yes,3,Card,Monthly
2351,46,Female,Watch,Clothing,383,Bangalore,M,Blue,Spring,2.3,No,Express,Yes,No,32,UPI,Weekly
2352,57,Male,Shoes,Accessories,48,Delhi,M,White,Winter,2.6,Yes,Standard,Yes,Yes,11,Card,Quarterly
2353,55,Male,Shoes,Clothing,50,Mumbai,XL,White,Spring,4.8,Yes,Standard,No,No,12,Cash,Monthly
2354,42,Female,Bag,Accessories,25,Bangalore,XL,White,Autumn,1.8,Yes,Express,Yes,No,42,Net Banking,Quarterly
2355,34,Male,Bag,Clothing,104,Bangalore,S,Black,Winter,3.2,Yes,Next Day,No,Yes,9,Cash,Quarterly
2356,37,Male,Shirt,Clothing,460,Lucknow,S,Black,Summer,5,Yes,Standard,No,Yes,25,UPI,Weekly
2357,39,Female,Shirt,Accessories,363,Mumbai,L,Blue,Autumn,3.5,Yes,Express,Yes,Yes,39,Card,Monthly
2358,29,Female,Shoes,Accessories,361,Lucknow,L,Blue,Autumn,1.8,Yes,Standard,No,No,40,Card,Quarterly
2359,50,Female,Jeans,Footwear,153,Lucknow,L,Black,Winter,4.8,Yes,Standard,Yes,Yes,10,Card,Monthly
2360,28,Female,Watch,Footwear,316,Mumbai,M,White,Spring,2.3,Yes,Next Day,Yes,No,18,Card,Quarterly
2361,51,Male,Jeans,Footwear,391,Delhi,M,White,Summer,1.2,No,Next Day,No,Yes,28,Cash,Monthly
2362,57,Male,Shirt,Clothing,270,Mumbai,S,Blue,Autumn,2.7,No,Express,No,Yes,29,UPI,Quarterly
2363,68,Male,Bag,Accessories,429,Bangalore,M,White,Spring,2,No,Express,No,No,8,Cash,Quarterly
2364,24,Female,Bag,Clothing,289,Lucknow,L,Red,Winter,4.3,No,Standard,Yes,No,29,UPI,Quarterly
2365,57,Female,Bag,Clothing,169,Bangalore,M,Red,Autumn,1.9,Yes,Express,No,No,0,UPI,Weekly
2366,22,Male,Bag,Clothing,322,Bangalore,M,White,Spring,4.3,Yes,Next Day,Yes,No,31,UPI,Quarterly
2367,35,Female,Shoes,Accessories,472,Delhi,M,Black,Spring,1.1,No,Express,No,No,36,UPI,Quarterly
2368,27,Male,Shirt,Clothing,415,Bangalore,XL,Black,Spring,4.7,Yes,Next Day,Yes,Yes,23,Card,Monthly
2369,26,Male,Jeans,Accessories,254,Lucknow,L,Blue,Autumn,1.2,Yes,Standard,No,No,12,Card,Weekly
2370,27,Female,Jeans,Clothing,302,Mumbai,XL,White,Autumn,4.8,No,Express,No,Yes,11,Net Banking,Weekly
2371,20,Female,Shirt,Accessories,488,Lucknow,S,Red,Summer,1.3,No,Express,Yes,Yes,34,Card,Monthly
2372,60,Female,Bag,Accessories,376,Delhi,XL,Blue,Autumn,4.5,Yes,Next Day,Yes,Yes,21,UPI,Quarterly
2373,21,Female,Bag,Clothing,256,Lucknow,S,Black,Summer,4.3,No,Standard,Yes,Yes,46,UPI,Quarterly
2374,38,Female,Watch,Clothing,147,Lucknow,M,Red,Summer,3.4,Yes,Standard,No,Yes,48,UPI,Quarterly
2375,54,Female,Jeans,Footwear,453,Bangalore,M,Blue,Spring,1.1,Yes,Next Day,No,Yes,21,Cash,Quarterly
2376,69,Male,Bag,Footwear,488,Bangalore,S,Blue,Spring,3.5,Yes,Standard,No,No,13,Cash,Weekly
2377,62,Male,Watch,Clothing,44,Lucknow,XL,White,Autumn,3.5,Yes,Express,Yes,Yes,40,Cash,Quarterly
2378,25,Female,Jeans,Footwear,25,Mumbai,XL,Red,Autumn,3.2,Yes,Standard,No,No,36,UPI,Monthly
2379,69,Male,Jeans,Clothing,66,Delhi,L,Black,Spring,3.5,Yes,Express,Yes,No,8,Net Banking,Weekly
2380,51,Male,Shoes,Footwear,199,Lucknow,M,Black,Spring,4.9,No,Standard,Yes,No,47,Card,Weekly
2381,27,Male,Jeans,Clothing,88,Delhi,XL,Blue,Summer,5,Yes,Standard,Yes,Yes,10,UPI,Weekly
2382,41,Male,Bag,Accessories,442,Bangalore,L,Black,Autumn,3.1,No,Express,No,No,28,UPI,Weekly
2383,65,Female,Shirt,Clothing,457,Mumbai,M,Blue,Autumn,1.4,Yes,Standard,No,Yes,9,UPI,Weekly
2384,38,Male,Watch,Clothing,98,Lucknow,XL,Blue,Autumn,1.5,Yes,Standard,No,Yes,24,Cash,Monthly
2385,27,Male,Jeans,Accessories,416,Lucknow,S,White,Spring,3.9,Yes,Express,Yes,No,31,Card,Monthly
2386,63,Female,Shoes,Clothing,79,Mumbai,M,Blue,Summer,4.9,Yes,Express,No,Yes,6,Net Banking,Weekly
2387,67,Male,Bag,Accessories,395,Bangalore,S,Blue,Winter,2.7,No,Express,No,Yes,12,Card,Quarterly
2388,68,Male,Shoes,Clothing,189,Mumbai,S,Red,Autumn,1.4,No,Next Day,Yes,No,37,UPI,Quarterly
2389,67,Male,Shirt,Clothing,29,Mumbai,S,Red,Winter,2.4,No,Next Day,Yes,Yes,47,Cash,Monthly
2390,63,Female,Jeans,Footwear,219,Lucknow,L,Black,Autumn,2.5,No,Next Day,Yes,Yes,45,Net Banking,Weekly
2391,41,Male,Shirt,Footwear,413,Mumbai,XL,Black,Winter,5,No,Express,Yes,Yes,37,Cash,Weekly
2392,27,Female,Bag,Footwear,467,Lucknow,L,Black,Autumn,3.7,No,Next Day,Yes,Yes,49,Cash,Monthly
2393,50,Male,Shirt,Clothing,69,Bangalore,M,White,Autumn,1.5,No,Next Day,Yes,Yes,8,Card,Monthly
2394,29,Female,Watch,Accessories,419,Lucknow,M,Black,Autumn,2.3,No,Express,Yes,No,10,Cash,Monthly
2395,42,Male,Jeans,Clothing,153,Bangalore,S,White,Summer,1.2,Yes,Express,No,Yes,20,Cash,Quarterly
2396,52,Female,Watch,Clothing,237,Lucknow,L,Blue,Summer,3.6,Yes,Next Day,No,No,46,Card,Quarterly
2397,67,Male,Watch,Accessories,63,Mumbai,S,White,Spring,3.7,Yes,Next Day,Yes,Yes,39,UPI,Monthly
2398,33,Female,Jeans,Accessories,486,Mumbai,XL,Black,Summer,1.2,Yes,Express,Yes,Yes,18,Net Banking,Weekly
2399,31,Male,Jeans,Accessories,397,Mumbai,M,Blue,Spring,2.3,No,Standard,Yes,Yes,0,Net Banking,Quarterly
2400,56,Male,Jeans,Clothing,324,Delhi,M,Black,Summer,4.6,Yes,Express,No,No,30,Card,Weekly
2401,18,Male,Shoes,Footwear,366,Delhi,S,White,Winter,4.3,No,Standard,No,No,15,Cash,Monthly
2402,47,Male,Bag,Footwear,438,Mumbai,S,Red,Summer,3.3,No,Standard,Yes,Yes,11,UPI,Quarterly
2403,56,Male,Jeans,Clothing,80,Lucknow,S,Black,Autumn,2.9,No,Next Day,No,Yes,10,Net Banking,Quarterly
2404,46,Female,Shoes,Clothing,130,Lucknow,L,Red,Summer,5,Yes,Standard,No,No,12,Cash,Quarterly
2405,37,Male,Watch,Accessories,28,Bangalore,M,White,Winter,3.9,Yes,Next Day,No,No,15,UPI,Weekly
2406,61,Male,Shirt,Accessories,249,Mumbai,XL,Red,Spring,4.8,No,Express,No,No,30,Net Banking,Monthly
2407,37,Female,Jeans,Footwear,252,Bangalore,L,White,Winter,1.3,No,Standard,No,No,8,Card,Monthly
2408,54,Male,Watch,Accessories,24,Lucknow,XL,Blue,Autumn,1.8,No,Express,Yes,No,24,UPI,Monthly
2409,42,Male,Watch,Clothing,334,Delhi,XL,Blue,Winter,1.1,No,Next Day,No,Yes,46,Net Banking,Quarterly
2410,19,Male,Jeans,Clothing,14,Lucknow,S,White,Spring,4.5,No,Standard,Yes,Yes,48,Card,Quarterly
2411,45,Male,Shoes,Clothing,398,Lucknow,S,Red,Winter,3.8,No,Express,Yes,No,41,Card,Monthly
2412,20,Male,Bag,Accessories,355,Lucknow,XL,Red,Winter,1.7,No,Standard,No,No,13,Net Banking,Weekly
2413,66,Male,Jeans,Clothing,409,Delhi,M,White,Summer,4.9,Yes,Express,Yes,No,7,UPI,Quarterly
2414,49,Male,Shirt,Footwear,67,Lucknow,XL,Red,Autumn,4.8,Yes,Next Day,Yes,Yes,43,Net Banking,Weekly
2415,37,Female,Jeans,Footwear,436,Bangalore,L,Black,Autumn,1.9,Yes,Next Day,No,No,20,Card,Monthly
2416,43,Male,Shoes,Clothing,278,Bangalore,L,Black,Spring,3.6,Yes,Standard,No,Yes,23,Cash,Quarterly
2417,50,Female,Bag,Footwear,433,Delhi,M,White,Autumn,3.7,Yes,Express,No,Yes,21,Card,Quarterly
2418,31,Female,Bag,Accessories,351,Mumbai,M,Black,Autumn,1,No,Express,No,No,6,UPI,Quarterly
2419,32,Male,Watch,Clothing,331,Mumbai,L,Red,Spring,3.8,No,Express,Yes,No,36,Card,Quarterly
2420,39,Male,Jeans,Accessories,25,Lucknow,S,Blue,Summer,1.9,No,Standard,No,Yes,11,UPI,Weekly
2421,31,Female,Shoes,Accessories,349,Mumbai,M,Red,Autumn,4.6,No,Next Day,Yes,Yes,11,UPI,Weekly
2422,57,Female,Shirt,Clothing,229,Delhi,L,Black,Winter,4.4,No,Standard,No,No,37,Net Banking,Quarterly
2423,23,Male,Bag,Footwear,426,Lucknow,S,Blue,Spring,4.6,Yes,Standard,Yes,Yes,35,Cash,Monthly
2424,60,Female,Watch,Clothing,345,Delhi,M,Red,Winter,4,No,Next Day,Yes,Yes,41,Card,Weekly
2425,36,Female,Watch,Clothing,46,Lucknow,XL,Black,Winter,1.7,Yes,Express,No,Yes,35,UPI,Monthly
2426,47,Male,Watch,Clothing,445,Lucknow,M,Blue,Winter,2.4,No,Standard,Yes,No,1,Net Banking,Quarterly
2427,26,Male,Shoes,Clothing,40,Mumbai,XL,White,Spring,,No,Next Day,No,Yes,20,UPI,Monthly
2428,38,Female,Jeans,Clothing,156,Bangalore,XL,Black,Autumn,2.3,Yes,Standard,Yes,No,20,Cash,Monthly
2429,57,Male,Shirt,Accessories,116,Lucknow,L,Red,Summer,3.8,No,Next Day,Yes,No,16,Cash,Monthly
2430,32,Female,Shirt,Accessories,487,Bangalore,S,Black,Winter,2.3,Yes,Next Day,No,Yes,24,Net Banking,Monthly
2431,24,Male,Shirt,Clothing,85,Bangalore,S,Red,Autumn,1.7,Yes,Express,No,No,24,Cash,Quarterly
2432,45,Female,Jeans,Footwear,423,Delhi,XL,Black,Autumn,3.1,No,Express,Yes,No,30,Cash,Quarterly
2433,26,Male,Shirt,Footwear,118,Bangalore,S,Red,Spring,3.7,No,Express,No,Yes,47,Net Banking,Monthly
2434,34,Male,Watch,Footwear,328,Bangalore,L,Blue,Winter,3.1,No,Express,Yes,No,32,UPI,Quarterly
2435,41,Male,Jeans,Accessories,54,Bangalore,L,Red,Summer,3.6,Yes,Next Day,Yes,No,46,Net Banking,Quarterly
2436,47,Male,Watch,Footwear,202,Lucknow,XL,Black,Spring,2.8,No,Express,No,No,41,Net Banking,Weekly
2437,51,Female,Jeans,Accessories,315,Lucknow,XL,Red,Winter,4.1,No,Standard,Yes,No,36,UPI,Quarterly
2438,53,Male,Shirt,Accessories,358,Bangalore,M,Red,Winter,3.6,Yes,Standard,Yes,No,13,Net Banking,Quarterly
2439,61,Female,Bag,Clothing,437,Mumbai,L,Black,Summer,3.3,No,Express,Yes,Yes,28,UPI,Quarterly
2440,21,Female,Bag,Footwear,409,Mumbai,L,Blue,Autumn,2.7,No,Express,Yes,Yes,5,Net Banking,Quarterly
2441,36,Male,Watch,Clothing,264,Delhi,XL,Red,Autumn,3.1,Yes,Express,Yes,Yes,46,Card,Quarterly
2442,18,Female,Watch,Accessories,158,Bangalore,L,Red,Summer,1.2,Yes,Express,Yes,No,9,UPI,Monthly
2443,18,Female,Bag,Footwear,138,Mumbai,S,Red,Autumn,,No,Express,Yes,No,11,UPI,Weekly
2444,29,Female,Shoes,Clothing,496,Lucknow,XL,White,Winter,1.8,Yes,Standard,Yes,Yes,46,UPI,Weekly
2445,49,Male,Shirt,Accessories,308,Lucknow,L,Blue,Winter,4.4,No,Standard,No,Yes,6,UPI,Weekly
2446,64,Female,Bag,Clothing,455,Lucknow,S,White,Autumn,4.2,Yes,Standard,Yes,Yes,27,Net Banking,Weekly
2447,58,Female,Shoes,Accessories,222,Lucknow,S,White,Summer,3.1,Yes,Next Day,Yes,No,28,UPI,Monthly
2448,51,Female,Bag,Accessories,247,Mumbai,S,Red,Winter,4.4,No,Express,Yes,Yes,10,Cash,Quarterly
2449,58,Male,Watch,Clothing,414,Mumbai,L,Black,Winter,3.7,No,Next Day,No,Yes,19,Card,Quarterly
2450,26,Female,Bag,Footwear,364,Bangalore,XL,Blue,Spring,1.6,Yes,Standard,Yes,Yes,39,Card,Monthly
2451,61,Male,Bag,Accessories,108,Mumbai,M,Black,Summer,4,No,Standard,Yes,Yes,35,UPI,Monthly
2452,64,Male,Shirt,Accessories,266,Mumbai,S,Red,Autumn,5,Yes,Standard,No,No,29,Card,Monthly
2453,22,Male,Watch,Footwear,114,Bangalore,XL,Blue,Autumn,1.2,No,Express,Yes,Yes,27,Card,Monthly
2454,42,Female,Bag,Clothing,382,Mumbai,L,White,Autumn,2,Yes,Express,Yes,Yes,18,Card,Monthly
2455,61,Female,Shirt,Accessories,24,Lucknow,L,Red,Autumn,3.4,No,Standard,No,No,31,UPI,Quarterly
2456,42,Male,Shoes,Footwear,415,Delhi,S,Blue,Spring,2.7,Yes,Express,No,No,0,Card,Weekly
2457,61,Female,Watch,Accessories,465,Mumbai,XL,Black,Spring,3.6,Yes,Standard,No,Yes,3,Card,Monthly
2458,66,Male,Jeans,Clothing,21,Bangalore,S,Black,Winter,3.3,No,Express,No,Yes,39,UPI,Weekly
2459,42,Male,Bag,Clothing,318,Lucknow,L,Red,Autumn,4.2,No,Express,No,No,8,UPI,Quarterly
2460,21,Female,Jeans,Footwear,48,Bangalore,L,White,Autumn,1.3,No,Standard,No,Yes,35,Net Banking,Weekly
2461,35,Female,Shirt,Footwear,186,Delhi,L,Blue,Summer,2.8,No,Standard,No,No,0,Cash,Monthly
2462,29,Female,Shoes,Footwear,174,Mumbai,L,Black,Summer,4.4,No,Next Day,No,No,13,Cash,Weekly
2463,42,Female,Jeans,Clothing,264,Lucknow,M,Blue,Summer,2.5,No,Next Day,Yes,No,46,Cash,Monthly
2464,48,Male,Shirt,Footwear,459,Mumbai,L,White,Autumn,3,Yes,Next Day,Yes,No,13,Card,Quarterly
2465,42,Female,Watch,Accessories,236,Mumbai,M,Red,Autumn,1.1,No,Express,No,No,49,UPI,Quarterly
2466,28,Male,Shoes,Footwear,205,Delhi,M,Black,Spring,1.9,Yes,Express,Yes,Yes,13,Cash,Weekly
2467,33,Female,Shoes,Footwear,55,Bangalore,L,Black,Summer,2.9,No,Next Day,No,No,31,Net Banking,Monthly
2468,53,Male,Bag,Clothing,444,Delhi,L,Black,Winter,2.6,Yes,Next Day,Yes,No,33,UPI,Weekly
2469,19,Male,Shoes,Footwear,164,Mumbai,S,White,Autumn,3.9,No,Next Day,No,No,31,UPI,Quarterly
2470,29,Male,Jeans,Accessories,236,Bangalore,XL,White,Winter,3.4,No,Express,Yes,No,14,Net Banking,Monthly
2471,64,Female,Jeans,Footwear,55,Lucknow,S,Blue,Autumn,4.5,No,Express,No,Yes,37,Card,Quarterly
2472,23,Male,Bag,Footwear,151,Delhi,M,Red,Summer,4.4,No,Standard,No,Yes,15,Net Banking,Quarterly
2473,39,Female,Bag,Clothing,281,Mumbai,M,Black,Winter,2,Yes,Standard,No,No,40,UPI,Monthly
2474,28,Female,Shirt,Footwear,451,Delhi,M,Red,Autumn,1.1,Yes,Express,No,Yes,18,Card,Weekly
2475,23,Male,Shoes,Clothing,171,Mumbai,M,Blue,Spring,4.4,No,Next Day,No,Yes,41,UPI,Weekly
2476,39,Female,Shirt,Clothing,284,Lucknow,M,White,Summer,2.3,No,Express,Yes,No,49,Net Banking,Weekly
2477,45,Male,Jeans,Clothing,439,Mumbai,M,Blue,Autumn,2.4,Yes,Express,Yes,No,37,UPI,Weekly
2478,27,Male,Shoes,Clothing,186,Mumbai,XL,White,Summer,1.6,Yes,Next Day,Yes,Yes,23,Card,Quarterly
2479,22,Female,Shoes,Footwear,154,Mumbai,XL,Red,Summer,3.8,Yes,Express,No,Yes,21,UPI,Quarterly
2480,25,Male,Jeans,Clothing,31,Lucknow,M,Blue,Winter,2.1,No,Express,No,Yes,18,Cash,Monthly
2481,51,Male,Watch,Accessories,454,Bangalore,M,White,Summer,1.7,Yes,Next Day,No,No,17,Card,Monthly
2482,62,Male,Watch,Accessories,64,Bangalore,L,White,Summer,3,No,Standard,No,Yes,23,Net Banking,Monthly
2483,27,Female,Shirt,Footwear,115,Lucknow,S,Blue,Spring,4,No,Express,Yes,Yes,24,Net Banking,Quarterly
2484,34,Male,Bag,Accessories,78,Bangalore,M,Blue,Summer,2.1,No,Next Day,Yes,Yes,35,Net Banking,Weekly
2485,35,Male,Bag,Accessories,356,Bangalore,S,Red,Winter,3.9,Yes,Express,No,No,44,Net Banking,Monthly
2486,36,Female,Shoes,Footwear,188,Bangalore,L,Black,Summer,2.8,No,Standard,No,No,44,Card,Quarterly
2487,30,Male,Watch,Accessories,355,Bangalore,S,Blue,Summer,2.6,Yes,Next Day,No,Yes,30,Net Banking,Weekly
2488,20,Female,Jeans,Footwear,307,Delhi,XL,White,Autumn,2.4,Yes,Express,No,No,49,Card,Monthly
2489,45,Male,Shoes,Footwear,17,Mumbai,M,White,Winter,1.6,Yes,Next Day,No,No,44,Card,Weekly
2490,36,Female,Shoes,Footwear,160,Lucknow,L,Blue,Winter,2.3,No,Standard,Yes,No,24,Card,Quarterly
2491,35,Female,Shoes,Clothing,12,Delhi,L,Blue,Summer,4.5,No,Next Day,Yes,Yes,20,Card,Monthly
2492,31,Male,Jeans,Clothing,42,Lucknow,M,White,Spring,1.4,Yes,Next Day,Yes,No,23,Card,Quarterly
2493,66,Male,Shirt,Accessories,241,Bangalore,M,Black,Autumn,4.8,No,Standard,Yes,No,1,Net Banking,Weekly
2494,49,Female,Jeans,Accessories,139,Mumbai,M,Black,Summer,1.4,No,Standard,No,No,16,Card,Quarterly
2495,39,Female,Watch,Clothing,53,Delhi,XL,Black,Summer,2.4,No,Express,Yes,Yes,19,Cash,Quarterly
2496,28,Male,Bag,Accessories,210,Lucknow,L,Black,Spring,3.4,Yes,Next Day,Yes,No,38,Card,Weekly
2497,59,Female,Bag,Clothing,231,Delhi,S,White,Winter,4.4,Yes,Standard,Yes,No,13,Net Banking,Quarterly
2498,64,Male,Jeans,Clothing,496,Bangalore,M,Black,Spring,1.6,Yes,Express,No,No,32,Cash,Quarterly
2499,19,Female,Watch,Footwear,334,Delhi,M,Blue,Summer,1.6,Yes,Standard,Yes,No,16,Cash,Monthly
2500,66,Female,Shoes,Clothing,202,Lucknow,XL,Red,Summer,3.5,No,Next Day,No,No,18,Card,Monthly
2501,54,Female,Shirt,Footwear,241,Delhi,XL,Red,Spring,2.2,Yes,Next Day,No,Yes,3,Net Banking,Quarterly
2502,23,Female,Watch,Accessories,53,Lucknow,M,White,Winter,3.6,Yes,Next Day,No,Yes,25,UPI,Weekly
2503,57,Male,Shirt,Footwear,199,Bangalore,M,White,Autumn,4.3,Yes,Standard,Yes,No,4,Card,Monthly
2504,23,Female,Shirt,Clothing,294,Delhi,S,Blue,Autumn,1.3,Yes,Next Day,No,Yes,10,Cash,Weekly
2505,20,Female,Jeans,Footwear,20,Bangalore,L,Black,Spring,4.4,Yes,Express,Yes,No,25,Net Banking,Quarterly
2506,23,Female,Bag,Accessories,460,Lucknow,S,Black,Spring,1.2,Yes,Standard,No,No,34,Card,Weekly
2507,41,Female,Watch,Footwear,262,Delhi,XL,White,Spring,4.6,Yes,Express,Yes,No,20,Card,Weekly
2508,50,Female,Shoes,Clothing,395,Lucknow,L,Blue,Autumn,4.9,No,Express,Yes,No,12,Cash,Quarterly
2509,39,Female,Shirt,Footwear,145,Lucknow,S,White,Autumn,3.7,No,Express,No,Yes,44,Card,Monthly
2510,24,Female,Shirt,Clothing,419,Bangalore,XL,Blue,Winter,4.9,No,Next Day,Yes,Yes,17,Net Banking,Quarterly
2511,28,Female,Shoes,Accessories,189,Mumbai,XL,White,Winter,4.3,Yes,Standard,Yes,Yes,16,Cash,Weekly
2512,62,Male,Shirt,Clothing,464,Delhi,M,Red,Summer,1.2,No,Express,No,Yes,3,Cash,Quarterly
2513,68,Male,Bag,Footwear,265,Mumbai,S,Red,Spring,1,No,Standard,Yes,No,17,UPI,Quarterly
2514,57,Male,Shoes,Accessories,321,Lucknow,M,Red,Spring,1.1,No,Next Day,Yes,No,10,UPI,Quarterly
2515,23,Male,Bag,Footwear,109,Bangalore,M,Blue,Winter,2.8,No,Express,Yes,Yes,17,Card,Weekly
2516,60,Male,Bag,Accessories,497,Bangalore,M,Black,Winter,3.5,Yes,Next Day,No,Yes,9,Cash,Monthly
2517,53,Male,Shoes,Clothing,104,Lucknow,XL,Black,Autumn,2.9,No,Standard,No,Yes,9,Cash,Quarterly
2518,45,Male,Bag,Accessories,26,Mumbai,XL,Blue,Spring,3.7,Yes,Standard,No,No,36,Cash,Quarterly
2519,25,Female,Shirt,Accessories,225,Delhi,L,White,Winter,2.8,Yes,Next Day,No,Yes,23,Net Banking,Weekly
2520,69,Male,Shoes,Clothing,419,Lucknow,XL,Red,Winter,1.2,Yes,Standard,Yes,No,34,Cash,Weekly
2521,41,Female,Jeans,Footwear,461,Bangalore,S,Red,Spring,1.9,Yes,Express,No,Yes,28,UPI,Monthly
2522,20,Male,Jeans,Footwear,429,Bangalore,S,Blue,Winter,5,No,Standard,Yes,Yes,26,Net Banking,Weekly
2523,28,Male,Bag,Accessories,280,Bangalore,XL,Blue,Autumn,2.4,Yes,Express,No,No,23,Net Banking,Quarterly
2524,38,Female,Jeans,Accessories,459,Lucknow,L,Blue,Winter,2.3,No,Next Day,No,No,19,Net Banking,Monthly
2525,21,Female,Bag,Footwear,251,Lucknow,S,Black,Autumn,1.6,Yes,Next Day,Yes,Yes,13,Cash,Monthly
2526,34,Female,Shirt,Footwear,244,Bangalore,XL,Red,Spring,4.9,Yes,Express,Yes,No,44,UPI,Quarterly
2527,42,Female,Jeans,Clothing,98,Lucknow,S,Blue,Autumn,1.9,Yes,Express,No,No,20,Card,Weekly
2528,67,Female,Bag,Accessories,396,Mumbai,XL,Blue,Spring,3.6,Yes,Standard,Yes,Yes,44,UPI,Quarterly
2529,22,Female,Watch,Footwear,164,Bangalore,XL,Red,Summer,1.2,No,Standard,No,Yes,38,Net Banking,Monthly
2530,47,Male,Watch,Footwear,105,Lucknow,M,Black,Winter,1.3,No,Next Day,Yes,Yes,30,Net Banking,Quarterly
2531,65,Female,Shoes,Accessories,191,Delhi,L,White,Winter,3.9,No,Express,No,Yes,42,Card,Monthly
2532,59,Female,Watch,Footwear,305,Bangalore,L,Black,Summer,3.5,No,Standard,Yes,Yes,32,Cash,Quarterly
2533,66,Male,Bag,Accessories,142,Bangalore,XL,Red,Summer,3.7,No,Next Day,Yes,No,40,Cash,Weekly
2534,26,Male,Shoes,Accessories,185,Bangalore,L,White,Summer,1.9,No,Express,No,No,39,Cash,Weekly
2535,59,Female,Shoes,Accessories,171,Lucknow,M,Black,Spring,4.9,Yes,Standard,No,No,32,Net Banking,Monthly
2536,68,Male,Watch,Footwear,302,Mumbai,S,Black,Autumn,3.2,Yes,Express,No,No,36,Card,Weekly
2537,34,Female,Shoes,Footwear,359,Delhi,M,Blue,Summer,4.9,No,Express,No,No,40,UPI,Weekly
2538,43,Male,Shirt,Clothing,341,Delhi,S,White,Spring,1.7,Yes,Express,No,Yes,11,Card,Monthly
2539,45,Male,Jeans,Clothing,79,Lucknow,L,Red,Autumn,2.6,No,Standard,Yes,Yes,43,Cash,Weekly
2540,43,Male,Shoes,Accessories,180,Bangalore,M,Blue,Autumn,2.3,Yes,Standard,No,No,25,Cash,Monthly
2541,33,Female,Watch,Footwear,327,Bangalore,L,White,Autumn,4,Yes,Next Day,No,Yes,6,UPI,Monthly
2542,68,Male,Watch,Accessories,115,Mumbai,S,Blue,Winter,4,Yes,Next Day,Yes,No,7,Net Banking,Monthly
2543,67,Female,Jeans,Accessories,44,Mumbai,M,White,Autumn,2.9,No,Express,No,Yes,37,Net Banking,Quarterly
2544,37,Female,Watch,Clothing,167,Lucknow,M,White,Autumn,1.1,No,Next Day,No,Yes,40,UPI,Weekly
2545,59,Male,Watch,Clothing,342,Bangalore,S,Black,Spring,1.7,Yes,Next Day,No,No,32,Net Banking,Quarterly
2546,38,Female,Jeans,Footwear,335,Lucknow,XL,Blue,Summer,1.2,Yes,Next Day,No,Yes,32,Net Banking,Monthly
2547,59,Male,Jeans,Accessories,73,Lucknow,L,Black,Summer,4.4,Yes,Next Day,No,No,43,Card,Quarterly
2548,48,Female,Shirt,Footwear,341,Lucknow,XL,Black,Winter,2.2,Yes,Next Day,No,No,48,Net Banking,Quarterly
2549,42,Male,Watch,Clothing,105,Bangalore,XL,Black,Summer,1.5,No,Next Day,Yes,Yes,41,Card,Weekly
2550,24,Male,Shirt,Clothing,373,Delhi,S,Black,Autumn,2.4,No,Standard,Yes,Yes,6,Net Banking,Weekly
2551,52,Female,Jeans,Footwear,287,Bangalore,XL,Black,Autumn,1.3,No,Next Day,No,Yes,40,Cash,Quarterly
2552,34,Female,Shirt,Footwear,72,Bangalore,S,Red,Spring,4.9,No,Standard,Yes,No,25,Net Banking,Monthly
2553,29,Female,Shoes,Footwear,181,Bangalore,XL,Blue,Winter,2.3,No,Express,No,Yes,39,Cash,Weekly
2554,28,Female,Shirt,Clothing,411,Delhi,L,Blue,Autumn,4.7,Yes,Standard,Yes,No,36,UPI,Weekly
2555,69,Male,Watch,Footwear,222,Lucknow,XL,White,Spring,3.7,Yes,Standard,Yes,No,33,Cash,Quarterly
2556,23,Male,Shirt,Accessories,347,Lucknow,M,White,Spring,3.3,No,Next Day,Yes,No,43,UPI,Monthly
2557,59,Male,Shirt,Footwear,376,Mumbai,S,Red,Winter,2.9,No,Express,No,Yes,7,Card,Quarterly
2558,63,Female,Bag,Footwear,24,Mumbai,S,Blue,Summer,3.7,Yes,Standard,Yes,Yes,42,Card,Quarterly
2559,19,Male,Jeans,Accessories,466,Delhi,S,Red,Spring,3.7,Yes,Next Day,No,No,17,Net Banking,Weekly
2560,48,Male,Bag,Clothing,174,Lucknow,XL,Blue,Autumn,1,No,Next Day,No,Yes,10,UPI,Weekly
2561,48,Male,Bag,Footwear,398,Delhi,L,Blue,Spring,4.6,No,Standard,No,No,36,Card,Quarterly
2562,36,Male,Watch,Accessories,238,Mumbai,S,Blue,Spring,2.5,Yes,Express,Yes,No,49,Card,Quarterly
2563,52,Male,Bag,Accessories,292,Mumbai,S,Black,Winter,2.4,Yes,Standard,Yes,Yes,4,Card,Monthly
2564,39,Male,Shoes,Accessories,186,Mumbai,S,Black,Spring,2.6,No,Next Day,Yes,Yes,49,Net Banking,Quarterly
2565,40,Male,Bag,Footwear,428,Bangalore,M,Red,Winter,3.7,Yes,Next Day,No,Yes,17,Card,Monthly
2566,40,Female,Shirt,Clothing,67,Lucknow,L,White,Autumn,2.5,Yes,Express,No,Yes,48,Net Banking,Weekly
2567,59,Male,Shoes,Footwear,449,Lucknow,XL,Blue,Summer,2.5,Yes,Next Day,No,Yes,2,Cash,Quarterly
2568,50,Male,Watch,Accessories,111,Bangalore,L,Black,Summer,1.3,Yes,Next Day,No,Yes,30,Card,Quarterly
2569,37,Female,Shoes,Clothing,442,Delhi,XL,Red,Summer,2.7,Yes,Standard,No,Yes,26,Net Banking,Quarterly
2570,66,Male,Shirt,Clothing,22,Lucknow,M,White,Autumn,1.6,No,Express,Yes,No,41,UPI,Quarterly
2571,59,Male,Shirt,Accessories,16,Mumbai,M,Red,Winter,4.4,No,Next Day,Yes,Yes,23,UPI,Quarterly
2572,66,Male,Jeans,Footwear,55,Lucknow,L,Black,Summer,2.3,No,Express,Yes,Yes,3,Cash,Monthly
2573,55,Male,Shoes,Accessories,278,Mumbai,S,Black,Autumn,4.8,Yes,Standard,Yes,No,9,Cash,Weekly
2574,38,Female,Shirt,Clothing,140,Bangalore,XL,Red,Autumn,3.7,Yes,Next Day,No,No,12,Cash,Weekly
2575,58,Male,Watch,Accessories,302,Mumbai,XL,White,Spring,4,Yes,Express,No,Yes,43,Cash,Weekly
2576,35,Male,Bag,Clothing,411,Mumbai,S,Black,Winter,4.8,Yes,Standard,No,Yes,4,Net Banking,Monthly
2577,32,Male,Bag,Clothing,23,Delhi,S,White,Winter,2,Yes,Next Day,No,No,41,UPI,Weekly
2578,41,Male,Jeans,Footwear,268,Bangalore,L,White,Spring,3.3,Yes,Next Day,No,No,25,Card,Weekly
2579,68,Female,Shoes,Footwear,372,Mumbai,L,Black,Summer,1.2,No,Express,Yes,No,28,Card,Quarterly
2580,47,Male,Bag,Clothing,218,Lucknow,S,Black,Winter,1.4,Yes,Next Day,Yes,No,48,Card,Weekly
2581,37,Female,Watch,Accessories,463,Mumbai,L,Black,Winter,2.5,No,Standard,Yes,Yes,38,Net Banking,Monthly
2582,42,Female,Watch,Accessories,334,Lucknow,M,Red,Spring,3.7,No,Next Day,No,No,32,Net Banking,Monthly
2583,33,Female,Shoes,Accessories,26,Mumbai,L,Black,Winter,4.3,No,Next Day,No,Yes,41,UPI,Quarterly
2584,52,Female,Watch,Footwear,275,Mumbai,M,White,Summer,2,Yes,Standard,No,No,23,Card,Quarterly
2585,36,Female,Watch,Clothing,198,Delhi,M,Black,Summer,4,Yes,Next Day,Yes,No,46,Cash,Quarterly
2586,46,Female,Shirt,Footwear,74,Bangalore,M,Red,Summer,1.9,No,Standard,Yes,No,39,Net Banking,Weekly
2587,37,Female,Shirt,Accessories,475,Delhi,S,White,Autumn,1,Yes,Express,No,No,48,Card,Weekly
2588,34,Male,Watch,Clothing,119,Mumbai,S,Black,Spring,1.2,No,Standard,Yes,No,27,Card,Quarterly
2589,68,Male,Shirt,Footwear,50,Lucknow,S,Blue,Autumn,3.3,No,Express,No,Yes,32,UPI,Quarterly
2590,35,Male,Jeans,Footwear,119,Bangalore,XL,White,Spring,3,No,Express,No,Yes,22,UPI,Monthly
2591,21,Female,Shirt,Accessories,413,Bangalore,M,Black,Spring,2.1,No,Next Day,Yes,No,46,Card,Quarterly
2592,37,Female,Jeans,Footwear,303,Lucknow,M,Blue,Winter,1,No,Standard,No,No,31,Cash,Quarterly
2593,45,Male,Watch,Clothing,411,Lucknow,XL,Blue,Summer,3.3,Yes,Next Day,Yes,No,7,UPI,Monthly
2594,22,Male,Bag,Accessories,236,Lucknow,XL,Black,Winter,4.3,Yes,Next Day,Yes,Yes,25,Net Banking,Quarterly
2595,33,Male,Shoes,Accessories,67,Bangalore,S,Blue,Autumn,1.3,No,Standard,Yes,No,6,Net Banking,Quarterly
2596,26,Female,Shoes,Footwear,199,Mumbai,M,Blue,Winter,3.9,No,Next Day,No,Yes,32,Card,Monthly
2597,44,Female,Watch,Accessories,107,Delhi,M,Blue,Spring,3.5,Yes,Next Day,Yes,Yes,34,UPI,Monthly
2598,55,Female,Watch,Footwear,282,Mumbai,XL,White,Winter,2.9,Yes,Standard,No,Yes,40,Net Banking,Monthly
2599,68,Male,Shoes,Clothing,142,Bangalore,L,Black,Winter,1.2,No,Standard,Yes,Yes,7,Card,Weekly
2600,38,Male,Bag,Accessories,485,Mumbai,L,Blue,Summer,4.7,Yes,Next Day,Yes,Yes,23,Net Banking,Weekly
2601,62,Male,Jeans,Clothing,194,Bangalore,S,Black,Spring,2.9,Yes,Express,Yes,Yes,17,UPI,Weekly
2602,29,Female,Shoes,Accessories,163,Delhi,M,White,Spring,2.6,No,Standard,Yes,Yes,20,Net Banking,Weekly
2603,58,Female,Watch,Clothing,492,Delhi,S,Red,Autumn,4.4,Yes,Express,Yes,No,46,Cash,Monthly
2604,47,Female,Shirt,Footwear,264,Mumbai,L,Red,Spring,4.4,No,Express,Yes,No,27,Net Banking,Monthly
2605,57,Male,Jeans,Clothing,93,Delhi,XL,Black,Spring,3.9,No,Next Day,No,Yes,22,Card,Quarterly
2606,57,Male,Shirt,Footwear,245,Lucknow,XL,Blue,Autumn,4.3,Yes,Standard,No,No,45,Net Banking,Weekly
2607,45,Female,Shoes,Footwear,134,Mumbai,M,Black,Autumn,1.5,No,Standard,Yes,No,26,Cash,Quarterly
2608,31,Male,Bag,Accessories,361,Mumbai,M,Blue,Winter,4,Yes,Next Day,Yes,Yes,21,Net Banking,Weekly
2609,45,Female,Shoes,Footwear,291,Mumbai,XL,White,Winter,2.3,Yes,Next Day,No,No,27,Net Banking,Monthly
2610,60,Male,Shirt,Footwear,367,Mumbai,M,Red,Summer,4.5,Yes,Next Day,No,Yes,42,Cash,Weekly
2611,68,Male,Watch,Clothing,470,Lucknow,XL,Black,Summer,2.5,Yes,Next Day,No,No,22,UPI,Weekly
2612,66,Female,Shirt,Footwear,367,Bangalore,L,Blue,Spring,1.2,No,Standard,No,No,30,Net Banking,Weekly
2613,27,Male,Jeans,Accessories,176,Delhi,M,White,Spring,2.7,Yes,Next Day,No,Yes,8,Cash,Weekly
2614,49,Male,Shirt,Footwear,108,Delhi,L,Black,Summer,4,Yes,Standard,No,No,0,Net Banking,Monthly
2615,23,Female,Shoes,Footwear,269,Delhi,S,White,Winter,3,No,Express,Yes,Yes,3,Cash,Weekly
2616,52,Male,Jeans,Footwear,230,Mumbai,M,Blue,Winter,4.1,No,Express,No,No,23,Cash,Weekly
2617,69,Male,Shirt,Accessories,163,Bangalore,M,Blue,Winter,1.1,No,Next Day,No,Yes,35,Cash,Monthly
2618,20,Female,Shirt,Clothing,407,Lucknow,XL,White,Summer,1.7,No,Express,No,Yes,10,Card,Weekly
2619,52,Male,Watch,Clothing,455,Mumbai,L,Red,Autumn,3.3,No,Standard,Yes,No,47,Cash,Quarterly
2620,67,Male,Shirt,Clothing,196,Delhi,M,Blue,Autumn,2.5,Yes,Standard,No,No,7,Card,Quarterly
2621,62,Male,Jeans,Footwear,343,Delhi,XL,Black,Spring,3.7,Yes,Express,Yes,No,34,Cash,Weekly
2622,38,Male,Bag,Accessories,492,Mumbai,M,Black,Summer,4.9,No,Next Day,Yes,Yes,11,Net Banking,Monthly
2623,23,Male,Jeans,Accessories,15,Mumbai,XL,Blue,Autumn,3.6,Yes,Next Day,No,Yes,2,UPI,Quarterly
2624,66,Female,Shoes,Accessories,188,Bangalore,L,Black,Summer,2.7,No,Next Day,Yes,No,35,Net Banking,Quarterly
2625,65,Male,Shirt,Clothing,371,Delhi,XL,White,Summer,3.2,Yes,Standard,No,Yes,25,Card,Weekly
2626,48,Male,Jeans,Accessories,253,Delhi,XL,Black,Summer,4.7,No,Express,Yes,Yes,31,Card,Quarterly
2627,68,Male,Watch,Accessories,398,Bangalore,M,Red,Spring,3.7,Yes,Express,No,Yes,47,UPI,Monthly
2628,18,Male,Jeans,Footwear,242,Mumbai,M,White,Winter,4.2,Yes,Next Day,No,Yes,26,Net Banking,Quarterly
2629,50,Female,Shoes,Clothing,41,Mumbai,XL,Blue,Winter,2.2,Yes,Standard,No,No,42,Cash,Weekly
2630,20,Male,Bag,Footwear,222,Delhi,S,Red,Winter,4,Yes,Next Day,Yes,No,24,UPI,Quarterly
2631,66,Male,Bag,Clothing,208,Delhi,XL,Black,Winter,1.6,No,Standard,No,No,17,Net Banking,Quarterly
2632,53,Male,Bag,Accessories,424,Mumbai,S,Red,Summer,4,No,Express,Yes,No,19,UPI,Weekly
2633,65,Male,Shoes,Accessories,82,Mumbai,XL,White,Spring,4.5,No,Next Day,Yes,No,17,UPI,Quarterly
2634,47,Male,Shoes,Footwear,86,Lucknow,L,White,Summer,4.6,No,Next Day,Yes,Yes,44,Net Banking,Weekly
2635,22,Female,Watch,Accessories,79,Lucknow,L,Black,Winter,1.5,Yes,Express,Yes,Yes,25,Card,Quarterly
2636,19,Female,Shirt,Clothing,288,Mumbai,M,Blue,Spring,4.3,No,Express,No,Yes,46,Net Banking,Quarterly
2637,35,Male,Shoes,Accessories,497,Mumbai,L,Red,Autumn,1.4,Yes,Next Day,Yes,No,12,Card,Weekly
2638,56,Female,Shoes,Accessories,313,Mumbai,M,White,Spring,2.9,Yes,Express,Yes,No,38,Cash,Quarterly
2639,25,Male,Shirt,Accessories,409,Bangalore,M,Blue,Summer,3.7,Yes,Express,Yes,Yes,5,Cash,Quarterly
2640,62,Male,Shirt,Clothing,427,Mumbai,S,White,Spring,2.9,No,Standard,Yes,Yes,14,Net Banking,Monthly
2641,30,Female,Bag,Clothing,304,Lucknow,S,Black,Spring,2.4,No,Next Day,Yes,Yes,1,Net Banking,Weekly
2642,43,Female,Shirt,Accessories,308,Lucknow,XL,Red,Spring,3.7,Yes,Next Day,No,No,45,Net Banking,Monthly
2643,28,Male,Shoes,Clothing,129,Mumbai,L,Blue,Autumn,3.6,No,Express,No,No,14,Net Banking,Quarterly
2644,42,Female,Bag,Accessories,480,Delhi,M,Red,Autumn,3.3,Yes,Standard,No,Yes,40,Net Banking,Weekly
2645,41,Male,Jeans,Clothing,396,Delhi,XL,Red,Summer,3.1,No,Standard,No,Yes,21,Cash,Quarterly
2646,18,Female,Shirt,Footwear,437,Lucknow,L,Blue,Winter,3.8,Yes,Standard,No,Yes,6,Net Banking,Weekly
2647,47,Female,Bag,Clothing,492,Mumbai,L,White,Summer,2.6,Yes,Standard,No,No,17,Net Banking,Quarterly
2648,58,Female,Shirt,Accessories,180,Mumbai,S,White,Autumn,1.3,Yes,Express,No,Yes,17,UPI,Monthly
2649,66,Female,Bag,Footwear,80,Bangalore,L,White,Autumn,3.1,No,Express,Yes,Yes,25,Net Banking,Quarterly
2650,35,Female,Bag,Accessories,431,Lucknow,S,Black,Autumn,3.9,No,Express,No,No,16,Card,Weekly
2651,63,Female,Watch,Clothing,241,Mumbai,L,Blue,Winter,2.2,No,Next Day,No,No,33,Card,Weekly
2652,63,Female,Bag,Clothing,479,Mumbai,S,Red,Winter,1.6,Yes,Standard,Yes,Yes,36,Card,Monthly
2653,69,Male,Jeans,Accessories,350,Lucknow,L,White,Autumn,4.6,Yes,Next Day,Yes,Yes,7,Cash,Quarterly
2654,37,Male,Shirt,Clothing,136,Delhi,M,Blue,Winter,4.5,No,Standard,Yes,Yes,26,Card,Quarterly
2655,62,Male,Shirt,Footwear,183,Lucknow,S,Red,Autumn,3.5,Yes,Express,Yes,Yes,28,Card,Quarterly
2656,47,Female,Shirt,Footwear,309,Bangalore,M,Red,Summer,4.1,No,Next Day,No,No,13,Card,Quarterly
2657,21,Male,Shoes,Footwear,203,Delhi,S,Black,Winter,4.9,Yes,Next Day,No,No,38,Card,Quarterly
2658,32,Male,Shirt,Footwear,148,Delhi,S,White,Spring,3.3,Yes,Express,Yes,Yes,11,Card,Quarterly
2659,52,Female,Shirt,Accessories,112,Bangalore,XL,Blue,Summer,2,No,Standard,Yes,Yes,43,Card,Weekly
2660,26,Male,Shoes,Clothing,328,Lucknow,M,Red,Spring,3.6,No,Express,No,No,22,UPI,Weekly
2661,40,Female,Jeans,Accessories,27,Delhi,M,Blue,Winter,4.7,Yes,Express,Yes,No,18,Net Banking,Weekly
2662,58,Female,Jeans,Clothing,55,Bangalore,S,Black,Winter,3.8,Yes,Next Day,No,Yes,33,Cash,Monthly
2663,25,Male,Shirt,Footwear,30,Lucknow,M,Blue,Winter,1.1,No,Express,Yes,Yes,30,UPI,Weekly
2664,43,Male,Jeans,Accessories,369,Bangalore,M,Red,Spring,4.7,Yes,Next Day,Yes,No,25,Card,Monthly
2665,29,Male,Shoes,Accessories,24,Bangalore,L,Blue,Summer,4,Yes,Next Day,Yes,No,34,Cash,Monthly
2666,45,Male,Bag,Footwear,215,Delhi,S,White,Summer,2.6,No,Standard,No,Yes,13,UPI,Monthly
2667,30,Male,Shoes,Accessories,69,Bangalore,XL,White,Spring,4.9,No,Next Day,Yes,Yes,40,Cash,Monthly
2668,68,Male,Bag,Accessories,297,Bangalore,S,Red,Autumn,3.9,Yes,Express,Yes,No,30,Card,Quarterly
2669,21,Male,Watch,Clothing,26,Delhi,L,White,Spring,4.3,No,Express,No,Yes,10,Net Banking,Weekly
2670,68,Male,Watch,Clothing,22,Mumbai,S,White,Autumn,4.8,Yes,Standard,Yes,No,49,Card,Weekly
2671,59,Female,Bag,Clothing,211,Lucknow,XL,Red,Autumn,1.2,No,Express,No,No,43,Net Banking,Monthly
2672,62,Female,Watch,Accessories,350,Lucknow,L,White,Autumn,4.1,No,Express,Yes,No,8,Cash,Weekly
2673,62,Male,Watch,Footwear,63,Delhi,XL,Red,Winter,2.5,Yes,Standard,No,No,39,Cash,Quarterly
2674,27,Female,Shirt,Clothing,253,Bangalore,XL,White,Winter,4.5,Yes,Next Day,No,No,26,Net Banking,Monthly
2675,66,Male,Shoes,Accessories,407,Bangalore,XL,Black,Summer,4.5,No,Next Day,No,No,38,UPI,Weekly
2676,48,Male,Shirt,Clothing,316,Bangalore,L,Blue,Autumn,4.3,Yes,Standard,No,Yes,18,Cash,Monthly
2677,68,Male,Watch,Clothing,377,Bangalore,XL,White,Winter,4.1,Yes,Standard,No,No,12,Cash,Weekly
2678,63,Male,Bag,Clothing,164,Lucknow,S,Blue,Winter,4.2,No,Express,Yes,Yes,10,Cash,Monthly
2679,48,Male,Watch,Accessories,471,Mumbai,L,Black,Autumn,2.2,No,Next Day,No,Yes,3,Cash,Monthly
2680,37,Male,Bag,Accessories,81,Bangalore,XL,White,Spring,2.6,No,Standard,No,Yes,43,Net Banking,Weekly
2681,24,Male,Shoes,Accessories,306,Bangalore,M,Red,Summer,1.5,No,Next Day,Yes,Yes,15,UPI,Quarterly
2682,23,Male,Shirt,Accessories,223,Bangalore,XL,White,Winter,4.3,No,Express,Yes,No,47,Cash,Weekly
2683,38,Female,Jeans,Accessories,25,Lucknow,L,Black,Spring,3.6,No,Express,No,Yes,11,Card,Weekly
2684,60,Female,Shoes,Clothing,472,Delhi,M,Black,Autumn,3.5,No,Standard,Yes,Yes,17,Card,Monthly
2685,44,Female,Shirt,Footwear,354,Lucknow,M,Red,Autumn,2,No,Express,Yes,Yes,43,Cash,Weekly
2686,43,Female,Shoes,Accessories,121,Bangalore,S,Black,Spring,3.5,Yes,Next Day,No,No,17,Card,Quarterly
2687,30,Female,Jeans,Clothing,35,Lucknow,XL,Red,Summer,2.8,Yes,Standard,Yes,No,37,Card,Monthly
2688,47,Male,Shoes,Accessories,341,Mumbai,L,Blue,Winter,5,Yes,Express,No,No,4,Cash,Weekly
2689,51,Male,Jeans,Accessories,277,Mumbai,M,Black,Autumn,4.5,No,Standard,No,Yes,47,Cash,Monthly
2690,69,Male,Bag,Footwear,34,Delhi,XL,White,Winter,3.1,Yes,Standard,No,Yes,30,Cash,Quarterly
2691,55,Male,Jeans,Clothing,493,Lucknow,S,Black,Summer,4.2,Yes,Standard,Yes,Yes,37,UPI,Quarterly
2692,49,Female,Watch,Footwear,361,Lucknow,XL,White,Winter,1.7,Yes,Next Day,No,Yes,1,Net Banking,Monthly
2693,65,Male,Shirt,Accessories,236,Mumbai,M,Black,Autumn,1.4,No,Next Day,Yes,Yes,48,Card,Quarterly
2694,40,Female,Bag,Clothing,126,Delhi,L,Red,Winter,3.5,No,Standard,Yes,No,24,Card,Weekly
2695,66,Female,Bag,Accessories,142,Bangalore,S,White,Summer,3.9,Yes,Next Day,Yes,Yes,10,UPI,Quarterly
2696,37,Male,Shoes,Footwear,231,Bangalore,L,Black,Summer,1.2,No,Express,No,Yes,7,Net Banking,Weekly
2697,24,Female,Bag,Clothing,38,Bangalore,L,White,Spring,1.8,Yes,Next Day,No,Yes,4,Cash,Monthly
2698,39,Male,Shirt,Footwear,190,Delhi,XL,Blue,Spring,3.1,Yes,Express,Yes,Yes,33,Cash,Weekly
2699,24,Male,Watch,Footwear,116,Lucknow,M,Red,Spring,1.3,No,Next Day,No,Yes,10,Net Banking,Monthly
2700,24,Male,Jeans,Footwear,65,Mumbai,S,White,Spring,2.7,Yes,Standard,No,Yes,46,Net Banking,Weekly
2701,63,Male,Shirt,Clothing,71,Bangalore,S,Black,Summer,2.9,Yes,Standard,Yes,No,11,Card,Weekly
2702,59,Female,Bag,Accessories,179,Lucknow,S,Blue,Winter,4.7,Yes,Standard,Yes,No,4,Cash,Monthly
2703,29,Male,Watch,Accessories,197,Bangalore,M,White,Summer,2.3,No,Next Day,No,No,42,Net Banking,Quarterly
2704,61,Male,Shirt,Accessories,181,Delhi,XL,Black,Winter,1.7,No,Standard,Yes,No,38,Card,Quarterly
2705,21,Male,Shoes,Footwear,348,Lucknow,S,Black,Winter,1,No,Standard,Yes,No,25,Card,Quarterly
2706,32,Male,Shoes,Clothing,265,Bangalore,S,Blue,Winter,1.5,Yes,Next Day,No,Yes,41,UPI,Weekly
2707,54,Female,Shirt,Accessories,104,Lucknow,S,Red,Autumn,4,No,Express,Yes,Yes,36,Net Banking,Quarterly
2708,33,Female,Jeans,Footwear,486,Bangalore,M,White,Winter,2.8,No,Next Day,Yes,Yes,8,Card,Weekly
2709,55,Male,Bag,Footwear,367,Lucknow,L,Red,Summer,1.8,Yes,Express,No,No,20,Cash,Quarterly
2710,63,Female,Watch,Accessories,240,Lucknow,M,Blue,Autumn,4.7,Yes,Standard,No,No,46,UPI,Quarterly
2711,21,Male,Bag,Footwear,34,Delhi,M,White,Winter,4.2,No,Express,No,No,33,Cash,Quarterly
2712,19,Male,Jeans,Accessories,458,Delhi,S,Black,Spring,1.5,Yes,Standard,No,Yes,31,Net Banking,Monthly
2713,66,Female,Jeans,Accessories,374,Delhi,XL,White,Spring,2.1,Yes,Express,No,No,8,Card,Quarterly
2714,45,Male,Watch,Accessories,236,Lucknow,S,Blue,Spring,4.4,No,Next Day,Yes,No,26,UPI,Monthly
2715,44,Male,Shoes,Clothing,89,Delhi,S,Blue,Autumn,3.8,Yes,Standard,No,Yes,8,Cash,Weekly
2716,42,Male,Bag,Clothing,62,Mumbai,L,White,Summer,4.8,No,Standard,No,No,33,Card,Monthly
2717,40,Male,Jeans,Footwear,152,Lucknow,XL,Red,Summer,1.3,Yes,Next Day,Yes,Yes,11,Cash,Weekly
2718,53,Female,Bag,Clothing,122,Mumbai,M,Blue,Winter,4.1,Yes,Standard,No,No,14,UPI,Weekly
2719,48,Male,Bag,Accessories,112,Delhi,S,Blue,Spring,1.3,Yes,Express,No,No,28,Card,Weekly
2720,26,Male,Shirt,Accessories,209,Mumbai,L,Blue,Spring,2.3,Yes,Next Day,No,No,1,Cash,Weekly
2721,50,Male,Jeans,Accessories,32,Delhi,M,White,Summer,4,Yes,Standard,Yes,No,34,Card,Quarterly
2722,52,Female,Watch,Accessories,169,Mumbai,M,Black,Winter,3.8,No,Standard,Yes,No,22,Card,Quarterly
2723,23,Female,Shoes,Footwear,436,Bangalore,XL,Black,Autumn,1,No,Next Day,Yes,Yes,25,Card,Quarterly
2724,37,Female,Bag,Footwear,434,Bangalore,XL,Blue,Autumn,1.8,No,Next Day,No,No,37,Card,Monthly
2725,59,Female,Bag,Footwear,14,Bangalore,M,Blue,Autumn,4.1,No,Next Day,No,Yes,38,UPI,Quarterly
2726,50,Female,Shirt,Accessories,342,Delhi,L,White,Summer,1.5,No,Standard,No,No,45,Net Banking,Weekly
2727,25,Female,Jeans,Footwear,495,Lucknow,L,Black,Summer,2.3,No,Express,Yes,No,8,UPI,Quarterly
2728,20,Female,Jeans,Accessories,293,Mumbai,XL,White,Winter,1.7,No,Next Day,No,Yes,21,Card,Quarterly
2729,48,Male,Jeans,Accessories,201,Mumbai,XL,White,Autumn,1.4,No,Next Day,Yes,No,4,Net Banking,Weekly
2730,42,Male,Shoes,Footwear,250,Bangalore,M,Blue,Autumn,4.3,No,Express,No,No,13,Net Banking,Monthly
2731,67,Male,Shoes,Footwear,114,Delhi,S,White,Spring,1.2,Yes,Express,Yes,Yes,27,UPI,Weekly
2732,45,Male,Shirt,Clothing,204,Mumbai,S,White,Autumn,3.1,No,Standard,Yes,No,6,Card,Weekly
2733,66,Male,Watch,Footwear,469,Mumbai,S,White,Summer,3.8,Yes,Standard,Yes,No,22,Net Banking,Weekly
2734,29,Female,Shoes,Footwear,309,Delhi,XL,Blue,Summer,1.2,Yes,Express,No,Yes,46,Cash,Quarterly
2735,41,Female,Jeans,Footwear,221,Lucknow,L,Blue,Autumn,3.5,No,Standard,Yes,No,3,Net Banking,Weekly
2736,25,Male,Jeans,Footwear,71,Mumbai,XL,White,Summer,2.3,Yes,Next Day,Yes,No,11,Cash,Monthly
2737,47,Male,Shirt,Footwear,454,Delhi,S,Blue,Autumn,4.3,No,Standard,Yes,No,14,Net Banking,Quarterly
2738,27,Male,Jeans,Clothing,89,Mumbai,S,Black,Spring,4.2,No,Express,No,Yes,45,Card,Quarterly
2739,43,Female,Shirt,Clothing,363,Lucknow,S,Red,Spring,4.2,Yes,Express,No,Yes,36,Card,Monthly
2740,35,Male,Bag,Clothing,158,Bangalore,L,Blue,Autumn,2.6,Yes,Standard,No,Yes,9,Cash,Weekly
2741,27,Male,Bag,Clothing,146,Bangalore,S,White,Winter,4.3,Yes,Express,Yes,No,35,Cash,Monthly
2742,23,Male,Jeans,Clothing,93,Lucknow,L,White,Winter,3.5,Yes,Next Day,No,Yes,0,UPI,Weekly
2743,44,Female,Watch,Accessories,193,Delhi,XL,Black,Summer,2.5,Yes,Standard,Yes,No,39,UPI,Quarterly
2744,67,Male,Jeans,Clothing,341,Bangalore,S,White,Winter,1.3,No,Standard,Yes,Yes,11,UPI,Quarterly
2745,28,Female,Bag,Clothing,214,Mumbai,L,White,Summer,1.3,Yes,Standard,Yes,Yes,35,Card,Weekly
2746,39,Female,Jeans,Accessories,22,Bangalore,L,White,Winter,2,Yes,Standard,Yes,Yes,24,Net Banking,Weekly
2747,29,Male,Jeans,Footwear,139,Lucknow,XL,Blue,Summer,2.2,Yes,Next Day,Yes,No,36,Net Banking,Quarterly
2748,60,Female,Jeans,Clothing,88,Delhi,S,Red,Spring,4.7,No,Standard,Yes,No,17,Net Banking,Quarterly
2749,39,Female,Bag,Accessories,206,Delhi,S,White,Spring,5,No,Standard,Yes,No,26,Cash,Quarterly
2750,68,Female,Shoes,Accessories,452,Lucknow,S,White,Winter,1.6,Yes,Next Day,Yes,No,45,Card,Quarterly
2751,30,Male,Jeans,Footwear,481,Mumbai,L,Blue,Autumn,4.8,Yes,Next Day,No,No,40,UPI,Monthly
2752,22,Female,Watch,Clothing,498,Mumbai,XL,Red,Spring,3.8,No,Standard,Yes,No,27,Cash,Monthly
2753,48,Female,Jeans,Footwear,65,Delhi,S,Blue,Winter,3,No,Express,Yes,No,46,Card,Weekly
2754,51,Male,Bag,Clothing,248,Mumbai,M,Blue,Spring,4.8,No,Standard,No,No,5,Card,Quarterly
2755,69,Male,Jeans,Clothing,32,Delhi,L,Red,Summer,3.9,Yes,Standard,No,No,35,Net Banking,Quarterly
2756,63,Female,Watch,Clothing,252,Delhi,XL,Blue,Autumn,3.4,Yes,Next Day,Yes,Yes,31,Card,Quarterly
2757,63,Female,Watch,Footwear,292,Delhi,XL,Black,Spring,1.8,No,Express,Yes,Yes,12,Cash,Monthly
2758,50,Female,Shirt,Clothing,388,Delhi,L,Red,Winter,2,Yes,Express,No,No,19,Card,Quarterly
2759,36,Female,Bag,Footwear,174,Lucknow,XL,Blue,Autumn,4.6,No,Standard,No,No,20,Card,Weekly
2760,40,Male,Watch,Footwear,27,Lucknow,XL,Red,Winter,1.9,Yes,Standard,Yes,Yes,33,Cash,Monthly
2761,24,Male,Watch,Footwear,232,Lucknow,XL,Blue,Winter,1.1,Yes,Express,No,No,31,Card,Weekly
2762,40,Female,Jeans,Clothing,219,Delhi,M,White,Winter,2.1,No,Express,Yes,No,39,Cash,Monthly
2763,36,Male,Shoes,Clothing,315,Mumbai,M,White,Spring,2.9,No,Next Day,Yes,Yes,32,Net Banking,Weekly
2764,19,Male,Shoes,Clothing,58,Mumbai,M,Blue,Spring,2.5,No,Standard,No,Yes,49,Cash,Weekly
2765,28,Female,Jeans,Footwear,310,Bangalore,XL,Red,Spring,4.7,Yes,Express,Yes,Yes,41,Card,Monthly
2766,45,Male,Jeans,Clothing,206,Delhi,M,Black,Spring,2.7,Yes,Express,Yes,Yes,28,Net Banking,Weekly
2767,37,Male,Shirt,Accessories,372,Delhi,XL,White,Autumn,4.6,No,Next Day,No,No,0,UPI,Weekly
2768,69,Male,Shoes,Accessories,492,Lucknow,L,Black,Spring,3.4,Yes,Express,No,Yes,18,Net Banking,Quarterly
2769,42,Male,Jeans,Footwear,121,Mumbai,S,White,Summer,3.1,Yes,Express,No,No,6,Card,Weekly
2770,67,Male,Shirt,Accessories,379,Lucknow,M,White,Autumn,1.6,No,Express,No,No,21,Card,Quarterly
2771,52,Male,Watch,Accessories,72,Delhi,S,Black,Autumn,2.1,Yes,Express,Yes,Yes,49,Cash,Monthly
2772,20,Male,Shirt,Footwear,492,Lucknow,L,Black,Summer,4.5,Yes,Next Day,No,Yes,20,Card,Weekly
2773,28,Male,Shirt,Footwear,245,Bangalore,M,Red,Spring,4.1,No,Standard,No,Yes,40,Cash,Weekly
2774,54,Female,Watch,Accessories,375,Lucknow,M,White,Spring,2.8,No,Express,No,Yes,22,Cash,Quarterly
2775,46,Female,Watch,Accessories,390,Bangalore,S,Red,Winter,4.6,Yes,Standard,No,Yes,28,Card,Weekly
2776,33,Female,Bag,Accessories,307,Lucknow,S,Black,Summer,4.3,Yes,Standard,No,No,1,UPI,Quarterly
2777,45,Female,Jeans,Footwear,198,Mumbai,XL,Red,Autumn,1.4,Yes,Standard,No,Yes,34,Card,Weekly
2778,64,Male,Shoes,Accessories,379,Mumbai,XL,Blue,Autumn,3.4,Yes,Express,No,Yes,12,Card,Monthly
2779,38,Female,Bag,Accessories,243,Delhi,M,White,Summer,4.2,Yes,Standard,No,Yes,23,Net Banking,Monthly
2780,20,Female,Watch,Footwear,332,Delhi,XL,White,Autumn,4.2,No,Next Day,Yes,No,49,Card,Weekly
2781,34,Male,Watch,Footwear,310,Lucknow,L,White,Summer,1.4,Yes,Express,Yes,No,11,Net Banking,Quarterly
2782,66,Male,Shoes,Accessories,237,Mumbai,M,Blue,Summer,1.9,Yes,Next Day,Yes,No,46,UPI,Weekly
2783,57,Female,Watch,Clothing,67,Delhi,M,Blue,Winter,2.7,No,Next Day,Yes,Yes,41,UPI,Quarterly
2784,61,Female,Bag,Clothing,153,Mumbai,L,White,Summer,2,No,Next Day,No,Yes,2,Cash,Monthly
2785,65,Male,Bag,Accessories,469,Mumbai,XL,Black,Autumn,1.4,Yes,Express,No,No,18,Net Banking,Weekly
2786,24,Male,Jeans,Footwear,264,Bangalore,M,Black,Autumn,3.5,No,Next Day,Yes,Yes,48,Cash,Quarterly
2787,32,Male,Shoes,Footwear,321,Delhi,M,Black,Spring,3,No,Express,Yes,Yes,22,Card,Weekly
2788,21,Male,Watch,Footwear,136,Delhi,XL,Red,Autumn,1.6,No,Next Day,No,Yes,39,Net Banking,Weekly
2789,18,Female,Jeans,Clothing,355,Bangalore,L,Black,Winter,3.3,Yes,Standard,No,Yes,45,Net Banking,Monthly
2790,61,Female,Watch,Accessories,248,Delhi,M,Red,Summer,1.2,No,Next Day,No,No,0,Net Banking,Monthly
2791,66,Male,Jeans,Footwear,117,Mumbai,M,Black,Winter,2.5,No,Standard,Yes,No,36,Card,Monthly
2792,26,Female,Bag,Footwear,81,Bangalore,L,White,Spring,4.2,No,Express,Yes,No,45,Net Banking,Quarterly
2793,55,Female,Shoes,Clothing,203,Bangalore,S,Blue,Spring,4.6,No,Express,Yes,No,28,UPI,Quarterly
2794,45,Female,Jeans,Footwear,287,Delhi,S,Black,Winter,2,No,Standard,Yes,Yes,48,UPI,Quarterly
2795,21,Male,Watch,Clothing,147,Bangalore,L,Red,Winter,4.4,No,Standard,Yes,No,34,Cash,Weekly
2796,65,Female,Shoes,Clothing,130,Delhi,S,Blue,Winter,4.6,No,Express,No,No,31,Cash,Quarterly
2797,63,Female,Shoes,Footwear,142,Delhi,L,Blue,Autumn,3.4,Yes,Standard,Yes,No,6,Card,Monthly
2798,47,Female,Shoes,Footwear,153,Delhi,XL,Red,Spring,4.9,No,Standard,Yes,Yes,39,Card,Quarterly
2799,54,Male,Jeans,Footwear,372,Bangalore,S,White,Summer,2,No,Next Day,Yes,No,42,Cash,Weekly
2800,38,Male,Shirt,Accessories,254,Bangalore,M,White,Autumn,1.3,No,Standard,Yes,Yes,16,Net Banking,Monthly
2801,59,Female,Watch,Accessories,239,Bangalore,XL,Blue,Spring,4.4,No,Next Day,No,Yes,7,Card,Quarterly
2802,41,Male,Bag,Accessories,89,Delhi,S,White,Autumn,3,Yes,Standard,No,Yes,28,Cash,Quarterly
2803,69,Female,Shirt,Accessories,276,Mumbai,XL,Black,Spring,2.4,No,Standard,No,Yes,46,UPI,Monthly
2804,21,Male,Watch,Accessories,481,Delhi,S,White,Spring,1.2,Yes,Express,No,No,36,Card,Monthly
2805,26,Female,Watch,Clothing,375,Mumbai,XL,White,Spring,1.3,Yes,Express,No,No,40,Net Banking,Weekly
2806,68,Male,Watch,Footwear,229,Delhi,M,Red,Spring,1.4,Yes,Next Day,No,Yes,28,Cash,Monthly
2807,33,Male,Bag,Accessories,160,Bangalore,S,Red,Spring,1.7,No,Next Day,Yes,Yes,20,UPI,Monthly
2808,34,Male,Shoes,Accessories,182,Lucknow,L,Red,Winter,4.9,Yes,Express,Yes,No,15,UPI,Weekly
2809,59,Male,Shirt,Footwear,23,Lucknow,S,Black,Winter,2.1,No,Standard,No,No,40,UPI,Quarterly
2810,27,Male,Shirt,Accessories,24,Delhi,M,White,Autumn,4.3,Yes,Standard,Yes,Yes,32,Net Banking,Monthly
2811,44,Male,Shoes,Accessories,390,Delhi,L,Red,Summer,1.1,Yes,Next Day,No,Yes,37,Net Banking,Quarterly
2812,32,Male,Watch,Clothing,423,Delhi,L,White,Spring,2.3,Yes,Next Day,No,No,41,Card,Weekly
2813,28,Female,Shirt,Clothing,484,Lucknow,M,Black,Winter,4.6,No,Standard,Yes,No,48,Net Banking,Weekly
2814,68,Female,Jeans,Accessories,316,Lucknow,XL,White,Winter,1.7,Yes,Express,Yes,No,41,UPI,Quarterly
2815,28,Female,Bag,Accessories,465,Delhi,M,Blue,Winter,2.1,No,Standard,Yes,No,22,Cash,Quarterly
2816,22,Male,Shoes,Footwear,214,Lucknow,M,White,Summer,4.3,No,Standard,No,Yes,6,Net Banking,Weekly
2817,53,Female,Jeans,Footwear,134,Bangalore,M,White,Spring,1.5,Yes,Next Day,Yes,No,27,UPI,Quarterly
2818,63,Female,Shirt,Footwear,130,Delhi,XL,White,Autumn,1.2,No,Standard,No,Yes,22,UPI,Weekly
2819,24,Male,Jeans,Accessories,125,Mumbai,L,White,Summer,4.9,No,Standard,No,No,46,Cash,Weekly
2820,54,Female,Shoes,Clothing,375,Mumbai,S,Black,Summer,2.6,Yes,Standard,Yes,No,1,UPI,Quarterly
2821,46,Female,Shoes,Footwear,14,Lucknow,XL,Blue,Summer,3.6,Yes,Next Day,No,Yes,42,UPI,Monthly
2822,61,Male,Bag,Footwear,473,Delhi,M,Blue,Spring,1.5,No,Next Day,No,Yes,31,Cash,Quarterly
2823,24,Male,Jeans,Accessories,389,Delhi,M,Red,Winter,1.9,Yes,Next Day,No,Yes,3,Card,Weekly
2824,68,Male,Shoes,Footwear,196,Bangalore,S,White,Spring,2.8,No,Standard,No,Yes,12,Cash,Quarterly
2825,50,Male,Jeans,Footwear,353,Mumbai,XL,Red,Winter,3.7,No,Standard,No,Yes,3,Card,Monthly
2826,61,Female,Shoes,Accessories,76,Mumbai,S,Red,Winter,2.2,No,Next Day,No,No,46,Card,Quarterly
2827,36,Female,Shoes,Clothing,221,Lucknow,XL,White,Spring,4.5,Yes,Express,Yes,Yes,32,Card,Monthly
2828,67,Female,Watch,Clothing,63,Lucknow,S,Black,Autumn,4.1,Yes,Standard,No,No,30,UPI,Weekly
2829,50,Male,Watch,Footwear,64,Bangalore,L,Red,Spring,3.2,No,Standard,No,Yes,26,Card,Quarterly
2830,24,Male,Shoes,Accessories,13,Lucknow,S,Red,Winter,2.8,Yes,Next Day,Yes,No,20,UPI,Weekly
2831,65,Female,Shirt,Clothing,399,Lucknow,M,Black,Autumn,3.5,No,Next Day,No,No,8,UPI,Monthly
2832,59,Male,Shoes,Clothing,374,Bangalore,XL,Red,Spring,3.9,Yes,Standard,No,Yes,36,Card,Quarterly
2833,33,Female,Bag,Footwear,447,Lucknow,L,White,Winter,1.5,Yes,Express,Yes,No,6,Cash,Quarterly
2834,46,Female,Shirt,Clothing,490,Delhi,L,White,Winter,4.4,No,Express,No,Yes,10,UPI,Quarterly
2835,38,Male,Shirt,Clothing,482,Delhi,S,White,Winter,3,No,Express,No,No,48,Card,Monthly
2836,46,Female,Jeans,Accessories,496,Lucknow,XL,White,Summer,4.7,No,Express,No,No,4,UPI,Monthly
2837,68,Male,Shirt,Accessories,17,Delhi,M,Blue,Winter,4.8,No,Standard,Yes,Yes,47,Card,Quarterly
2838,64,Male,Bag,Footwear,394,Bangalore,L,Black,Autumn,1.1,No,Express,Yes,No,4,Cash,Weekly
2839,29,Male,Watch,Footwear,364,Mumbai,XL,White,Autumn,2.5,Yes,Next Day,No,No,24,UPI,Monthly
2840,68,Male,Shoes,Accessories,89,Lucknow,L,Blue,Summer,3.1,No,Next Day,No,Yes,29,Cash,Weekly
2841,40,Male,Bag,Clothing,77,Bangalore,L,Red,Summer,3.2,Yes,Standard,Yes,Yes,5,Card,Weekly
2842,54,Female,Shirt,Footwear,489,Delhi,S,Black,Autumn,4.3,No,Next Day,No,Yes,44,UPI,Monthly
2843,57,Female,Watch,Accessories,442,Mumbai,M,White,Autumn,1.6,No,Express,No,No,47,Net Banking,Quarterly
2844,43,Male,Watch,Footwear,170,Bangalore,L,White,Spring,3.5,No,Standard,Yes,Yes,11,Card,Weekly
2845,41,Female,Jeans,Accessories,46,Lucknow,S,White,Summer,4.8,Yes,Standard,No,No,11,Net Banking,Quarterly
2846,41,Female,Jeans,Clothing,173,Lucknow,M,Black,Spring,5,No,Next Day,Yes,Yes,38,UPI,Weekly
2847,62,Male,Shoes,Footwear,12,Lucknow,XL,White,Summer,1,No,Express,Yes,No,18,Card,Quarterly
2848,38,Male,Shirt,Clothing,346,Lucknow,XL,Red,Winter,4.9,No,Standard,Yes,No,1,Card,Monthly
2849,32,Male,Shoes,Footwear,196,Lucknow,XL,Black,Autumn,1.5,Yes,Next Day,Yes,Yes,37,UPI,Weekly
2850,36,Female,Shirt,Footwear,34,Bangalore,XL,Red,Spring,3.1,Yes,Next Day,Yes,Yes,17,Net Banking,Monthly
2851,28,Female,Bag,Clothing,490,Mumbai,XL,Blue,Autumn,2,Yes,Express,Yes,Yes,20,UPI,Weekly
2852,38,Male,Shirt,Footwear,414,Bangalore,S,Red,Spring,3.4,No,Express,Yes,No,32,Card,Monthly
2853,23,Female,Jeans,Clothing,453,Lucknow,XL,Black,Spring,1.1,Yes,Express,No,Yes,28,UPI,Weekly
2854,22,Male,Watch,Accessories,498,Mumbai,L,Red,Winter,2,Yes,Standard,No,Yes,41,Net Banking,Monthly
2855,55,Female,Shoes,Accessories,16,Lucknow,XL,Red,Spring,2.2,No,Standard,Yes,No,39,Net Banking,Weekly
2856,22,Female,Jeans,Accessories,389,Bangalore,L,Red,Summer,4.7,Yes,Standard,Yes,Yes,47,Cash,Weekly
2857,47,Female,Watch,Accessories,395,Delhi,S,White,Spring,3.3,Yes,Express,No,No,45,Net Banking,Weekly
2858,58,Male,Bag,Accessories,393,Lucknow,L,Red,Autumn,3.8,No,Standard,Yes,No,31,Net Banking,Weekly
2859,55,Male,Shirt,Accessories,139,Lucknow,XL,Red,Autumn,3.7,Yes,Standard,Yes,No,27,UPI,Weekly
2860,41,Female,Shoes,Footwear,201,Bangalore,S,Black,Winter,2.6,Yes,Next Day,Yes,No,23,Net Banking,Monthly
2861,28,Male,Bag,Clothing,465,Delhi,L,White,Winter,1.1,Yes,Next Day,No,No,33,Card,Monthly
2862,66,Male,Watch,Footwear,42,Delhi,L,Blue,Autumn,1.4,Yes,Standard,Yes,Yes,3,Net Banking,Weekly
2863,61,Male,Shoes,Clothing,324,Lucknow,M,Red,Summer,2.8,No,Express,No,No,20,Cash,Monthly
2864,49,Female,Watch,Clothing,398,Delhi,XL,Red,Spring,4.8,No,Standard,Yes,Yes,13,Cash,Quarterly
2865,22,Male,Shoes,Footwear,401,Mumbai,S,White,Winter,2,No,Next Day,No,Yes,27,Net Banking,Monthly
2866,19,Female,Shoes,Clothing,302,Bangalore,M,Blue,Autumn,3.8,Yes,Next Day,Yes,Yes,46,UPI,Weekly
2867,34,Female,Bag,Footwear,385,Delhi,XL,Blue,Spring,4.3,Yes,Standard,No,Yes,24,Card,Monthly
2868,26,Female,Shirt,Clothing,455,Lucknow,L,White,Autumn,4.6,Yes,Standard,No,Yes,29,Cash,Quarterly
2869,62,Female,Bag,Clothing,385,Bangalore,S,Red,Summer,2.2,Yes,Standard,Yes,Yes,20,Cash,Weekly
2870,28,Male,Shoes,Footwear,66,Delhi,S,Blue,Summer,4.7,Yes,Standard,Yes,No,17,Card,Weekly
2871,32,Female,Shoes,Clothing,129,Mumbai,L,Blue,Summer,3.4,No,Express,No,Yes,34,UPI,Monthly
2872,68,Female,Watch,Footwear,159,Mumbai,XL,White,Winter,3,No,Next Day,No,Yes,12,UPI,Monthly
2873,60,Female,Shoes,Accessories,178,Delhi,S,White,Spring,4.1,No,Next Day,No,No,43,Net Banking,Monthly
2874,29,Female,Watch,Footwear,186,Lucknow,S,Black,Winter,2,Yes,Standard,Yes,Yes,5,Net Banking,Quarterly
2875,37,Female,Watch,Footwear,117,Mumbai,M,Blue,Spring,4.3,No,Express,Yes,No,11,Card,Quarterly
2876,44,Female,Watch,Clothing,344,Bangalore,S,White,Spring,3.6,Yes,Next Day,Yes,No,37,Cash,Weekly
2877,52,Female,Shoes,Clothing,64,Bangalore,S,Black,Autumn,4.2,No,Next Day,No,No,4,Cash,Monthly
2878,66,Male,Jeans,Accessories,395,Delhi,M,Black,Spring,4.4,No,Express,Yes,No,20,UPI,Monthly
2879,63,Male,Shoes,Footwear,332,Bangalore,L,Black,Winter,3.5,Yes,Next Day,Yes,Yes,18,Net Banking,Weekly
2880,68,Male,Shoes,Clothing,480,Mumbai,XL,Red,Autumn,1.1,Yes,Standard,Yes,Yes,46,Net Banking,Weekly
2881,20,Female,Jeans,Clothing,13,Delhi,M,Blue,Summer,2.2,Yes,Next Day,Yes,No,7,Card,Monthly
2882,30,Male,Shoes,Accessories,154,Mumbai,L,Blue,Summer,4.5,No,Express,No,No,22,Card,Monthly
2883,47,Male,Watch,Clothing,450,Bangalore,XL,Black,Winter,3.5,No,Next Day,Yes,Yes,22,Cash,Weekly
2884,20,Female,Shirt,Clothing,251,Delhi,S,Red,Winter,4.6,Yes,Standard,No,Yes,40,Net Banking,Quarterly
2885,36,Male,Watch,Clothing,284,Lucknow,XL,White,Autumn,2.5,Yes,Standard,Yes,No,27,Cash,Weekly
2886,25,Female,Jeans,Footwear,24,Bangalore,S,Black,Spring,3,No,Express,No,Yes,6,Net Banking,Monthly
2887,66,Female,Watch,Footwear,383,Mumbai,L,Red,Autumn,4.5,No,Express,No,Yes,43,Cash,Quarterly
2888,21,Male,Bag,Clothing,133,Bangalore,XL,White,Spring,4,No,Express,Yes,Yes,7,Card,Quarterly
2889,25,Male,Jeans,Accessories,481,Mumbai,XL,Red,Summer,2.5,No,Next Day,Yes,Yes,34,Card,Quarterly
2890,28,Female,Shoes,Accessories,193,Bangalore,M,Red,Autumn,1.1,Yes,Next Day,Yes,No,13,Card,Weekly
2891,25,Female,Shoes,Accessories,102,Delhi,L,Black,Summer,4.5,No,Standard,No,No,6,Net Banking,Quarterly
2892,47,Female,Shirt,Footwear,300,Bangalore,S,White,Winter,4.1,Yes,Express,No,Yes,9,Net Banking,Monthly
2893,36,Female,Watch,Accessories,243,Delhi,M,White,Winter,2.8,Yes,Standard,No,Yes,47,Net Banking,Weekly
2894,65,Male,Watch,Footwear,240,Delhi,XL,Red,Spring,3.2,Yes,Next Day,Yes,No,48,Card,Quarterly
2895,31,Female,Watch,Clothing,475,Mumbai,S,White,Winter,1.8,Yes,Standard,No,Yes,30,Net Banking,Monthly
2896,45,Male,Watch,Clothing,188,Delhi,S,Red,Winter,2.6,Yes,Standard,Yes,Yes,40,Net Banking,Weekly
2897,52,Male,Shirt,Accessories,204,Mumbai,L,Red,Spring,1.7,Yes,Express,Yes,No,45,Net Banking,Weekly
2898,50,Female,Watch,Footwear,315,Delhi,L,White,Summer,1.8,Yes,Next Day,Yes,No,17,UPI,Weekly
2899,59,Male,Watch,Accessories,93,Delhi,M,Black,Winter,4.4,Yes,Express,Yes,Yes,37,Card,Weekly
2900,28,Female,Shoes,Accessories,416,Delhi,S,Black,Spring,2.4,Yes,Standard,No,Yes,25,UPI,Weekly
2901,44,Female,Bag,Clothing,122,Lucknow,S,Black,Spring,4.3,Yes,Standard,Yes,Yes,8,Card,Monthly
2902,59,Male,Jeans,Accessories,128,Bangalore,L,Red,Autumn,2.9,Yes,Next Day,No,Yes,26,Cash,Weekly
2903,62,Female,Bag,Footwear,15,Delhi,M,Black,Winter,1.3,No,Express,No,No,2,Net Banking,Quarterly
2904,50,Female,Watch,Accessories,178,Delhi,XL,Blue,Summer,2.4,Yes,Express,Yes,No,30,UPI,Quarterly
2905,51,Male,Bag,Clothing,295,Lucknow,M,Blue,Winter,1.6,No,Next Day,No,Yes,13,Card,Quarterly
2906,62,Female,Watch,Footwear,355,Bangalore,M,Red,Autumn,3.8,Yes,Standard,Yes,Yes,5,UPI,Weekly
2907,50,Male,Watch,Footwear,450,Lucknow,S,Red,Spring,4.6,Yes,Express,No,No,35,Net Banking,Monthly
2908,67,Female,Watch,Accessories,391,Delhi,L,Black,Summer,4.1,No,Express,No,No,17,Cash,Weekly
2909,24,Male,Watch,Accessories,167,Mumbai,M,Red,Autumn,4.1,Yes,Standard,Yes,No,22,Card,Quarterly
2910,36,Female,Jeans,Accessories,414,Delhi,XL,Blue,Summer,4.4,Yes,Next Day,Yes,No,4,UPI,Weekly
2911,23,Female,Shoes,Footwear,105,Mumbai,M,Black,Spring,4.1,Yes,Next Day,Yes,No,3,UPI,Weekly
2912,22,Female,Jeans,Accessories,112,Delhi,XL,Red,Spring,3.3,No,Next Day,Yes,No,45,Card,Weekly
2913,42,Male,Watch,Clothing,185,Delhi,M,Blue,Autumn,3.9,No,Standard,Yes,Yes,29,UPI,Monthly
2914,29,Female,Bag,Clothing,274,Bangalore,M,Blue,Winter,2.7,No,Next Day,Yes,No,20,Net Banking,Monthly
2915,39,Male,Shoes,Footwear,109,Lucknow,M,White,Summer,1.3,Yes,Express,No,Yes,33,Card,Monthly
2916,40,Male,Bag,Footwear,451,Bangalore,M,Black,Winter,3.8,Yes,Express,Yes,Yes,36,Cash,Weekly
2917,50,Female,Watch,Footwear,142,Lucknow,M,White,Autumn,3.9,No,Standard,No,No,5,Cash,Monthly
2918,67,Female,Shoes,Clothing,202,Lucknow,XL,Blue,Summer,1.9,Yes,Express,Yes,No,46,Cash,Weekly
2919,62,Female,Shoes,Clothing,306,Lucknow,L,White,Autumn,4.8,No,Next Day,No,Yes,32,UPI,Weekly
2920,37,Male,Jeans,Accessories,220,Delhi,S,White,Summer,1.2,Yes,Standard,No,No,15,Cash,Weekly
2921,34,Female,Bag,Clothing,207,Mumbai,S,White,Winter,3.9,Yes,Express,No,Yes,13,Cash,Weekly
2922,58,Female,Watch,Accessories,492,Bangalore,S,Black,Winter,4.9,No,Express,No,No,4,Cash,Quarterly
2923,24,Female,Shirt,Accessories,223,Lucknow,L,White,Winter,2.2,Yes,Express,Yes,Yes,12,Net Banking,Weekly
2924,46,Male,Shirt,Clothing,65,Lucknow,S,Blue,Spring,4.6,Yes,Standard,No,No,16,Card,Monthly
2925,39,Female,Jeans,Clothing,367,Bangalore,M,White,Spring,4.3,Yes,Standard,No,Yes,10,Card,Quarterly
2926,27,Female,Shirt,Accessories,355,Mumbai,XL,White,Winter,4,Yes,Next Day,Yes,No,33,Net Banking,Quarterly
2927,50,Female,Watch,Footwear,117,Mumbai,S,Red,Winter,4.8,Yes,Express,Yes,Yes,12,Cash,Monthly
2928,34,Male,Jeans,Accessories,426,Delhi,S,White,Autumn,3.6,No,Next Day,Yes,No,24,UPI,Weekly
2929,27,Male,Bag,Clothing,202,Mumbai,S,Red,Spring,3,Yes,Express,Yes,Yes,27,Cash,Monthly
2930,51,Male,Jeans,Clothing,83,Delhi,M,Black,Winter,3.7,No,Express,No,Yes,3,Net Banking,Weekly
2931,27,Female,Bag,Accessories,94,Lucknow,S,White,Summer,2.6,Yes,Standard,Yes,No,8,Net Banking,Monthly
2932,52,Male,Jeans,Clothing,360,Delhi,L,Red,Summer,2.3,Yes,Express,Yes,Yes,3,Net Banking,Quarterly
2933,26,Male,Shoes,Footwear,115,Mumbai,L,Black,Summer,1.3,No,Next Day,Yes,No,34,Cash,Weekly
2934,40,Female,Bag,Footwear,240,Lucknow,S,Black,Summer,2.5,No,Standard,Yes,Yes,34,Cash,Weekly
2935,60,Male,Shoes,Clothing,369,Lucknow,L,Red,Summer,4.2,Yes,Standard,No,No,6,Cash,Weekly
2936,29,Female,Watch,Footwear,427,Mumbai,M,White,Summer,4.8,Yes,Standard,Yes,Yes,36,UPI,Monthly
2937,57,Female,Shirt,Clothing,249,Mumbai,S,Red,Autumn,4.9,No,Express,No,Yes,40,Cash,Monthly
2938,55,Male,Jeans,Accessories,454,Bangalore,M,Blue,Spring,1.8,Yes,Standard,Yes,No,5,Card,Weekly
2939,64,Male,Shirt,Footwear,158,Lucknow,L,Blue,Summer,3.3,No,Next Day,Yes,No,5,Net Banking,Quarterly
2940,26,Female,Shoes,Clothing,437,Lucknow,S,Blue,Spring,3.3,Yes,Standard,Yes,Yes,39,UPI,Weekly
2941,55,Male,Bag,Clothing,132,Bangalore,XL,Blue,Autumn,1.7,No,Express,No,Yes,15,Cash,Monthly
2942,66,Female,Shirt,Clothing,41,Mumbai,XL,Blue,Winter,3.3,No,Standard,Yes,Yes,17,Cash,Monthly
2943,57,Male,Bag,Footwear,365,Mumbai,S,Black,Winter,2.5,Yes,Express,Yes,No,29,UPI,Quarterly
2944,27,Male,Jeans,Clothing,380,Bangalore,S,Red,Spring,4.8,Yes,Next Day,No,No,3,UPI,Monthly
2945,60,Male,Jeans,Accessories,463,Lucknow,M,Black,Autumn,2,Yes,Next Day,No,Yes,21,Card,Weekly
2946,23,Female,Shirt,Accessories,461,Delhi,XL,Black,Spring,4.3,No,Next Day,Yes,No,16,Card,Weekly
2947,48,Male,Bag,Footwear,60,Lucknow,S,Blue,Summer,4.6,Yes,Express,Yes,No,41,Net Banking,Weekly
2948,43,Male,Bag,Footwear,314,Mumbai,M,White,Summer,3.9,No,Express,No,No,36,Cash,Monthly
2949,45,Male,Shirt,Footwear,355,Delhi,L,Red,Autumn,1.9,No,Standard,No,Yes,14,Cash,Quarterly
2950,45,Male,Watch,Footwear,304,Delhi,S,Blue,Summer,2,No,Next Day,No,Yes,32,Card,Monthly
2951,19,Male,Bag,Accessories,19,Mumbai,S,Red,Autumn,4.9,Yes,Next Day,No,No,20,Net Banking,Monthly
2952,44,Female,Watch,Accessories,32,Delhi,S,Red,Autumn,1.3,Yes,Next Day,Yes,Yes,24,UPI,Monthly
2953,66,Female,Shoes,Clothing,338,Delhi,S,Blue,Winter,1.5,No,Next Day,No,Yes,36,UPI,Weekly
2954,40,Male,Shoes,Footwear,429,Mumbai,L,White,Spring,4.9,Yes,Standard,No,Yes,13,Cash,Quarterly
2955,32,Female,Watch,Accessories,97,Lucknow,XL,Red,Winter,4.1,Yes,Standard,No,Yes,28,Cash,Monthly
2956,69,Female,Watch,Accessories,32,Bangalore,M,Black,Winter,4,No,Express,No,Yes,20,Card,Quarterly
2957,23,Female,Shirt,Clothing,207,Delhi,M,White,Autumn,1.6,Yes,Standard,Yes,Yes,32,Net Banking,Monthly
2958,43,Female,Shoes,Clothing,163,Bangalore,S,Black,Winter,3,Yes,Next Day,Yes,Yes,19,Card,Weekly
2959,44,Male,Bag,Accessories,491,Mumbai,XL,Black,Spring,4.4,No,Express,No,Yes,46,Cash,Monthly
2960,42,Female,Jeans,Accessories,463,Bangalore,XL,Blue,Spring,2.3,No,Standard,No,No,19,Card,Weekly
2961,65,Female,Shoes,Accessories,283,Delhi,L,Blue,Spring,1.8,No,Express,No,No,5,Net Banking,Weekly
2962,39,Female,Shoes,Clothing,475,Delhi,M,White,Winter,1,Yes,Express,No,Yes,24,Cash,Quarterly
2963,68,Male,Jeans,Clothing,122,Mumbai,S,Red,Summer,3.5,No,Standard,Yes,No,11,Net Banking,Quarterly
2964,21,Female,Watch,Footwear,496,Lucknow,XL,Black,Summer,2.2,No,Next Day,No,Yes,22,Net Banking,Weekly
2965,56,Female,Jeans,Accessories,229,Bangalore,S,Blue,Autumn,4.5,No,Next Day,Yes,No,46,UPI,Monthly
2966,48,Female,Watch,Accessories,243,Delhi,S,White,Summer,2.1,No,Next Day,Yes,No,5,Card,Quarterly
2967,30,Male,Jeans,Clothing,34,Lucknow,L,Red,Autumn,1.6,No,Standard,No,Yes,2,Card,Quarterly
2968,29,Male,Shirt,Accessories,96,Lucknow,S,Red,Winter,4.8,No,Next Day,Yes,Yes,14,Cash,Quarterly
2969,55,Female,Shoes,Accessories,105,Bangalore,S,Red,Summer,4.9,No,Standard,Yes,No,21,Card,Quarterly
2970,51,Male,Shoes,Accessories,249,Bangalore,L,Red,Winter,3.7,Yes,Next Day,Yes,Yes,6,Card,Weekly
2971,49,Male,Shirt,Footwear,102,Delhi,S,Black,Autumn,4.7,No,Next Day,No,No,34,Net Banking,Weekly
2972,20,Female,Watch,Footwear,60,Bangalore,M,Red,Summer,1.6,Yes,Standard,Yes,Yes,30,Cash,Quarterly
2973,49,Female,Watch,Clothing,306,Lucknow,L,Red,Winter,2.8,No,Standard,Yes,No,35,UPI,Quarterly
2974,69,Male,Shirt,Accessories,437,Mumbai,S,Black,Summer,1.8,Yes,Next Day,Yes,Yes,21,Card,Weekly
2975,18,Male,Shirt,Footwear,44,Delhi,XL,Red,Spring,2.9,Yes,Standard,Yes,Yes,46,Net Banking,Quarterly
2976,42,Male,Shirt,Accessories,284,Lucknow,S,Black,Summer,4.2,Yes,Next Day,No,No,33,Net Banking,Weekly
2977,43,Male,Bag,Clothing,480,Bangalore,L,Black,Winter,4.4,No,Next Day,Yes,No,46,Card,Monthly
2978,64,Male,Bag,Clothing,208,Bangalore,S,White,Autumn,1,No,Standard,Yes,Yes,4,Cash,Quarterly
2979,32,Female,Shoes,Footwear,99,Bangalore,L,Blue,Autumn,2.6,Yes,Next Day,Yes,Yes,33,UPI,Monthly
2980,42,Female,Jeans,Footwear,48,Delhi,XL,Blue,Autumn,5,Yes,Standard,Yes,Yes,17,Cash,Quarterly
2981,55,Male,Shoes,Clothing,468,Delhi,XL,Red,Spring,3.4,No,Express,No,No,9,UPI,Weekly
2982,21,Male,Bag,Accessories,208,Lucknow,M,Red,Spring,2.2,Yes,Standard,Yes,No,9,Card,Monthly
2983,59,Female,Bag,Accessories,61,Lucknow,S,Red,Summer,2.6,Yes,Standard,Yes,No,9,Net Banking,Quarterly
2984,60,Male,Shoes,Clothing,434,Delhi,XL,White,Winter,2.3,Yes,Next Day,Yes,No,4,Net Banking,Quarterly
2985,55,Male,Jeans,Accessories,402,Bangalore,L,Red,Spring,2.8,No,Standard,Yes,Yes,22,Cash,Monthly
2986,51,Male,Jeans,Footwear,354,Bangalore,S,Black,Autumn,2.8,Yes,Next Day,No,Yes,38,Card,Weekly
2987,56,Female,Shirt,Clothing,51,Mumbai,S,Black,Winter,3,Yes,Standard,No,No,23,UPI,Monthly
2988,58,Male,Bag,Clothing,50,Bangalore,M,Blue,Spring,2.9,No,Next Day,No,No,6,Cash,Quarterly
2989,64,Male,Shirt,Accessories,117,Lucknow,L,Blue,Spring,3.1,Yes,Next Day,No,Yes,35,Net Banking,Monthly
2990,40,Female,Bag,Clothing,88,Lucknow,M,Blue,Winter,1.1,No,Standard,Yes,Yes,8,Net Banking,Quarterly
2991,41,Male,Watch,Footwear,270,Delhi,XL,Black,Spring,1.2,No,Express,No,Yes,43,Net Banking,Weekly
2992,51,Male,Bag,Accessories,202,Mumbai,L,Black,Autumn,2.5,Yes,Express,Yes,Yes,18,Cash,Quarterly
2993,28,Male,Shoes,Clothing,385,Lucknow,XL,Black,Winter,4.5,Yes,Express,No,No,0,Net Banking,Quarterly
2994,62,Female,Shoes,Accessories,59,Delhi,XL,White,Summer,4.2,Yes,Standard,Yes,No,14,Net Banking,Monthly
2995,58,Female,Shoes,Footwear,366,Lucknow,M,Blue,Summer,1.4,Yes,Next Day,Yes,No,41,Card,Weekly
2996,50,Female,Shoes,Accessories,467,Mumbai,XL,White,Autumn,3,No,Next Day,No,Yes,45,Cash,Monthly
2997,33,Male,Shoes,Accessories,73,Bangalore,M,Blue,Autumn,3.4,No,Express,Yes,Yes,21,Card,Quarterly
2998,36,Male,Watch,Clothing,329,Mumbai,S,Blue,Winter,2.9,No,Express,Yes,Yes,49,Net Banking,Quarterly
2999,40,Female,Shirt,Clothing,259,Lucknow,M,Blue,Autumn,3.8,Yes,Standard,No,No,11,Card,Monthly
3000,52,Female,Shirt,Clothing,56,Bangalore,M,White,Winter,5,No,Next Day,Yes,No,21,UPI,Weekly
3001,58,Male,Bag,Clothing,153,Bangalore,XL,Red,Spring,1.4,No,Express,No,Yes,22,Cash,Quarterly
3002,52,Female,Watch,Clothing,396,Mumbai,XL,Black,Summer,3.1,No,Standard,Yes,Yes,10,UPI,Quarterly
3003,66,Female,Shoes,Accessories,435,Delhi,S,Blue,Spring,3,Yes,Standard,No,No,19,Cash,Weekly
3004,67,Female,Shoes,Clothing,190,Lucknow,S,White,Autumn,3.2,No,Standard,Yes,Yes,24,Cash,Weekly
3005,54,Female,Watch,Accessories,62,Mumbai,L,Black,Spring,1.7,Yes,Next Day,No,Yes,34,Cash,Quarterly
3006,37,Male,Shoes,Footwear,129,Delhi,L,White,Winter,3.6,No,Standard,Yes,Yes,24,Cash,Weekly
3007,49,Male,Watch,Footwear,423,Lucknow,L,White,Winter,1.2,No,Express,Yes,Yes,5,Card,Quarterly
3008,40,Male,Shirt,Accessories,289,Delhi,M,Black,Winter,4,No,Next Day,No,No,23,Cash,Weekly
3009,50,Male,Shirt,Clothing,220,Bangalore,XL,Red,Winter,3.7,Yes,Standard,Yes,No,42,Net Banking,Monthly
3010,60,Female,Bag,Accessories,16,Mumbai,M,Red,Spring,2.3,No,Standard,Yes,Yes,1,Cash,Monthly
3011,37,Female,Shoes,Footwear,393,Lucknow,M,White,Autumn,5,No,Next Day,Yes,No,49,Cash,Monthly
3012,44,Female,Watch,Accessories,238,Delhi,M,White,Autumn,4.3,No,Next Day,Yes,No,6,Cash,Weekly
3013,20,Male,Bag,Footwear,277,Lucknow,XL,Black,Autumn,3.2,No,Standard,Yes,No,0,Card,Weekly
3014,56,Female,Shoes,Footwear,423,Delhi,M,Blue,Winter,5,No,Standard,Yes,Yes,7,Card,Monthly
3015,43,Male,Shirt,Clothing,285,Lucknow,L,White,Autumn,4.3,Yes,Express,No,Yes,12,Cash,Weekly
3016,41,Female,Shirt,Clothing,464,Mumbai,XL,Blue,Spring,1.6,Yes,Express,Yes,No,17,UPI,Quarterly
3017,45,Male,Watch,Clothing,284,Delhi,S,Black,Winter,3.4,No,Express,Yes,No,41,Cash,Monthly
3018,29,Male,Shoes,Clothing,177,Mumbai,L,Red,Summer,3.3,Yes,Standard,No,Yes,29,Net Banking,Weekly
3019,49,Male,Bag,Clothing,462,Delhi,L,Black,Summer,3.6,Yes,Express,No,Yes,31,Net Banking,Quarterly
3020,56,Female,Jeans,Accessories,324,Mumbai,XL,Black,Autumn,4.8,No,Standard,No,Yes,43,Card,Monthly
3021,36,Male,Jeans,Accessories,382,Bangalore,S,White,Winter,3,Yes,Next Day,No,No,6,UPI,Weekly
3022,24,Male,Shoes,Accessories,121,Bangalore,L,Black,Autumn,1.3,No,Express,No,Yes,11,Card,Monthly
3023,38,Male,Shirt,Footwear,338,Bangalore,XL,White,Spring,2.9,Yes,Express,No,Yes,48,Card,Quarterly
3024,28,Female,Watch,Footwear,284,Lucknow,M,Black,Autumn,4.2,Yes,Express,No,Yes,38,Cash,Monthly
3025,37,Male,Watch,Footwear,61,Mumbai,L,Black,Autumn,2.4,Yes,Express,Yes,No,2,Cash,Monthly
3026,50,Male,Shoes,Footwear,134,Bangalore,M,Red,Spring,1.1,Yes,Express,No,Yes,11,Card,Monthly
3027,23,Male,Bag,Accessories,456,Delhi,L,Black,Autumn,2.2,Yes,Standard,No,No,18,Cash,Quarterly
3028,56,Male,Shirt,Footwear,289,Mumbai,M,Blue,Winter,3.7,Yes,Express,No,Yes,1,UPI,Quarterly
3029,29,Female,Watch,Accessories,389,Bangalore,S,Blue,Winter,1.3,No,Standard,Yes,Yes,29,Net Banking,Weekly
3030,64,Female,Watch,Clothing,94,Delhi,XL,Red,Summer,2.5,Yes,Standard,No,No,32,Cash,Monthly
3031,56,Male,Shoes,Clothing,116,Mumbai,S,Blue,Autumn,1.5,No,Next Day,Yes,No,16,UPI,Quarterly
3032,32,Female,Bag,Clothing,471,Delhi,S,Black,Winter,2.9,No,Express,No,No,10,UPI,Monthly
3033,47,Male,Shoes,Footwear,215,Lucknow,XL,Black,Autumn,1.6,No,Next Day,No,Yes,21,Card,Weekly
3034,23,Female,Shirt,Clothing,444,Bangalore,XL,Black,Summer,1.4,No,Express,No,Yes,45,Net Banking,Weekly
3035,23,Male,Shirt,Footwear,406,Bangalore,L,Black,Spring,3.8,Yes,Next Day,No,No,35,Cash,Quarterly
3036,67,Male,Jeans,Footwear,175,Bangalore,L,Red,Spring,1.6,Yes,Standard,No,No,46,Net Banking,Monthly
3037,59,Male,Bag,Accessories,475,Delhi,M,Blue,Autumn,1.6,No,Express,No,No,27,Cash,Quarterly
3038,26,Male,Shirt,Footwear,390,Delhi,L,Black,Winter,3.4,Yes,Express,Yes,No,5,Cash,Weekly
3039,32,Female,Shirt,Footwear,72,Mumbai,L,Blue,Autumn,1.2,No,Standard,Yes,Yes,2,Card,Monthly
3040,28,Female,Shoes,Footwear,56,Delhi,L,Red,Winter,1.1,Yes,Standard,No,No,9,Net Banking,Monthly
3041,38,Female,Jeans,Accessories,72,Mumbai,L,Blue,Autumn,2.7,Yes,Standard,Yes,No,26,Cash,Monthly
3042,33,Male,Shoes,Clothing,372,Mumbai,L,Blue,Summer,2.5,Yes,Standard,Yes,Yes,10,UPI,Monthly
3043,35,Female,Jeans,Clothing,80,Lucknow,XL,Red,Autumn,3.2,Yes,Express,No,Yes,15,Net Banking,Weekly
3044,45,Male,Bag,Footwear,148,Mumbai,L,Red,Summer,5,Yes,Standard,No,Yes,45,Card,Quarterly
3045,27,Female,Watch,Footwear,222,Delhi,M,Red,Spring,2.7,No,Next Day,No,Yes,2,Card,Weekly
3046,63,Female,Watch,Accessories,76,Lucknow,L,Blue,Autumn,3.3,No,Express,No,No,3,Cash,Monthly
3047,55,Male,Shirt,Clothing,171,Delhi,S,Blue,Autumn,4.7,Yes,Next Day,Yes,Yes,19,Cash,Quarterly
3048,57,Male,Shirt,Footwear,342,Delhi,S,White,Winter,2.9,Yes,Standard,No,No,37,Cash,Monthly
3049,26,Male,Jeans,Clothing,486,Mumbai,XL,White,Spring,4.1,Yes,Standard,No,Yes,41,Cash,Weekly
3050,54,Female,Jeans,Accessories,240,Delhi,L,Black,Summer,3.2,No,Next Day,No,No,14,UPI,Weekly
3051,61,Female,Shirt,Accessories,375,Lucknow,S,White,Spring,3.5,Yes,Express,Yes,No,14,UPI,Monthly
3052,27,Male,Watch,Clothing,269,Mumbai,M,White,Winter,4.7,No,Next Day,No,No,29,UPI,Quarterly
3053,57,Female,Jeans,Clothing,238,Lucknow,XL,White,Winter,,No,Standard,No,Yes,43,Card,Monthly
3054,36,Female,Jeans,Clothing,265,Delhi,L,Blue,Summer,4.6,Yes,Standard,No,No,8,Card,Quarterly
3055,58,Male,Shoes,Footwear,479,Bangalore,XL,Red,Winter,3,No,Express,No,No,44,Card,Quarterly
3056,42,Female,Jeans,Footwear,39,Delhi,L,Black,Autumn,3.4,Yes,Express,Yes,No,40,Card,Monthly
3057,59,Male,Watch,Accessories,261,Delhi,S,Black,Summer,2.8,No,Standard,No,Yes,13,Cash,Weekly
3058,25,Female,Jeans,Accessories,35,Mumbai,S,Red,Summer,2,Yes,Standard,Yes,Yes,33,UPI,Weekly
3059,38,Male,Shirt,Accessories,438,Lucknow,S,Black,Autumn,1.3,No,Standard,Yes,Yes,31,UPI,Weekly
3060,32,Female,Watch,Accessories,304,Mumbai,L,Black,Spring,4.8,Yes,Standard,Yes,Yes,1,Net Banking,Monthly
3061,30,Male,Shirt,Accessories,33,Lucknow,XL,Blue,Spring,3.5,Yes,Next Day,Yes,No,20,Card,Monthly
3062,34,Male,Shoes,Accessories,315,Delhi,M,Blue,Winter,4.5,No,Next Day,Yes,No,11,Net Banking,Weekly
3063,37,Male,Shirt,Accessories,223,Mumbai,L,Black,Spring,2.2,No,Standard,Yes,Yes,3,Card,Weekly
3064,24,Female,Bag,Accessories,33,Bangalore,L,White,Spring,2.1,No,Express,Yes,No,23,Cash,Monthly
3065,54,Male,Jeans,Accessories,489,Mumbai,L,Red,Winter,2.3,Yes,Express,Yes,Yes,35,Card,Monthly
3066,46,Female,Watch,Footwear,195,Bangalore,L,White,Winter,1.9,No,Standard,No,Yes,26,UPI,Weekly
3067,61,Female,Shoes,Clothing,21,Bangalore,M,White,Winter,3,No,Express,No,No,4,Net Banking,Monthly
3068,54,Female,Bag,Clothing,310,Delhi,L,Red,Spring,4.7,No,Next Day,No,Yes,41,Card,Monthly
3069,25,Female,Shoes,Accessories,193,Bangalore,M,Blue,Winter,4.5,Yes,Express,No,Yes,3,Cash,Weekly
3070,21,Female,Watch,Clothing,331,Lucknow,L,White,Summer,3,No,Next Day,Yes,No,19,UPI,Quarterly
3071,39,Male,Shoes,Clothing,89,Lucknow,XL,Red,Spring,2.4,Yes,Express,No,Yes,28,UPI,Weekly
3072,43,Female,Shirt,Footwear,415,Mumbai,S,Blue,Winter,3.4,No,Express,No,Yes,46,Cash,Weekly
3073,30,Male,Bag,Accessories,215,Mumbai,L,Blue,Summer,3.4,Yes,Next Day,Yes,Yes,37,UPI,Weekly
3074,58,Female,Jeans,Accessories,216,Lucknow,S,Black,Autumn,3.7,Yes,Next Day,Yes,No,9,Net Banking,Monthly
3075,48,Male,Bag,Footwear,403,Lucknow,M,White,Spring,3.1,Yes,Next Day,No,Yes,21,Card,Quarterly
3076,56,Female,Shoes,Clothing,278,Lucknow,L,White,Spring,1.1,Yes,Next Day,No,Yes,42,UPI,Weekly
3077,23,Female,Shirt,Accessories,10,Lucknow,M,Red,Winter,1.3,No,Standard,Yes,Yes,12,UPI,Quarterly
3078,60,Male,Jeans,Clothing,293,Mumbai,S,Black,Autumn,4.9,Yes,Next Day,Yes,Yes,45,Net Banking,Weekly
3079,28,Female,Watch,Accessories,326,Delhi,M,White,Winter,4,Yes,Next Day,Yes,No,26,Cash,Weekly
3080,41,Male,Shirt,Clothing,162,Delhi,S,Black,Spring,,Yes,Express,No,No,31,Net Banking,Monthly
3081,40,Male,Shirt,Footwear,98,Mumbai,L,Black,Winter,2.4,No,Express,Yes,No,33,Card,Quarterly
3082,60,Female,Shirt,Clothing,36,Lucknow,S,Black,Winter,3.1,No,Next Day,Yes,No,48,Card,Quarterly
3083,32,Female,Shoes,Clothing,424,Mumbai,M,Blue,Winter,2.3,No,Standard,Yes,No,34,Cash,Monthly
3084,30,Male,Jeans,Clothing,12,Mumbai,M,Blue,Spring,4.6,Yes,Express,Yes,No,20,Net Banking,Quarterly
3085,35,Female,Shirt,Clothing,295,Lucknow,XL,White,Spring,2.2,No,Next Day,No,Yes,29,Card,Quarterly
3086,36,Female,Jeans,Clothing,419,Delhi,XL,Blue,Autumn,3.8,No,Standard,Yes,Yes,34,Card,Weekly
3087,27,Female,Shirt,Clothing,182,Bangalore,S,White,Spring,1.7,No,Standard,Yes,Yes,29,Card,Monthly
3088,27,Female,Watch,Footwear,108,Bangalore,S,Blue,Spring,1.4,Yes,Standard,No,Yes,0,Net Banking,Weekly
3089,30,Male,Shoes,Footwear,360,Lucknow,L,Red,Winter,1.6,No,Standard,No,No,45,Card,Weekly
3090,42,Male,Jeans,Footwear,318,Mumbai,M,Red,Autumn,3.1,No,Express,No,Yes,13,Cash,Monthly
3091,35,Female,Bag,Footwear,17,Bangalore,L,White,Winter,4.4,Yes,Next Day,Yes,Yes,32,UPI,Quarterly
3092,38,Female,Shoes,Footwear,292,Lucknow,XL,White,Winter,5,Yes,Standard,No,No,28,UPI,Monthly
3093,55,Male,Shoes,Accessories,10,Lucknow,S,White,Spring,3.5,No,Express,Yes,Yes,6,Cash,Weekly
3094,30,Female,Jeans,Accessories,205,Bangalore,XL,White,Winter,3.1,Yes,Standard,No,Yes,43,UPI,Quarterly
3095,65,Female,Bag,Accessories,158,Bangalore,S,Black,Spring,4.1,No,Next Day,Yes,Yes,4,Card,Monthly
3096,57,Female,Shoes,Clothing,418,Lucknow,S,Black,Summer,1.3,No,Express,Yes,No,47,Cash,Quarterly
3097,27,Male,Watch,Accessories,488,Lucknow,L,Blue,Summer,4.2,No,Express,No,Yes,46,Card,Monthly
3098,34,Male,Bag,Footwear,352,Bangalore,XL,Black,Spring,4,Yes,Next Day,No,No,28,Net Banking,Quarterly
3099,27,Male,Watch,Clothing,369,Mumbai,L,Blue,Autumn,3.1,Yes,Next Day,Yes,No,47,Net Banking,Monthly
3100,32,Female,Bag,Footwear,21,Bangalore,S,Red,Spring,1.1,No,Standard,No,Yes,42,Net Banking,Weekly
3101,37,Female,Shirt,Footwear,41,Delhi,S,Blue,Winter,1.8,No,Standard,Yes,No,44,UPI,Monthly
3102,24,Male,Shirt,Accessories,390,Bangalore,XL,Black,Winter,2.5,No,Standard,Yes,Yes,39,UPI,Quarterly
3103,18,Female,Shirt,Accessories,219,Mumbai,L,White,Autumn,4.8,No,Express,Yes,No,46,Cash,Weekly
3104,40,Female,Bag,Clothing,258,Lucknow,S,Blue,Spring,3.6,Yes,Next Day,Yes,No,38,Net Banking,Quarterly
3105,54,Male,Bag,Clothing,349,Bangalore,L,White,Autumn,3,Yes,Express,No,Yes,44,Net Banking,Quarterly
3106,33,Male,Watch,Clothing,180,Lucknow,M,Red,Autumn,3,Yes,Express,Yes,Yes,5,UPI,Weekly
3107,62,Female,Jeans,Footwear,344,Lucknow,S,Red,Summer,4.1,Yes,Next Day,No,Yes,21,Net Banking,Monthly
3108,37,Female,Shirt,Accessories,366,Lucknow,S,White,Summer,2.3,Yes,Next Day,Yes,No,23,UPI,Weekly
3109,64,Female,Jeans,Clothing,127,Delhi,XL,Blue,Summer,1.4,No,Standard,Yes,Yes,45,Net Banking,Monthly
3110,30,Female,Jeans,Accessories,346,Lucknow,L,Black,Winter,3.7,Yes,Express,Yes,Yes,24,Card,Quarterly
3111,46,Male,Watch,Footwear,93,Mumbai,S,White,Spring,2.3,Yes,Next Day,Yes,Yes,21,UPI,Monthly
3112,57,Female,Bag,Clothing,162,Bangalore,S,Red,Autumn,2.3,No,Express,No,Yes,39,Net Banking,Monthly
3113,21,Female,Shirt,Clothing,392,Mumbai,M,Blue,Summer,2.8,No,Standard,No,Yes,32,Card,Weekly
3114,66,Male,Shirt,Footwear,491,Mumbai,M,Red,Autumn,2,No,Standard,No,Yes,29,Cash,Weekly
3115,36,Male,Shirt,Footwear,41,Lucknow,M,Blue,Spring,4.7,Yes,Standard,Yes,No,45,UPI,Quarterly
3116,43,Female,Watch,Accessories,327,Lucknow,L,White,Winter,4.4,Yes,Express,Yes,Yes,40,UPI,Monthly
3117,50,Female,Bag,Footwear,289,Bangalore,S,Red,Summer,5,No,Next Day,No,No,35,UPI,Quarterly
3118,51,Female,Shirt,Accessories,306,Delhi,S,Blue,Winter,4.9,No,Express,No,No,47,Cash,Monthly
3119,19,Male,Shirt,Accessories,395,Delhi,L,Red,Spring,2.3,Yes,Next Day,No,No,2,Net Banking,Monthly
3120,63,Male,Shirt,Clothing,44,Delhi,XL,White,Autumn,2.5,No,Standard,No,No,27,Net Banking,Quarterly
3121,50,Female,Watch,Footwear,372,Lucknow,S,Blue,Autumn,3.8,No,Next Day,No,Yes,1,UPI,Weekly
3122,69,Female,Watch,Footwear,146,Mumbai,M,White,Winter,1.1,Yes,Standard,No,Yes,39,Card,Quarterly
3123,42,Female,Watch,Clothing,85,Delhi,L,Black,Spring,5,Yes,Express,Yes,Yes,6,Net Banking,Weekly
3124,49,Female,Shirt,Footwear,229,Bangalore,S,Black,Autumn,1,Yes,Express,No,No,28,UPI,Quarterly
3125,40,Male,Shirt,Footwear,23,Lucknow,XL,White,Spring,3.1,No,Next Day,No,Yes,39,Cash,Monthly
3126,64,Female,Shirt,Clothing,319,Bangalore,S,Red,Summer,3.7,No,Next Day,No,Yes,31,UPI,Monthly
3127,61,Male,Watch,Clothing,286,Mumbai,L,Black,Spring,4.7,Yes,Express,Yes,Yes,2,Net Banking,Monthly
3128,65,Female,Watch,Accessories,261,Delhi,M,Red,Spring,3.6,No,Express,Yes,No,23,Card,Quarterly
3129,44,Male,Shoes,Accessories,24,Lucknow,L,Blue,Winter,3.4,No,Next Day,No,No,38,Card,Weekly
3130,59,Female,Shirt,Accessories,383,Delhi,S,Blue,Autumn,2.2,Yes,Next Day,No,No,47,UPI,Weekly
3131,36,Female,Shoes,Accessories,27,Lucknow,S,Blue,Winter,3.4,No,Express,No,No,44,UPI,Quarterly
3132,41,Female,Jeans,Footwear,138,Delhi,L,Blue,Autumn,4,Yes,Next Day,Yes,No,40,Net Banking,Monthly
3133,57,Female,Shirt,Accessories,203,Delhi,XL,White,Autumn,3.1,Yes,Next Day,Yes,Yes,15,UPI,Weekly
3134,22,Female,Watch,Clothing,354,Mumbai,L,Blue,Spring,4.1,Yes,Standard,Yes,No,37,UPI,Quarterly
3135,54,Female,Bag,Clothing,209,Delhi,XL,Blue,Winter,1.3,No,Express,Yes,Yes,8,Card,Weekly
3136,18,Male,Shirt,Footwear,410,Delhi,M,White,Spring,2.3,No,Next Day,Yes,Yes,16,Net Banking,Quarterly
3137,48,Male,Jeans,Footwear,467,Delhi,S,Red,Spring,4.8,Yes,Standard,No,Yes,14,Cash,Weekly
3138,42,Female,Bag,Accessories,384,Bangalore,M,Black,Autumn,2.3,No,Next Day,No,Yes,24,Net Banking,Monthly
3139,42,Female,Watch,Clothing,29,Lucknow,XL,Red,Autumn,3.5,Yes,Express,Yes,No,43,UPI,Weekly
3140,43,Female,Shirt,Clothing,387,Delhi,XL,Red,Spring,3.1,Yes,Standard,No,Yes,43,Card,Weekly
3141,43,Female,Shoes,Clothing,111,Bangalore,L,Red,Autumn,4.7,No,Express,Yes,No,44,UPI,Weekly
3142,39,Female,Watch,Clothing,445,Mumbai,M,Black,Autumn,1.7,No,Express,Yes,No,46,UPI,Weekly
3143,41,Female,Watch,Accessories,489,Mumbai,L,Blue,Summer,2.2,Yes,Standard,No,Yes,1,Card,Weekly
3144,47,Female,Shirt,Clothing,51,Mumbai,L,Red,Autumn,4.4,Yes,Standard,No,Yes,49,Card,Quarterly
3145,57,Female,Watch,Clothing,58,Lucknow,L,Red,Autumn,3.7,Yes,Next Day,Yes,No,43,Net Banking,Quarterly
3146,46,Male,Jeans,Clothing,351,Bangalore,XL,Red,Summer,3.2,No,Next Day,Yes,No,36,Cash,Weekly
3147,51,Female,Watch,Footwear,80,Bangalore,L,White,Spring,2.6,No,Next Day,No,Yes,4,Cash,Quarterly
3148,61,Male,Shoes,Accessories,484,Lucknow,S,Red,Summer,2.6,No,Express,No,Yes,36,UPI,Weekly
3149,69,Female,Jeans,Clothing,274,Bangalore,S,Blue,Winter,4.7,No,Next Day,Yes,Yes,33,UPI,Weekly
3150,23,Female,Watch,Footwear,291,Delhi,L,Red,Summer,3.7,Yes,Express,Yes,Yes,4,Cash,Quarterly
3151,55,Female,Shirt,Accessories,431,Delhi,XL,Blue,Autumn,4.7,No,Next Day,No,Yes,10,UPI,Monthly
3152,29,Male,Shirt,Clothing,116,Mumbai,XL,Blue,Summer,4.9,Yes,Next Day,No,No,37,Net Banking,Weekly
3153,28,Female,Jeans,Footwear,282,Delhi,L,Red,Autumn,3.2,No,Express,Yes,No,8,Card,Quarterly
3154,59,Male,Shoes,Footwear,499,Bangalore,L,Blue,Autumn,3.4,Yes,Express,No,No,17,Net Banking,Monthly
3155,21,Female,Shirt,Accessories,20,Mumbai,XL,Red,Summer,3.6,No,Next Day,No,Yes,30,Net Banking,Weekly
3156,62,Male,Bag,Clothing,95,Delhi,XL,Red,Autumn,4.4,No,Standard,Yes,Yes,43,Cash,Weekly
3157,58,Male,Bag,Clothing,81,Mumbai,S,White,Winter,3.6,No,Standard,Yes,No,14,UPI,Weekly
3158,69,Female,Bag,Accessories,174,Lucknow,M,Black,Winter,1.5,No,Express,No,No,0,Net Banking,Weekly
3159,52,Female,Watch,Footwear,73,Lucknow,M,Blue,Winter,4.8,Yes,Standard,Yes,Yes,42,Net Banking,Quarterly
3160,63,Male,Jeans,Footwear,94,Lucknow,L,White,Spring,3.6,Yes,Next Day,No,No,46,Net Banking,Weekly
3161,24,Male,Watch,Footwear,427,Lucknow,M,Blue,Winter,4.5,Yes,Standard,Yes,No,42,Card,Weekly
3162,64,Male,Shirt,Footwear,237,Bangalore,M,Red,Autumn,2.7,No,Express,Yes,Yes,24,Cash,Weekly
3163,26,Female,Shirt,Accessories,185,Lucknow,S,Red,Summer,2.9,Yes,Next Day,Yes,Yes,36,Card,Quarterly
3164,34,Male,Shirt,Accessories,215,Lucknow,S,White,Summer,3.8,No,Express,No,No,6,Card,Monthly
3165,24,Male,Shoes,Footwear,485,Bangalore,M,Black,Spring,4.1,No,Next Day,Yes,No,31,Card,Quarterly
3166,38,Male,Shoes,Footwear,250,Mumbai,XL,Blue,Winter,1.3,Yes,Express,No,Yes,30,Net Banking,Monthly
3167,56,Male,Jeans,Accessories,239,Lucknow,M,Blue,Winter,2.6,No,Express,Yes,No,31,Cash,Quarterly
3168,31,Male,Shoes,Clothing,464,Mumbai,S,Red,Spring,4.1,Yes,Express,Yes,No,34,Net Banking,Monthly
3169,60,Female,Shirt,Footwear,28,Delhi,M,White,Autumn,5,Yes,Next Day,Yes,Yes,44,Cash,Monthly
3170,49,Female,Jeans,Clothing,244,Delhi,XL,Black,Autumn,1,No,Next Day,Yes,Yes,38,Cash,Quarterly
3171,50,Male,Shoes,Accessories,376,Bangalore,L,Black,Spring,2.1,Yes,Standard,Yes,Yes,1,Card,Monthly
3172,66,Female,Jeans,Accessories,262,Delhi,L,White,Autumn,2.9,Yes,Express,No,No,35,Cash,Monthly
3173,40,Female,Watch,Footwear,435,Delhi,S,Red,Winter,1.9,No,Next Day,No,Yes,36,Net Banking,Quarterly
3174,35,Male,Jeans,Clothing,444,Delhi,XL,Red,Summer,1.1,No,Express,No,Yes,27,UPI,Monthly
3175,69,Female,Jeans,Accessories,174,Bangalore,S,Black,Autumn,3.2,Yes,Express,Yes,Yes,31,Cash,Quarterly
3176,46,Female,Shirt,Accessories,410,Mumbai,XL,Red,Winter,3.6,No,Next Day,No,Yes,4,Cash,Monthly
3177,49,Female,Watch,Clothing,129,Bangalore,XL,Blue,Summer,2.7,No,Express,Yes,Yes,13,Cash,Quarterly
3178,33,Male,Bag,Clothing,127,Bangalore,L,Red,Spring,2.5,Yes,Standard,No,No,43,Net Banking,Monthly
3179,29,Male,Watch,Accessories,488,Lucknow,XL,Black,Summer,4.9,Yes,Standard,No,Yes,0,UPI,Quarterly
3180,26,Male,Watch,Footwear,16,Delhi,XL,Blue,Spring,2.9,Yes,Standard,No,Yes,49,Net Banking,Weekly
3181,29,Male,Bag,Accessories,183,Mumbai,L,Red,Summer,4.2,No,Next Day,Yes,Yes,11,Net Banking,Monthly
3182,28,Female,Shoes,Footwear,318,Bangalore,XL,Red,Autumn,2.1,Yes,Next Day,Yes,No,38,Card,Quarterly
3183,56,Female,Jeans,Footwear,212,Mumbai,L,White,Spring,4.3,Yes,Express,No,No,10,Cash,Weekly
3184,21,Female,Watch,Footwear,423,Delhi,L,White,Autumn,4.3,Yes,Next Day,Yes,No,1,Card,Monthly
3185,50,Female,Jeans,Footwear,133,Delhi,M,Black,Winter,2.1,No,Next Day,Yes,Yes,30,UPI,Weekly
3186,67,Female,Shoes,Footwear,280,Mumbai,L,Black,Summer,3.6,Yes,Express,Yes,Yes,37,UPI,Monthly
3187,57,Male,Jeans,Footwear,71,Mumbai,M,Blue,Winter,3.7,No,Next Day,Yes,Yes,4,Cash,Monthly
3188,38,Male,Shoes,Clothing,113,Delhi,S,White,Summer,2.8,No,Standard,Yes,Yes,13,UPI,Monthly
3189,21,Male,Bag,Footwear,95,Mumbai,M,Blue,Autumn,4.1,No,Next Day,No,No,15,UPI,Weekly
3190,61,Male,Jeans,Clothing,373,Bangalore,S,White,Spring,2.2,No,Standard,No,No,48,Net Banking,Quarterly
3191,18,Female,Shoes,Footwear,109,Lucknow,XL,Black,Summer,2.9,Yes,Next Day,No,Yes,15,Net Banking,Quarterly
3192,53,Male,Shoes,Accessories,338,Bangalore,M,White,Winter,5,No,Standard,No,Yes,3,Card,Monthly
3193,52,Male,Jeans,Footwear,179,Delhi,XL,Black,Autumn,1.7,Yes,Next Day,No,Yes,49,UPI,Monthly
3194,27,Male,Jeans,Accessories,286,Bangalore,M,White,Autumn,1.6,Yes,Express,Yes,Yes,4,Net Banking,Monthly
3195,56,Female,Shoes,Accessories,438,Delhi,M,White,Autumn,1.6,No,Standard,Yes,Yes,24,Card,Weekly
3196,27,Female,Shoes,Accessories,433,Delhi,S,Blue,Spring,5,Yes,Express,No,Yes,9,Cash,Monthly
3197,29,Male,Shoes,Accessories,15,Bangalore,XL,Blue,Winter,1.6,Yes,Next Day,Yes,No,12,UPI,Monthly
3198,60,Male,Shirt,Accessories,394,Mumbai,L,Red,Summer,1.8,No,Standard,Yes,Yes,37,Cash,Quarterly
3199,68,Male,Bag,Accessories,478,Mumbai,M,Red,Spring,3.8,No,Standard,Yes,No,6,Cash,Quarterly
3200,31,Female,Shoes,Accessories,337,Lucknow,L,Black,Winter,4,Yes,Express,Yes,No,32,Cash,Weekly
3201,65,Male,Jeans,Accessories,101,Delhi,XL,Black,Spring,3.1,No,Standard,Yes,Yes,28,UPI,Monthly
3202,65,Female,Shirt,Clothing,335,Delhi,L,White,Winter,4.9,Yes,Next Day,No,No,36,Net Banking,Quarterly
3203,58,Female,Watch,Accessories,321,Bangalore,M,White,Summer,1.2,No,Express,No,Yes,8,UPI,Monthly
3204,25,Female,Bag,Clothing,334,Mumbai,XL,Black,Spring,3.5,No,Next Day,Yes,No,17,UPI,Quarterly
3205,33,Male,Watch,Clothing,220,Lucknow,XL,White,Spring,3.4,Yes,Express,Yes,No,0,UPI,Monthly
3206,53,Male,Shirt,Accessories,267,Delhi,XL,White,Autumn,2.3,No,Next Day,No,No,43,UPI,Weekly
3207,69,Male,Bag,Clothing,329,Mumbai,S,White,Autumn,4.6,No,Standard,Yes,No,49,Cash,Weekly
3208,60,Female,Watch,Accessories,237,Delhi,XL,Black,Spring,3.2,No,Express,Yes,Yes,22,Cash,Weekly
3209,39,Male,Shoes,Footwear,389,Delhi,S,Red,Summer,2,Yes,Express,No,Yes,26,Net Banking,Monthly
3210,30,Male,Jeans,Footwear,357,Mumbai,L,Black,Spring,1.4,Yes,Express,Yes,No,6,UPI,Quarterly
3211,67,Male,Bag,Clothing,158,Bangalore,L,Black,Autumn,1.4,Yes,Standard,Yes,No,43,Net Banking,Monthly
3212,32,Female,Shoes,Accessories,309,Delhi,S,Black,Winter,4.6,No,Express,No,No,38,UPI,Weekly
3213,35,Female,Shirt,Accessories,380,Lucknow,S,Blue,Summer,2,No,Next Day,No,Yes,5,Net Banking,Monthly
3214,68,Male,Shirt,Footwear,250,Bangalore,XL,Red,Winter,4.6,Yes,Standard,No,Yes,26,Net Banking,Weekly
3215,47,Female,Bag,Accessories,360,Mumbai,XL,Black,Summer,1.5,Yes,Next Day,Yes,No,8,Cash,Monthly
3216,31,Female,Bag,Footwear,72,Lucknow,S,Black,Spring,4.9,Yes,Next Day,No,No,29,Cash,Weekly
3217,18,Female,Jeans,Footwear,199,Mumbai,L,Blue,Summer,4.3,No,Standard,Yes,Yes,32,Cash,Weekly
3218,40,Female,Watch,Clothing,353,Delhi,S,Black,Winter,1.5,Yes,Next Day,No,Yes,19,Card,Weekly
3219,69,Male,Shirt,Accessories,448,Lucknow,L,White,Winter,1.3,No,Express,Yes,Yes,22,Net Banking,Monthly
3220,40,Female,Bag,Accessories,326,Delhi,M,Black,Autumn,4.2,No,Express,No,Yes,35,Cash,Monthly
3221,54,Female,Bag,Accessories,335,Lucknow,XL,Blue,Summer,1.3,Yes,Standard,Yes,Yes,7,UPI,Weekly
3222,31,Female,Shirt,Accessories,177,Lucknow,L,Blue,Winter,2,Yes,Standard,No,Yes,1,UPI,Quarterly
3223,58,Female,Watch,Clothing,353,Lucknow,M,Black,Autumn,4.2,Yes,Standard,No,No,20,Cash,Weekly
3224,58,Female,Bag,Accessories,184,Mumbai,L,White,Winter,4.6,No,Standard,Yes,Yes,24,UPI,Monthly
3225,49,Male,Shirt,Footwear,35,Bangalore,M,Black,Autumn,4.1,Yes,Express,Yes,No,14,Net Banking,Weekly
3226,58,Female,Bag,Clothing,130,Lucknow,S,Blue,Autumn,4.6,No,Next Day,Yes,Yes,21,Card,Weekly
3227,48,Female,Watch,Accessories,309,Delhi,L,Red,Winter,3.2,No,Next Day,No,No,5,Cash,Weekly
3228,37,Male,Shoes,Footwear,481,Mumbai,XL,Blue,Winter,4.1,No,Standard,No,Yes,37,Card,Monthly
3229,56,Male,Shoes,Accessories,252,Mumbai,M,Blue,Autumn,2.4,Yes,Express,No,No,38,Cash,Weekly
3230,61,Female,Shirt,Footwear,431,Bangalore,S,Black,Spring,4.1,Yes,Standard,No,Yes,13,UPI,Weekly
3231,61,Male,Shoes,Accessories,391,Bangalore,S,Blue,Summer,3.7,Yes,Standard,Yes,No,32,Card,Monthly
3232,29,Female,Jeans,Clothing,284,Lucknow,M,Black,Autumn,3.3,No,Express,Yes,Yes,11,Cash,Monthly
3233,53,Female,Watch,Footwear,404,Mumbai,XL,Blue,Autumn,5,Yes,Standard,Yes,Yes,19,Cash,Quarterly
3234,18,Female,Shirt,Clothing,206,Delhi,M,Blue,Summer,2.9,Yes,Next Day,Yes,Yes,15,UPI,Monthly
3235,47,Male,Bag,Clothing,226,Delhi,XL,Blue,Spring,3.5,Yes,Standard,Yes,No,48,Net Banking,Weekly
3236,47,Male,Shirt,Clothing,371,Lucknow,M,Black,Winter,3,Yes,Standard,Yes,Yes,24,Card,Quarterly
3237,36,Female,Bag,Footwear,323,Mumbai,M,White,Winter,2,Yes,Next Day,No,Yes,31,UPI,Quarterly
3238,69,Female,Shirt,Footwear,268,Bangalore,XL,Black,Spring,2.3,Yes,Standard,Yes,No,10,Card,Quarterly
3239,63,Male,Watch,Clothing,222,Bangalore,L,Black,Summer,4.9,Yes,Standard,No,Yes,46,Net Banking,Quarterly
3240,20,Male,Bag,Accessories,488,Lucknow,S,Black,Summer,2.6,No,Next Day,Yes,No,34,Card,Quarterly
3241,28,Male,Watch,Accessories,42,Delhi,S,White,Winter,3.7,No,Next Day,No,Yes,5,Card,Quarterly
3242,28,Female,Bag,Clothing,37,Delhi,S,Blue,Winter,3.3,No,Next Day,No,Yes,16,Cash,Monthly
3243,64,Female,Shoes,Footwear,244,Bangalore,XL,Blue,Summer,4.6,Yes,Express,No,No,25,UPI,Monthly
3244,44,Male,Shoes,Footwear,26,Mumbai,S,White,Summer,4,No,Express,No,Yes,21,UPI,Monthly
3245,55,Male,Shoes,Accessories,177,Lucknow,S,Black,Summer,1.3,Yes,Next Day,Yes,No,40,Card,Monthly
3246,60,Male,Bag,Accessories,288,Delhi,XL,Black,Spring,2.4,Yes,Next Day,No,Yes,27,Cash,Monthly
3247,57,Female,Bag,Footwear,208,Mumbai,L,Black,Summer,3.8,No,Express,Yes,No,27,Cash,Weekly
3248,22,Male,Watch,Accessories,109,Lucknow,XL,Red,Summer,1.6,Yes,Standard,No,Yes,18,UPI,Quarterly
3249,25,Male,Shirt,Accessories,149,Lucknow,S,White,Spring,3,No,Next Day,Yes,No,42,Net Banking,Weekly
3250,38,Male,Shoes,Accessories,306,Delhi,L,Red,Autumn,2.3,Yes,Next Day,Yes,Yes,35,UPI,Quarterly
3251,35,Female,Jeans,Accessories,476,Lucknow,S,White,Winter,,Yes,Next Day,No,No,35,Net Banking,Quarterly
3252,56,Male,Jeans,Accessories,392,Delhi,L,White,Summer,5,No,Express,No,Yes,32,Cash,Quarterly
3253,26,Male,Jeans,Clothing,278,Delhi,S,Blue,Summer,4.7,Yes,Express,No,No,33,Card,Monthly
3254,37,Female,Shoes,Accessories,77,Lucknow,XL,Black,Summer,4,No,Next Day,No,Yes,37,Cash,Monthly
3255,30,Male,Shirt,Accessories,128,Delhi,M,Black,Spring,1.8,Yes,Express,Yes,Yes,11,Net Banking,Monthly
3256,27,Male,Shirt,Clothing,225,Mumbai,M,White,Autumn,5,No,Next Day,No,No,26,Cash,Quarterly
3257,26,Female,Shirt,Accessories,130,Delhi,XL,Red,Summer,3.5,Yes,Next Day,Yes,No,6,UPI,Monthly
3258,28,Female,Jeans,Accessories,347,Bangalore,S,White,Winter,4.9,Yes,Standard,Yes,Yes,18,UPI,Monthly
3259,47,Male,Jeans,Accessories,189,Delhi,XL,Red,Summer,1.2,Yes,Standard,Yes,Yes,14,Net Banking,Weekly
3260,39,Male,Jeans,Footwear,418,Mumbai,L,White,Winter,1.7,Yes,Standard,No,Yes,10,UPI,Weekly
3261,40,Male,Watch,Accessories,141,Mumbai,L,White,Summer,3.7,No,Express,Yes,No,27,UPI,Weekly
3262,42,Female,Shoes,Accessories,253,Bangalore,M,White,Spring,4.6,No,Next Day,Yes,Yes,21,Cash,Quarterly
3263,56,Female,Bag,Clothing,360,Mumbai,XL,White,Summer,1.7,No,Next Day,Yes,No,22,Net Banking,Quarterly
3264,62,Female,Jeans,Footwear,111,Delhi,M,Black,Winter,2.3,Yes,Standard,Yes,No,43,Net Banking,Quarterly
3265,45,Female,Jeans,Clothing,383,Mumbai,M,Red,Summer,3.4,No,Standard,No,No,18,Cash,Monthly
3266,51,Male,Bag,Accessories,297,Mumbai,M,White,Winter,5,Yes,Next Day,Yes,No,6,UPI,Quarterly
3267,56,Female,Jeans,Clothing,327,Mumbai,M,Blue,Autumn,4.2,Yes,Standard,No,Yes,39,UPI,Weekly
3268,53,Female,Shoes,Footwear,232,Bangalore,M,White,Autumn,4.7,Yes,Express,Yes,No,10,Cash,Quarterly
3269,24,Male,Bag,Accessories,468,Mumbai,S,Blue,Winter,3.7,No,Standard,Yes,Yes,48,Card,Quarterly
3270,69,Female,Jeans,Clothing,388,Mumbai,M,Black,Autumn,4.5,Yes,Standard,No,No,33,UPI,Monthly
3271,26,Female,Shoes,Clothing,104,Lucknow,M,Red,Autumn,3,No,Express,Yes,Yes,12,UPI,Weekly
3272,39,Female,Watch,Footwear,282,Mumbai,M,Black,Spring,1.5,Yes,Next Day,Yes,No,28,Net Banking,Quarterly
3273,51,Female,Bag,Accessories,452,Mumbai,XL,Blue,Autumn,3.8,Yes,Next Day,Yes,Yes,46,Net Banking,Weekly
3274,38,Male,Shoes,Clothing,146,Delhi,S,White,Autumn,3.4,No,Express,Yes,Yes,45,UPI,Monthly
3275,30,Male,Shoes,Footwear,272,Bangalore,XL,Black,Spring,2.9,No,Express,No,Yes,19,Cash,Weekly
3276,66,Male,Watch,Clothing,379,Bangalore,XL,Black,Autumn,2.1,No,Next Day,No,No,1,UPI,Monthly
3277,21,Female,Bag,Accessories,143,Bangalore,S,White,Autumn,4.1,No,Express,Yes,No,3,Net Banking,Quarterly
3278,30,Female,Shoes,Clothing,263,Delhi,L,White,Summer,4.3,No,Standard,No,Yes,43,UPI,Weekly
3279,69,Male,Watch,Clothing,280,Mumbai,S,Blue,Spring,2.5,Yes,Next Day,Yes,Yes,33,Cash,Weekly
3280,55,Male,Shirt,Clothing,96,Mumbai,S,Blue,Spring,4.7,Yes,Standard,No,No,36,Cash,Monthly
3281,22,Male,Shirt,Clothing,97,Lucknow,XL,White,Spring,2.5,No,Standard,No,No,36,Net Banking,Quarterly
3282,57,Female,Jeans,Footwear,285,Mumbai,S,Red,Spring,1.4,No,Standard,Yes,Yes,38,Cash,Weekly
3283,68,Male,Watch,Accessories,97,Mumbai,M,White,Spring,1.7,No,Express,No,Yes,25,UPI,Weekly
3284,23,Male,Bag,Footwear,474,Mumbai,S,Black,Autumn,3,Yes,Standard,Yes,Yes,18,Cash,Quarterly
3285,39,Male,Shirt,Clothing,266,Lucknow,S,Red,Summer,1.3,No,Express,No,Yes,11,UPI,Quarterly
3286,42,Female,Bag,Footwear,355,Bangalore,S,Red,Spring,3.9,Yes,Express,No,Yes,15,Cash,Quarterly
3287,24,Male,Bag,Clothing,204,Lucknow,XL,Black,Spring,4.2,No,Standard,Yes,No,37,Net Banking,Quarterly
3288,28,Male,Bag,Clothing,156,Mumbai,S,Red,Autumn,3.2,Yes,Express,No,Yes,0,UPI,Quarterly
3289,27,Male,Shirt,Clothing,248,Lucknow,XL,Black,Winter,4.6,Yes,Express,Yes,Yes,7,Net Banking,Weekly
3290,27,Male,Bag,Footwear,358,Lucknow,S,White,Winter,4.8,Yes,Standard,Yes,No,39,Card,Weekly
3291,38,Male,Bag,Footwear,204,Bangalore,XL,Red,Winter,2.8,No,Next Day,No,No,32,UPI,Monthly
3292,42,Female,Shoes,Footwear,148,Bangalore,XL,Black,Summer,1.4,No,Next Day,No,Yes,8,Net Banking,Monthly
3293,30,Female,Shirt,Footwear,80,Lucknow,L,Red,Autumn,1.9,No,Next Day,Yes,No,1,Cash,Weekly
3294,33,Female,Jeans,Clothing,275,Lucknow,XL,Black,Spring,3.6,No,Standard,No,Yes,11,UPI,Monthly
3295,27,Female,Watch,Footwear,343,Mumbai,M,White,Spring,2.6,No,Express,No,No,5,Cash,Quarterly
3296,59,Female,Watch,Accessories,268,Bangalore,XL,Black,Spring,3.7,Yes,Express,No,Yes,13,Card,Quarterly
3297,29,Male,Watch,Accessories,134,Mumbai,S,Red,Spring,3.7,Yes,Standard,No,Yes,41,Net Banking,Quarterly
3298,65,Female,Watch,Accessories,131,Delhi,L,Black,Summer,3.4,No,Next Day,Yes,No,43,Card,Weekly
3299,46,Male,Shirt,Accessories,194,Mumbai,XL,Black,Spring,1.6,No,Express,Yes,Yes,14,Cash,Quarterly
3300,59,Male,Bag,Clothing,180,Lucknow,L,White,Winter,2.1,Yes,Express,No,No,14,UPI,Monthly
3301,51,Female,Jeans,Clothing,109,Lucknow,M,Blue,Autumn,2.5,No,Next Day,No,Yes,41,Cash,Weekly
3302,31,Male,Shoes,Accessories,471,Lucknow,L,Black,Autumn,4.3,Yes,Standard,No,No,21,UPI,Quarterly
3303,49,Male,Jeans,Accessories,171,Lucknow,XL,Red,Spring,3.7,Yes,Express,Yes,No,10,Card,Weekly
3304,32,Male,Shirt,Footwear,132,Bangalore,XL,Black,Winter,3.6,No,Next Day,Yes,Yes,37,Cash,Weekly
3305,24,Male,Shoes,Accessories,307,Lucknow,L,Red,Spring,3.7,Yes,Next Day,Yes,No,24,Net Banking,Quarterly
3306,31,Female,Shoes,Clothing,402,Delhi,L,White,Winter,3,No,Express,Yes,Yes,44,Cash,Quarterly
3307,32,Female,Watch,Accessories,237,Mumbai,XL,Red,Autumn,1.2,Yes,Express,Yes,No,43,Card,Weekly
3308,25,Male,Shirt,Accessories,337,Delhi,L,Black,Spring,1.8,No,Standard,Yes,Yes,39,Card,Quarterly
3309,19,Male,Shoes,Footwear,56,Lucknow,S,Black,Spring,1.6,Yes,Standard,No,Yes,48,UPI,Quarterly
3310,67,Female,Watch,Accessories,270,Bangalore,XL,Black,Autumn,1.3,Yes,Standard,Yes,Yes,26,UPI,Quarterly
3311,44,Female,Shoes,Accessories,42,Lucknow,S,Red,Winter,2.3,No,Next Day,No,Yes,27,Card,Monthly
3312,38,Male,Jeans,Footwear,77,Mumbai,L,Red,Summer,4.2,No,Next Day,Yes,Yes,0,Net Banking,Quarterly
3313,66,Female,Jeans,Accessories,300,Mumbai,M,Red,Spring,1.5,No,Standard,No,Yes,8,Cash,Weekly
3314,29,Male,Shoes,Footwear,110,Bangalore,S,Blue,Summer,1.4,Yes,Standard,Yes,No,7,Net Banking,Quarterly
3315,38,Male,Bag,Footwear,27,Bangalore,M,Black,Summer,1.5,Yes,Express,No,Yes,46,Net Banking,Quarterly
3316,62,Male,Shoes,Footwear,97,Mumbai,S,White,Summer,2.1,Yes,Next Day,Yes,Yes,12,Net Banking,Monthly
3317,50,Female,Shoes,Footwear,388,Mumbai,M,Red,Winter,1.8,No,Express,No,No,31,Card,Monthly
3318,38,Male,Watch,Accessories,297,Bangalore,M,Red,Summer,1.1,Yes,Standard,No,Yes,20,Card,Monthly
3319,31,Male,Shoes,Clothing,197,Delhi,M,Black,Spring,2.1,No,Express,No,No,38,Cash,Weekly
3320,19,Male,Shirt,Accessories,486,Delhi,S,Blue,Autumn,5,Yes,Standard,No,No,18,Net Banking,Weekly
3321,22,Male,Shoes,Clothing,199,Delhi,L,Blue,Autumn,2.3,No,Express,No,Yes,46,Cash,Monthly
3322,26,Female,Jeans,Accessories,439,Delhi,S,Red,Autumn,1.8,Yes,Next Day,No,Yes,25,Net Banking,Weekly
3323,58,Male,Shoes,Footwear,179,Delhi,XL,White,Autumn,3,Yes,Standard,Yes,No,12,Cash,Monthly
3324,51,Male,Shoes,Accessories,22,Delhi,S,White,Summer,1.9,Yes,Next Day,Yes,Yes,20,UPI,Monthly
3325,40,Female,Watch,Clothing,64,Delhi,S,Red,Summer,3.2,Yes,Express,No,Yes,18,Card,Quarterly
3326,58,Female,Shirt,Clothing,144,Lucknow,M,Blue,Spring,2.6,No,Standard,Yes,No,36,Cash,Weekly
3327,26,Male,Shoes,Footwear,101,Delhi,M,Blue,Spring,4.6,No,Standard,No,Yes,16,UPI,Quarterly
3328,28,Female,Shirt,Footwear,87,Bangalore,XL,Red,Autumn,4.7,Yes,Standard,No,No,2,UPI,Weekly
3329,38,Female,Jeans,Accessories,197,Delhi,L,Blue,Summer,3.9,Yes,Next Day,Yes,Yes,39,Net Banking,Monthly
3330,65,Female,Jeans,Footwear,488,Lucknow,M,Blue,Autumn,1.9,Yes,Next Day,No,No,49,Cash,Quarterly
3331,49,Female,Watch,Footwear,108,Delhi,XL,White,Winter,2.9,Yes,Express,No,No,12,UPI,Monthly
3332,62,Female,Shoes,Accessories,125,Bangalore,S,Red,Autumn,2.2,No,Express,Yes,No,42,Net Banking,Weekly
3333,30,Male,Watch,Clothing,497,Bangalore,XL,Blue,Spring,4.2,No,Express,No,Yes,1,Cash,Quarterly
3334,62,Male,Watch,Footwear,108,Lucknow,M,Red,Spring,1.1,No,Express,No,Yes,16,UPI,Weekly
3335,21,Male,Jeans,Accessories,416,Bangalore,M,Blue,Spring,3.6,No,Express,Yes,Yes,0,Net Banking,Weekly
3336,29,Male,Shirt,Footwear,314,Bangalore,M,Black,Summer,2.3,Yes,Standard,No,No,19,Card,Quarterly
3337,45,Female,Watch,Footwear,464,Lucknow,S,White,Spring,2.9,Yes,Next Day,No,Yes,30,UPI,Monthly
3338,20,Male,Shirt,Accessories,282,Lucknow,L,Blue,Winter,2.3,Yes,Next Day,No,No,48,UPI,Weekly
3339,62,Male,Bag,Accessories,300,Mumbai,L,Blue,Summer,2.5,No,Next Day,Yes,Yes,42,Card,Quarterly
3340,63,Female,Jeans,Clothing,120,Lucknow,L,Black,Autumn,3.7,Yes,Standard,No,Yes,46,Cash,Monthly
3341,46,Female,Shirt,Footwear,291,Lucknow,L,White,Spring,3.4,Yes,Express,No,No,32,Card,Weekly
3342,33,Female,Shirt,Clothing,338,Bangalore,S,Red,Spring,2,No,Standard,Yes,No,19,Cash,Weekly
3343,23,Male,Jeans,Accessories,493,Lucknow,XL,Blue,Spring,1.2,Yes,Express,No,Yes,45,Net Banking,Quarterly
3344,50,Male,Shirt,Accessories,57,Delhi,L,Red,Summer,4.4,Yes,Standard,No,No,2,UPI,Quarterly
3345,45,Female,Watch,Clothing,86,Bangalore,L,Blue,Summer,3,No,Express,Yes,Yes,40,Card,Quarterly
3346,57,Male,Bag,Accessories,19,Bangalore,S,Blue,Summer,3.5,Yes,Standard,No,No,49,Net Banking,Monthly
3347,49,Male,Shoes,Footwear,397,Lucknow,XL,Blue,Winter,3,Yes,Express,Yes,Yes,1,Cash,Quarterly
3348,24,Female,Jeans,Clothing,50,Delhi,L,Black,Autumn,3.5,No,Express,No,Yes,32,Card,Monthly
3349,24,Male,Jeans,Clothing,458,Lucknow,M,White,Autumn,3.5,Yes,Express,Yes,No,43,Cash,Weekly
3350,58,Female,Shoes,Clothing,188,Delhi,XL,White,Spring,1.1,No,Express,No,Yes,34,Card,Weekly
3351,26,Male,Shirt,Clothing,151,Mumbai,L,White,Summer,3.1,No,Next Day,Yes,Yes,48,Cash,Monthly
3352,66,Female,Shirt,Clothing,487,Bangalore,XL,Blue,Autumn,3,Yes,Express,No,No,13,UPI,Quarterly
3353,23,Female,Shirt,Accessories,362,Mumbai,XL,White,Autumn,1.4,No,Standard,Yes,Yes,31,Cash,Weekly
3354,55,Female,Jeans,Footwear,278,Lucknow,S,Blue,Winter,4,Yes,Express,No,No,40,Net Banking,Weekly
3355,68,Male,Bag,Footwear,445,Lucknow,XL,White,Summer,1.9,No,Express,No,Yes,3,Net Banking,Monthly
3356,40,Female,Watch,Footwear,379,Delhi,L,Black,Summer,1.2,Yes,Standard,Yes,Yes,27,Net Banking,Monthly
3357,20,Female,Shoes,Footwear,322,Mumbai,S,Blue,Winter,4.2,No,Express,Yes,Yes,48,Cash,Weekly
3358,63,Female,Jeans,Accessories,167,Delhi,XL,Red,Summer,4.5,Yes,Next Day,No,Yes,23,Net Banking,Weekly
3359,27,Male,Watch,Footwear,493,Bangalore,M,White,Autumn,2,No,Express,Yes,No,40,Net Banking,Quarterly
3360,45,Male,Watch,Clothing,362,Lucknow,XL,Blue,Spring,3.8,Yes,Express,No,Yes,37,Net Banking,Weekly
3361,69,Male,Bag,Footwear,473,Bangalore,S,Blue,Spring,1,No,Next Day,No,No,13,Net Banking,Weekly
3362,56,Male,Watch,Clothing,483,Delhi,M,White,Spring,3.9,No,Standard,No,Yes,18,UPI,Weekly
3363,20,Female,Bag,Footwear,279,Delhi,M,Blue,Summer,2.9,No,Next Day,Yes,No,24,UPI,Monthly
3364,60,Female,Shoes,Clothing,185,Delhi,M,Red,Winter,4.2,No,Standard,Yes,No,21,UPI,Weekly
3365,26,Female,Bag,Clothing,474,Mumbai,L,Blue,Spring,2.6,No,Express,Yes,No,29,Cash,Quarterly
3366,56,Female,Shoes,Accessories,499,Bangalore,S,Black,Winter,2.4,No,Express,No,No,32,Cash,Weekly
3367,50,Female,Jeans,Footwear,69,Delhi,L,Blue,Winter,4.4,Yes,Standard,No,Yes,20,UPI,Weekly
3368,32,Male,Watch,Clothing,322,Lucknow,S,Red,Spring,1.2,No,Next Day,No,No,31,UPI,Weekly
3369,40,Male,Watch,Clothing,305,Mumbai,M,Black,Spring,1.7,No,Standard,Yes,Yes,32,Cash,Monthly
3370,24,Female,Watch,Accessories,376,Bangalore,L,Black,Winter,2.6,No,Express,Yes,No,48,Cash,Quarterly
3371,69,Male,Bag,Footwear,487,Bangalore,M,White,Autumn,3.4,Yes,Express,No,Yes,40,Card,Weekly
3372,30,Male,Jeans,Footwear,133,Bangalore,M,Black,Spring,1,Yes,Next Day,Yes,No,28,Card,Monthly
3373,34,Female,Shoes,Accessories,488,Mumbai,L,Black,Winter,3.3,Yes,Standard,Yes,No,8,UPI,Monthly
3374,44,Female,Bag,Accessories,325,Mumbai,S,Red,Autumn,2.5,No,Standard,No,No,16,UPI,Monthly
3375,52,Male,Shirt,Accessories,50,Mumbai,XL,Red,Autumn,3.5,Yes,Express,Yes,No,16,Cash,Monthly
3376,44,Male,Shoes,Footwear,260,Delhi,XL,Black,Autumn,4.6,Yes,Next Day,Yes,Yes,14,UPI,Weekly
3377,44,Male,Bag,Clothing,75,Mumbai,XL,Black,Spring,2.8,Yes,Next Day,No,No,47,UPI,Monthly
3378,48,Female,Bag,Clothing,478,Lucknow,M,White,Summer,3.2,Yes,Standard,Yes,Yes,26,Card,Weekly
3379,62,Female,Jeans,Clothing,383,Lucknow,M,Red,Spring,2.9,No,Express,No,Yes,49,Card,Monthly
3380,38,Female,Watch,Clothing,453,Lucknow,XL,Red,Autumn,1.5,Yes,Standard,No,No,5,Net Banking,Quarterly
3381,61,Female,Bag,Accessories,305,Mumbai,L,Black,Winter,4.2,Yes,Next Day,Yes,Yes,35,Net Banking,Quarterly
3382,58,Male,Bag,Footwear,204,Mumbai,XL,Black,Autumn,4.5,No,Express,No,Yes,29,Card,Weekly
3383,67,Female,Watch,Accessories,219,Delhi,S,Black,Autumn,4.2,No,Express,No,Yes,38,UPI,Weekly
3384,65,Male,Watch,Accessories,473,Mumbai,XL,White,Spring,4.8,No,Standard,Yes,Yes,19,Net Banking,Quarterly
3385,59,Male,Shoes,Clothing,84,Bangalore,L,White,Autumn,2.9,Yes,Express,Yes,Yes,25,Cash,Weekly
3386,30,Female,Bag,Accessories,443,Mumbai,XL,Red,Winter,3.6,Yes,Express,Yes,Yes,17,Card,Monthly
3387,58,Female,Bag,Clothing,216,Bangalore,XL,Red,Spring,1.7,No,Standard,No,No,34,UPI,Monthly
3388,56,Male,Shirt,Footwear,299,Delhi,S,Black,Spring,4.9,Yes,Standard,Yes,No,9,Net Banking,Monthly
3389,33,Male,Jeans,Accessories,336,Mumbai,S,White,Autumn,3.3,No,Next Day,Yes,No,33,UPI,Weekly
3390,53,Male,Bag,Accessories,50,Mumbai,S,Red,Spring,2,No,Next Day,No,Yes,24,Cash,Quarterly
3391,31,Female,Shoes,Footwear,82,Mumbai,L,Red,Spring,4.2,Yes,Express,No,Yes,39,UPI,Weekly
3392,45,Female,Watch,Clothing,88,Delhi,XL,White,Winter,3.3,Yes,Next Day,Yes,No,1,Card,Quarterly
3393,59,Male,Watch,Accessories,391,Mumbai,S,Black,Spring,4.8,Yes,Next Day,No,Yes,9,Net Banking,Weekly
3394,27,Male,Jeans,Accessories,47,Lucknow,S,Blue,Summer,4.1,Yes,Express,Yes,Yes,30,Card,Quarterly
3395,35,Male,Shirt,Clothing,309,Lucknow,M,Black,Summer,4.5,Yes,Standard,Yes,Yes,18,Cash,Quarterly
3396,59,Male,Bag,Clothing,62,Mumbai,M,Blue,Summer,3.2,No,Express,No,No,14,UPI,Monthly
3397,41,Male,Shirt,Clothing,386,Mumbai,S,Blue,Summer,3.1,No,Next Day,Yes,No,46,Cash,Weekly
3398,67,Male,Bag,Clothing,488,Bangalore,L,Blue,Summer,4,No,Standard,No,No,45,Net Banking,Weekly
3399,18,Male,Bag,Footwear,212,Mumbai,XL,Red,Winter,1.4,No,Express,No,No,4,Cash,Monthly
3400,55,Female,Bag,Clothing,113,Bangalore,S,Blue,Spring,1.2,Yes,Next Day,Yes,No,26,Card,Monthly
3401,60,Female,Jeans,Clothing,227,Mumbai,S,Black,Spring,4.9,No,Express,Yes,No,33,UPI,Weekly
3402,65,Male,Bag,Footwear,348,Lucknow,S,Black,Summer,4.7,Yes,Express,No,No,39,Card,Weekly
3403,26,Female,Bag,Accessories,366,Bangalore,S,Red,Winter,4.8,No,Standard,No,Yes,10,Cash,Monthly
3404,69,Male,Shirt,Footwear,321,Lucknow,M,Red,Summer,1.2,No,Express,No,No,42,Cash,Monthly
3405,38,Female,Shoes,Footwear,295,Lucknow,S,White,Spring,2.1,No,Standard,Yes,Yes,32,Card,Monthly
3406,36,Male,Jeans,Clothing,319,Mumbai,M,White,Autumn,4.6,Yes,Standard,Yes,Yes,43,Cash,Monthly
3407,36,Female,Bag,Accessories,116,Mumbai,S,Black,Autumn,1.4,Yes,Express,Yes,Yes,34,UPI,Quarterly
3408,51,Male,Jeans,Clothing,111,Delhi,L,Red,Summer,2.8,No,Standard,No,Yes,43,UPI,Weekly
3409,52,Female,Bag,Accessories,466,Bangalore,M,Black,Spring,2.4,No,Express,No,No,1,Net Banking,Quarterly
3410,42,Male,Bag,Footwear,293,Bangalore,S,Black,Winter,4.5,No,Express,Yes,No,11,Card,Quarterly
3411,21,Female,Bag,Footwear,431,Mumbai,S,White,Winter,3.1,Yes,Express,Yes,Yes,26,Cash,Quarterly
3412,69,Male,Bag,Footwear,316,Delhi,M,Blue,Winter,2.2,No,Next Day,Yes,No,15,Cash,Quarterly
3413,29,Female,Shirt,Clothing,233,Lucknow,L,White,Winter,3.1,No,Express,No,No,9,UPI,Weekly
3414,22,Male,Shirt,Clothing,289,Delhi,S,Black,Summer,1.4,Yes,Next Day,Yes,No,35,Card,Weekly
3415,49,Female,Bag,Accessories,348,Bangalore,M,Red,Summer,3.9,No,Express,No,Yes,49,Card,Quarterly
3416,39,Male,Bag,Clothing,101,Delhi,L,Blue,Winter,3.5,Yes,Next Day,Yes,No,26,Cash,Weekly
3417,50,Female,Bag,Accessories,236,Delhi,M,White,Summer,3.4,No,Next Day,Yes,Yes,30,Cash,Weekly
3418,63,Female,Bag,Footwear,364,Lucknow,S,Red,Winter,2.8,Yes,Express,No,No,30,UPI,Monthly
3419,23,Female,Shoes,Clothing,52,Bangalore,M,White,Autumn,2.2,Yes,Next Day,Yes,Yes,20,UPI,Monthly
3420,32,Male,Watch,Footwear,45,Delhi,S,Blue,Winter,1.3,Yes,Express,No,No,33,Net Banking,Weekly
3421,44,Male,Watch,Footwear,88,Delhi,XL,White,Spring,4.8,No,Next Day,Yes,No,40,Cash,Monthly
3422,58,Male,Shirt,Footwear,299,Mumbai,XL,White,Autumn,2.7,Yes,Next Day,No,No,5,Cash,Weekly
3423,49,Female,Bag,Clothing,126,Bangalore,M,White,Winter,3,Yes,Express,Yes,Yes,13,Card,Monthly
3424,37,Female,Watch,Clothing,223,Mumbai,S,Blue,Spring,2.5,Yes,Standard,No,Yes,8,Cash,Quarterly
3425,49,Male,Watch,Clothing,75,Lucknow,S,White,Autumn,5,No,Next Day,No,No,39,UPI,Weekly
3426,68,Female,Shoes,Clothing,132,Bangalore,L,Red,Spring,4.2,Yes,Express,Yes,No,31,Net Banking,Weekly
3427,42,Male,Jeans,Clothing,18,Bangalore,XL,Black,Winter,1.4,Yes,Next Day,Yes,Yes,33,Card,Monthly
3428,63,Female,Watch,Accessories,405,Mumbai,M,White,Winter,3.4,No,Next Day,No,No,31,Net Banking,Weekly
3429,58,Male,Bag,Clothing,238,Bangalore,L,Black,Spring,2.9,Yes,Standard,No,No,26,Net Banking,Weekly
3430,33,Male,Watch,Clothing,96,Lucknow,S,Red,Autumn,4.2,Yes,Standard,No,No,40,Net Banking,Monthly
3431,30,Male,Jeans,Footwear,267,Delhi,XL,Black,Summer,5,No,Next Day,Yes,No,7,Cash,Weekly
3432,58,Male,Shoes,Footwear,467,Bangalore,M,White,Winter,4,Yes,Standard,Yes,Yes,34,Cash,Weekly
3433,28,Male,Shirt,Footwear,414,Lucknow,S,Red,Summer,4.5,Yes,Next Day,Yes,Yes,41,Net Banking,Quarterly
3434,35,Male,Bag,Clothing,443,Mumbai,XL,White,Autumn,3,Yes,Express,No,No,10,Net Banking,Quarterly
3435,30,Male,Shirt,Accessories,208,Lucknow,XL,Red,Spring,2.5,Yes,Next Day,No,No,35,Net Banking,Monthly
3436,49,Male,Jeans,Accessories,186,Mumbai,M,Red,Spring,,No,Express,No,No,3,Card,Quarterly
3437,33,Female,Jeans,Clothing,164,Delhi,XL,White,Winter,4,No,Standard,Yes,Yes,8,UPI,Quarterly
3438,52,Male,Watch,Footwear,159,Lucknow,S,Blue,Summer,1.9,Yes,Standard,Yes,Yes,19,Net Banking,Monthly
3439,66,Male,Jeans,Accessories,460,Mumbai,M,Red,Winter,3,No,Next Day,Yes,No,49,Card,Weekly
3440,61,Female,Shirt,Footwear,77,Lucknow,L,Blue,Winter,1.5,No,Standard,Yes,Yes,18,Cash,Weekly
3441,67,Female,Watch,Clothing,427,Mumbai,L,Black,Winter,1.9,Yes,Standard,Yes,Yes,21,UPI,Quarterly
3442,19,Male,Bag,Accessories,459,Mumbai,M,White,Spring,4.5,Yes,Standard,Yes,No,38,Cash,Quarterly
3443,41,Female,Shoes,Clothing,423,Bangalore,XL,Blue,Spring,1.6,No,Express,No,Yes,39,Net Banking,Quarterly
3444,29,Female,Shoes,Footwear,317,Mumbai,XL,Black,Autumn,4.2,No,Next Day,No,No,33,Net Banking,Quarterly
3445,65,Female,Bag,Accessories,429,Lucknow,S,White,Winter,2.5,Yes,Next Day,No,Yes,1,UPI,Weekly
3446,55,Male,Watch,Clothing,25,Delhi,XL,White,Winter,3.7,No,Next Day,No,No,43,Cash,Monthly
3447,34,Male,Shirt,Clothing,410,Delhi,S,Red,Autumn,4.6,No,Next Day,No,No,13,Card,Monthly
3448,47,Male,Watch,Accessories,260,Delhi,L,Blue,Spring,4.1,No,Next Day,No,No,25,Cash,Monthly
3449,49,Female,Jeans,Clothing,479,Mumbai,M,White,Autumn,4.3,Yes,Express,No,Yes,36,Card,Quarterly
3450,43,Female,Shirt,Clothing,52,Delhi,M,Red,Summer,2,No,Next Day,No,Yes,14,Net Banking,Monthly
3451,42,Female,Jeans,Footwear,465,Mumbai,S,Blue,Winter,2.4,Yes,Express,No,No,34,UPI,Monthly
3452,20,Female,Watch,Footwear,291,Delhi,M,Blue,Autumn,3.9,No,Standard,Yes,Yes,25,Cash,Weekly
3453,41,Male,Shoes,Accessories,60,Lucknow,S,White,Spring,4.1,Yes,Standard,Yes,No,7,Cash,Monthly
3454,36,Male,Watch,Footwear,259,Delhi,XL,White,Winter,4.2,Yes,Standard,No,No,10,UPI,Monthly
3455,60,Female,Watch,Accessories,28,Lucknow,S,Red,Winter,4,Yes,Express,Yes,Yes,38,Net Banking,Weekly
3456,62,Female,Watch,Clothing,50,Lucknow,M,Black,Autumn,1.9,Yes,Express,No,Yes,3,Card,Quarterly
3457,57,Male,Shirt,Footwear,270,Bangalore,S,Black,Winter,2.2,Yes,Express,Yes,Yes,19,Net Banking,Monthly
3458,19,Male,Shirt,Clothing,409,Lucknow,S,Blue,Spring,4.8,No,Express,No,Yes,24,Cash,Monthly
3459,61,Female,Watch,Footwear,63,Lucknow,M,Red,Summer,3.2,Yes,Express,No,No,19,UPI,Quarterly
3460,38,Male,Shoes,Accessories,138,Lucknow,XL,White,Spring,4,No,Next Day,Yes,Yes,20,Card,Quarterly
3461,39,Male,Shoes,Clothing,201,Bangalore,M,White,Summer,3.4,Yes,Next Day,Yes,Yes,48,Card,Weekly
3462,67,Female,Bag,Clothing,275,Bangalore,XL,Blue,Summer,4.7,No,Standard,Yes,Yes,1,Cash,Quarterly
3463,63,Male,Watch,Footwear,10,Mumbai,XL,Black,Summer,4.5,Yes,Standard,No,No,49,Cash,Weekly
3464,20,Male,Shirt,Footwear,323,Bangalore,M,Blue,Summer,2,Yes,Next Day,Yes,Yes,36,Net Banking,Quarterly
3465,36,Female,Jeans,Accessories,253,Mumbai,XL,Black,Autumn,4.5,Yes,Next Day,No,Yes,45,Net Banking,Monthly
3466,56,Male,Bag,Clothing,481,Delhi,M,White,Spring,2.2,Yes,Standard,Yes,No,32,UPI,Monthly
3467,46,Female,Shirt,Footwear,157,Lucknow,L,Black,Summer,2.8,Yes,Express,No,Yes,47,Cash,Quarterly
3468,31,Male,Shirt,Footwear,251,Bangalore,L,White,Winter,4.4,No,Express,Yes,Yes,3,Net Banking,Weekly
3469,45,Male,Jeans,Accessories,49,Bangalore,L,Red,Autumn,2.3,No,Express,Yes,Yes,35,Cash,Weekly
3470,63,Male,Shirt,Accessories,459,Mumbai,XL,Black,Spring,2.2,No,Next Day,Yes,No,35,Cash,Quarterly
3471,29,Female,Bag,Footwear,418,Lucknow,S,Red,Summer,3.7,Yes,Standard,No,No,46,Cash,Weekly
3472,56,Male,Watch,Accessories,183,Bangalore,M,Red,Winter,5,Yes,Express,No,Yes,4,Net Banking,Quarterly
3473,56,Female,Bag,Clothing,235,Delhi,L,Black,Spring,1.5,Yes,Standard,No,No,25,UPI,Monthly
3474,64,Male,Shoes,Clothing,430,Lucknow,M,Black,Winter,3.8,Yes,Next Day,No,No,25,Card,Weekly
3475,33,Male,Shirt,Accessories,154,Lucknow,XL,Blue,Summer,3.1,No,Express,No,No,4,Net Banking,Quarterly
3476,29,Female,Watch,Footwear,125,Lucknow,M,Black,Autumn,2.6,No,Next Day,Yes,Yes,31,UPI,Quarterly
3477,46,Female,Bag,Footwear,128,Mumbai,M,Red,Summer,4,No,Next Day,No,Yes,24,Card,Weekly
3478,45,Female,Shirt,Accessories,356,Delhi,M,Red,Autumn,3.2,No,Next Day,Yes,Yes,24,Cash,Quarterly
3479,39,Male,Shirt,Clothing,113,Delhi,L,Black,Winter,4.2,Yes,Next Day,Yes,Yes,34,Net Banking,Monthly
3480,58,Male,Bag,Accessories,53,Bangalore,S,Black,Spring,4,No,Next Day,No,Yes,37,Net Banking,Quarterly
3481,59,Female,Shirt,Clothing,91,Lucknow,S,Red,Summer,4.9,No,Express,Yes,Yes,33,UPI,Weekly
3482,30,Male,Shoes,Accessories,493,Delhi,XL,Blue,Autumn,4.2,Yes,Express,No,No,19,Net Banking,Weekly
3483,59,Male,Shirt,Accessories,437,Bangalore,S,Blue,Summer,1.3,No,Express,No,No,48,Card,Quarterly
3484,29,Female,Watch,Footwear,477,Delhi,S,Blue,Summer,4.1,Yes,Express,No,No,10,Net Banking,Monthly
3485,39,Female,Watch,Footwear,145,Lucknow,M,Black,Winter,3.6,Yes,Express,No,No,16,Card,Weekly
3486,19,Male,Watch,Footwear,226,Delhi,M,White,Spring,1.4,Yes,Next Day,No,No,24,Card,Monthly
3487,35,Female,Shirt,Clothing,250,Lucknow,S,White,Spring,3.4,No,Express,No,No,15,UPI,Quarterly
3488,67,Female,Shoes,Footwear,266,Delhi,XL,Red,Autumn,4,Yes,Express,Yes,Yes,17,UPI,Weekly
3489,41,Male,Shoes,Clothing,23,Mumbai,S,Blue,Spring,1.8,No,Express,No,Yes,46,Card,Quarterly
3490,54,Female,Watch,Accessories,302,Bangalore,M,Black,Spring,2.7,Yes,Express,Yes,Yes,7,Cash,Weekly
3491,23,Female,Jeans,Footwear,29,Lucknow,S,Blue,Winter,3.2,Yes,Next Day,Yes,Yes,25,Card,Quarterly
3492,51,Male,Shoes,Footwear,144,Mumbai,M,White,Summer,2.7,Yes,Express,No,No,23,Card,Quarterly
3493,37,Male,Watch,Accessories,153,Lucknow,S,Black,Spring,4.5,No,Express,No,No,4,Card,Monthly
3494,56,Male,Bag,Clothing,340,Delhi,XL,White,Autumn,1.7,Yes,Standard,No,Yes,10,Net Banking,Monthly
3495,66,Female,Jeans,Accessories,449,Mumbai,XL,Blue,Summer,,Yes,Express,No,Yes,13,Card,Weekly
3496,45,Male,Shirt,Footwear,352,Lucknow,S,Blue,Summer,4.1,Yes,Express,No,No,23,Cash,Monthly
3497,23,Male,Jeans,Accessories,223,Mumbai,S,White,Summer,2.8,No,Standard,Yes,No,20,Cash,Monthly
3498,42,Male,Bag,Accessories,267,Bangalore,XL,White,Spring,3.2,No,Next Day,No,No,29,Net Banking,Monthly
3499,24,Male,Shoes,Accessories,261,Mumbai,M,White,Winter,1.6,No,Next Day,No,Yes,18,UPI,Quarterly
3500,41,Male,Shirt,Accessories,82,Mumbai,S,Blue,Spring,1.8,Yes,Standard,Yes,No,39,Net Banking,Monthly
3501,21,Female,Jeans,Clothing,479,Lucknow,S,Red,Summer,3.1,No,Next Day,No,Yes,18,UPI,Weekly
3502,51,Female,Jeans,Footwear,460,Bangalore,M,Blue,Summer,1.9,Yes,Standard,Yes,Yes,42,Card,Monthly
3503,34,Male,Shirt,Clothing,127,Bangalore,L,Black,Autumn,4.2,No,Express,Yes,Yes,49,Net Banking,Weekly
3504,28,Male,Bag,Footwear,66,Bangalore,L,Blue,Autumn,3.5,No,Standard,Yes,Yes,33,UPI,Monthly
3505,18,Male,Watch,Clothing,90,Lucknow,S,Black,Summer,1.2,Yes,Express,Yes,No,5,Card,Quarterly
3506,64,Female,Bag,Accessories,318,Mumbai,M,Black,Autumn,2.4,Yes,Express,No,Yes,44,Cash,Weekly
3507,61,Female,Shirt,Accessories,24,Lucknow,M,Red,Spring,4.4,No,Standard,Yes,No,40,UPI,Weekly
3508,60,Female,Shoes,Accessories,60,Bangalore,L,Red,Spring,2.1,No,Standard,No,No,27,Net Banking,Monthly
3509,21,Female,Shoes,Accessories,327,Lucknow,M,Blue,Winter,3.9,No,Next Day,No,No,16,Card,Monthly
3510,36,Male,Shoes,Footwear,81,Lucknow,S,Red,Autumn,1.4,No,Next Day,Yes,No,35,Cash,Weekly
3511,68,Male,Jeans,Clothing,43,Delhi,XL,White,Autumn,4.7,Yes,Standard,Yes,Yes,30,Net Banking,Weekly
3512,48,Male,Shoes,Footwear,20,Mumbai,L,White,Winter,2.8,No,Standard,Yes,Yes,38,Card,Quarterly
3513,24,Female,Watch,Footwear,355,Mumbai,M,Red,Winter,3,Yes,Standard,Yes,Yes,32,Cash,Monthly
3514,25,Male,Jeans,Footwear,188,Mumbai,S,Black,Autumn,3.3,Yes,Standard,No,No,41,Cash,Monthly
3515,31,Male,Watch,Clothing,149,Mumbai,S,Red,Winter,2.5,Yes,Next Day,Yes,No,48,Net Banking,Weekly
3516,68,Female,Watch,Clothing,323,Delhi,XL,Black,Autumn,3.9,No,Standard,Yes,Yes,37,UPI,Quarterly
3517,26,Female,Shirt,Accessories,93,Lucknow,XL,Black,Spring,1.1,Yes,Standard,No,No,15,UPI,Monthly
3518,64,Male,Shirt,Clothing,265,Lucknow,L,Blue,Autumn,1.6,No,Standard,No,Yes,45,UPI,Monthly
3519,53,Female,Watch,Footwear,247,Bangalore,S,Blue,Winter,1.8,No,Express,No,No,41,UPI,Monthly
3520,65,Female,Watch,Footwear,340,Mumbai,M,Black,Winter,3.5,No,Next Day,Yes,Yes,23,Net Banking,Weekly
3521,60,Female,Watch,Accessories,315,Lucknow,M,Black,Autumn,4.6,Yes,Express,Yes,No,2,Cash,Quarterly
3522,35,Female,Bag,Footwear,340,Mumbai,S,White,Winter,1.3,Yes,Next Day,No,No,47,Card,Weekly
3523,61,Male,Bag,Clothing,114,Mumbai,S,Red,Spring,4.4,Yes,Next Day,No,No,27,Net Banking,Weekly
3524,26,Female,Shirt,Footwear,78,Lucknow,M,Red,Spring,4.3,No,Next Day,No,Yes,20,Card,Weekly
3525,33,Female,Shoes,Clothing,271,Lucknow,M,Black,Summer,1.3,No,Standard,Yes,Yes,30,Net Banking,Monthly
3526,29,Female,Bag,Footwear,38,Bangalore,L,White,Spring,1.6,No,Next Day,Yes,Yes,3,UPI,Monthly
3527,24,Female,Shirt,Accessories,232,Delhi,L,Blue,Winter,2.4,Yes,Express,Yes,No,41,Cash,Weekly
3528,22,Female,Shirt,Accessories,316,Delhi,M,Red,Spring,1.5,Yes,Standard,No,Yes,9,Net Banking,Quarterly
3529,27,Female,Shirt,Clothing,412,Lucknow,M,Blue,Autumn,4,Yes,Standard,No,Yes,12,Net Banking,Weekly
3530,24,Female,Shoes,Accessories,330,Mumbai,L,Black,Winter,3,Yes,Next Day,No,Yes,27,Card,Weekly
3531,37,Female,Jeans,Footwear,497,Bangalore,S,Blue,Spring,2.6,Yes,Standard,Yes,Yes,33,UPI,Weekly
3532,21,Female,Watch,Footwear,282,Mumbai,S,Black,Spring,3.9,No,Express,Yes,Yes,0,Card,Monthly
3533,21,Male,Jeans,Accessories,228,Mumbai,XL,White,Autumn,2.2,Yes,Next Day,Yes,Yes,29,Cash,Weekly
3534,69,Female,Shoes,Clothing,130,Lucknow,S,Blue,Winter,4.5,Yes,Next Day,Yes,Yes,7,UPI,Weekly
3535,22,Male,Bag,Accessories,339,Bangalore,S,White,Spring,3.6,Yes,Standard,Yes,Yes,47,Net Banking,Weekly
3536,21,Female,Jeans,Footwear,407,Mumbai,L,White,Spring,2.4,No,Express,No,No,18,Cash,Monthly
3537,19,Female,Shoes,Clothing,167,Mumbai,L,Black,Winter,3.2,Yes,Next Day,No,Yes,24,UPI,Quarterly
3538,24,Female,Watch,Footwear,47,Delhi,S,Blue,Autumn,2,No,Express,No,No,31,Card,Monthly
3539,45,Female,Watch,Footwear,15,Bangalore,XL,Black,Autumn,4.9,No,Express,No,Yes,7,UPI,Weekly
3540,61,Male,Jeans,Footwear,319,Bangalore,S,Black,Summer,2.7,Yes,Standard,No,Yes,8,Net Banking,Weekly
3541,56,Male,Jeans,Accessories,334,Delhi,L,White,Summer,4.6,No,Next Day,Yes,Yes,47,Card,Weekly
3542,48,Female,Watch,Clothing,69,Mumbai,L,Red,Summer,4.9,Yes,Standard,Yes,No,28,Net Banking,Weekly
3543,22,Female,Bag,Clothing,21,Bangalore,XL,Blue,Spring,3.1,No,Express,Yes,No,11,Cash,Monthly
3544,58,Female,Jeans,Footwear,330,Delhi,L,Black,Summer,3.9,No,Express,No,No,33,Cash,Quarterly
3545,19,Female,Watch,Accessories,204,Lucknow,L,Red,Winter,3.3,Yes,Express,No,Yes,44,UPI,Monthly
3546,50,Female,Shoes,Clothing,214,Lucknow,S,Red,Autumn,1.4,Yes,Express,No,No,38,Card,Monthly
3547,39,Male,Watch,Footwear,138,Bangalore,XL,Black,Winter,4.8,Yes,Next Day,Yes,No,20,Card,Monthly
3548,63,Male,Bag,Clothing,361,Delhi,S,Black,Summer,2.8,No,Next Day,Yes,Yes,33,Cash,Monthly
3549,33,Female,Shoes,Footwear,374,Bangalore,M,Blue,Winter,4.6,No,Standard,Yes,Yes,44,UPI,Quarterly
3550,51,Female,Bag,Accessories,35,Lucknow,M,Red,Summer,3.6,Yes,Standard,Yes,No,12,Card,Quarterly
3551,40,Female,Watch,Accessories,53,Delhi,M,White,Autumn,1.4,Yes,Express,Yes,No,39,Net Banking,Quarterly
3552,45,Female,Jeans,Clothing,281,Lucknow,L,Blue,Autumn,2.7,Yes,Express,Yes,No,49,UPI,Weekly
3553,66,Female,Bag,Clothing,305,Lucknow,S,Black,Winter,1.8,No,Next Day,Yes,Yes,17,UPI,Monthly
3554,55,Female,Shirt,Footwear,80,Delhi,M,White,Winter,1.7,Yes,Express,No,Yes,44,Net Banking,Quarterly
3555,39,Female,Jeans,Accessories,87,Delhi,M,Blue,Spring,3.9,No,Express,No,No,1,Card,Quarterly
3556,41,Male,Bag,Footwear,344,Bangalore,L,Red,Winter,1.1,Yes,Standard,Yes,No,18,Card,Quarterly
3557,54,Female,Shoes,Footwear,232,Lucknow,L,Black,Autumn,4.9,No,Next Day,Yes,Yes,13,UPI,Monthly
3558,35,Female,Watch,Clothing,68,Lucknow,XL,Black,Autumn,2.8,No,Standard,No,Yes,1,Card,Monthly
3559,26,Male,Shoes,Accessories,308,Bangalore,S,Black,Spring,3,No,Express,Yes,No,30,UPI,Quarterly
3560,42,Female,Shoes,Footwear,46,Bangalore,XL,White,Summer,2.2,Yes,Express,Yes,No,26,Card,Monthly
3561,21,Female,Jeans,Accessories,123,Bangalore,M,Black,Winter,1.3,Yes,Standard,No,Yes,18,Cash,Monthly
3562,26,Female,Jeans,Accessories,359,Bangalore,M,White,Winter,3.4,Yes,Express,No,No,43,Card,Monthly
3563,39,Male,Bag,Accessories,118,Lucknow,L,White,Spring,2.4,No,Express,No,No,12,Card,Weekly
3564,59,Female,Shoes,Footwear,41,Delhi,S,Red,Summer,3.5,No,Standard,Yes,Yes,41,UPI,Quarterly
3565,58,Male,Jeans,Footwear,480,Delhi,XL,White,Winter,3.2,No,Standard,No,Yes,31,Cash,Quarterly
3566,31,Female,Shirt,Footwear,120,Delhi,M,White,Winter,1.9,No,Standard,No,Yes,44,UPI,Weekly
3567,39,Female,Watch,Accessories,262,Lucknow,XL,Red,Summer,2.8,Yes,Next Day,Yes,Yes,0,Net Banking,Monthly
3568,25,Female,Bag,Accessories,414,Bangalore,S,White,Winter,2.2,Yes,Standard,No,No,48,Net Banking,Quarterly
3569,57,Female,Jeans,Accessories,495,Delhi,XL,Red,Winter,2,No,Next Day,No,Yes,0,UPI,Weekly
3570,30,Male,Bag,Clothing,406,Delhi,M,Black,Spring,4.1,No,Next Day,No,Yes,35,Card,Weekly
3571,59,Female,Jeans,Footwear,176,Mumbai,L,Black,Spring,1,Yes,Express,No,No,37,Net Banking,Quarterly
3572,61,Female,Shirt,Clothing,428,Delhi,XL,Blue,Spring,2.1,Yes,Next Day,No,No,8,UPI,Quarterly
3573,53,Male,Watch,Footwear,16,Bangalore,S,Blue,Spring,3.1,Yes,Standard,Yes,Yes,1,Cash,Quarterly
3574,35,Male,Shirt,Accessories,169,Mumbai,M,Blue,Autumn,2.9,No,Standard,Yes,No,1,Net Banking,Quarterly
3575,67,Male,Watch,Footwear,107,Mumbai,XL,Black,Summer,4.8,Yes,Next Day,Yes,Yes,6,Cash,Quarterly
3576,53,Female,Shirt,Footwear,268,Delhi,S,Red,Autumn,4.4,No,Express,Yes,Yes,7,Cash,Weekly
3577,51,Female,Jeans,Accessories,446,Bangalore,S,Blue,Spring,4,No,Next Day,Yes,Yes,48,UPI,Quarterly
3578,62,Female,Watch,Accessories,388,Lucknow,L,White,Autumn,3.1,No,Next Day,Yes,No,10,Net Banking,Monthly
3579,63,Female,Shirt,Accessories,499,Bangalore,S,White,Autumn,2.7,Yes,Standard,Yes,No,40,Card,Monthly
3580,22,Male,Jeans,Accessories,77,Lucknow,XL,Red,Winter,1.1,No,Standard,No,No,3,UPI,Monthly
3581,63,Female,Shoes,Clothing,378,Lucknow,XL,White,Summer,4.3,Yes,Next Day,No,No,32,UPI,Monthly
3582,57,Male,Bag,Clothing,364,Lucknow,S,Blue,Autumn,2.7,No,Standard,No,No,22,Card,Monthly
3583,28,Male,Shirt,Footwear,233,Bangalore,S,White,Summer,2.3,No,Express,Yes,Yes,27,UPI,Quarterly
3584,33,Male,Shirt,Footwear,57,Delhi,XL,White,Summer,3.4,Yes,Standard,Yes,Yes,39,Card,Weekly
3585,57,Male,Shoes,Clothing,61,Mumbai,L,Black,Autumn,4,Yes,Standard,No,Yes,10,Card,Monthly
3586,29,Female,Bag,Clothing,457,Mumbai,XL,Red,Autumn,3.1,No,Standard,No,Yes,0,Net Banking,Monthly
3587,41,Female,Bag,Accessories,154,Bangalore,XL,Blue,Winter,1.6,Yes,Standard,No,No,11,Cash,Monthly
3588,53,Female,Jeans,Footwear,322,Lucknow,M,Blue,Spring,4.7,No,Next Day,Yes,Yes,40,Net Banking,Quarterly
3589,51,Male,Shirt,Footwear,473,Bangalore,M,Blue,Spring,1.5,Yes,Standard,Yes,Yes,29,Card,Monthly
3590,65,Male,Watch,Footwear,251,Mumbai,L,White,Autumn,4.9,Yes,Next Day,No,No,46,UPI,Quarterly
3591,23,Male,Shirt,Clothing,112,Lucknow,L,White,Autumn,2.8,No,Next Day,Yes,No,41,Cash,Weekly
3592,33,Female,Shoes,Clothing,247,Bangalore,M,Blue,Winter,4.8,No,Express,Yes,Yes,7,UPI,Quarterly
3593,69,Male,Shirt,Accessories,122,Lucknow,M,Blue,Autumn,4.7,Yes,Express,Yes,Yes,2,Card,Weekly
3594,47,Male,Shirt,Clothing,98,Bangalore,M,Red,Spring,2.6,No,Express,No,Yes,1,UPI,Monthly
3595,30,Female,Bag,Accessories,407,Bangalore,L,Red,Summer,4.2,Yes,Next Day,Yes,Yes,9,Card,Weekly
3596,33,Female,Jeans,Accessories,179,Mumbai,M,Blue,Winter,1.4,No,Next Day,No,Yes,23,Card,Weekly
3597,35,Female,Watch,Footwear,345,Mumbai,M,Blue,Winter,1.3,Yes,Next Day,No,Yes,0,Cash,Monthly
3598,46,Male,Jeans,Clothing,366,Mumbai,S,White,Winter,2.4,Yes,Standard,No,No,43,Card,Weekly
3599,32,Female,Bag,Footwear,279,Mumbai,XL,Blue,Summer,3.4,No,Next Day,No,Yes,23,UPI,Weekly
3600,50,Male,Shirt,Footwear,275,Bangalore,L,Blue,Spring,1,No,Standard,No,Yes,36,Net Banking,Monthly
3601,41,Female,Shoes,Footwear,98,Mumbai,XL,Blue,Spring,3.1,Yes,Express,Yes,Yes,43,Net Banking,Weekly
3602,49,Male,Jeans,Footwear,269,Delhi,XL,Blue,Winter,4.9,Yes,Standard,Yes,No,1,Card,Monthly
3603,26,Female,Shirt,Footwear,378,Delhi,L,Red,Summer,4.4,No,Express,No,Yes,21,UPI,Monthly
3604,50,Female,Shirt,Clothing,105,Lucknow,M,Red,Winter,1.9,No,Next Day,No,Yes,33,UPI,Quarterly
3605,66,Female,Jeans,Accessories,123,Mumbai,L,Black,Spring,3.1,No,Next Day,No,Yes,49,Cash,Monthly
3606,25,Male,Shirt,Accessories,348,Bangalore,L,White,Summer,1.7,Yes,Next Day,Yes,No,40,Cash,Monthly
3607,35,Male,Jeans,Footwear,491,Lucknow,XL,Blue,Winter,2.1,No,Express,No,Yes,10,Card,Quarterly
3608,54,Female,Watch,Clothing,202,Delhi,S,Black,Spring,4.7,No,Express,Yes,No,13,UPI,Weekly
3609,50,Female,Watch,Accessories,415,Lucknow,S,Red,Spring,5,No,Standard,No,Yes,39,UPI,Monthly
3610,53,Male,Bag,Clothing,99,Bangalore,S,Black,Summer,2,Yes,Next Day,Yes,No,32,Net Banking,Weekly
3611,47,Male,Shirt,Clothing,289,Bangalore,S,White,Spring,1.8,No,Next Day,No,No,12,UPI,Monthly
3612,53,Male,Bag,Footwear,472,Mumbai,L,White,Autumn,2.5,No,Standard,No,No,24,Card,Monthly
3613,49,Male,Jeans,Clothing,226,Bangalore,S,Red,Spring,2.8,Yes,Express,No,No,46,Cash,Monthly
3614,21,Male,Jeans,Footwear,258,Delhi,S,White,Spring,1.4,Yes,Express,No,Yes,10,Net Banking,Weekly
3615,57,Male,Bag,Footwear,85,Mumbai,M,Blue,Autumn,1.6,Yes,Express,No,No,16,Net Banking,Monthly
3616,41,Male,Jeans,Footwear,268,Lucknow,XL,Blue,Summer,2.7,No,Next Day,Yes,Yes,45,Card,Weekly
3617,20,Male,Watch,Clothing,296,Mumbai,M,Red,Autumn,1.9,Yes,Standard,Yes,No,33,Cash,Weekly
3618,39,Female,Shirt,Clothing,490,Bangalore,M,Blue,Winter,4.4,No,Next Day,No,Yes,11,Card,Weekly
3619,40,Male,Watch,Accessories,108,Lucknow,M,White,Winter,4,No,Express,No,Yes,14,Card,Monthly
3620,22,Male,Watch,Accessories,189,Bangalore,XL,Blue,Autumn,3.1,Yes,Express,Yes,Yes,42,Cash,Monthly
3621,69,Male,Bag,Footwear,327,Mumbai,M,Blue,Winter,2.7,Yes,Standard,No,No,14,Net Banking,Quarterly
3622,29,Female,Watch,Accessories,472,Lucknow,M,Red,Autumn,4.3,No,Standard,Yes,No,35,Net Banking,Monthly
3623,35,Male,Jeans,Clothing,126,Lucknow,XL,Black,Spring,1.7,Yes,Standard,Yes,No,24,Cash,Monthly
3624,40,Male,Bag,Footwear,350,Bangalore,M,Red,Winter,4.5,No,Next Day,Yes,Yes,11,UPI,Quarterly
3625,61,Male,Shoes,Footwear,440,Delhi,M,White,Autumn,1.2,Yes,Standard,No,Yes,18,Cash,Monthly
3626,56,Male,Jeans,Accessories,320,Mumbai,XL,White,Spring,4.7,Yes,Express,Yes,No,35,UPI,Quarterly
3627,58,Male,Jeans,Footwear,219,Mumbai,M,Black,Autumn,1.6,No,Next Day,Yes,No,40,Card,Monthly
3628,30,Male,Watch,Footwear,124,Delhi,L,Black,Spring,4.2,Yes,Standard,No,Yes,1,UPI,Weekly
3629,61,Female,Watch,Accessories,151,Mumbai,L,Black,Autumn,1.1,No,Next Day,No,No,45,Card,Monthly
3630,61,Male,Shirt,Clothing,35,Delhi,S,White,Autumn,4.3,Yes,Standard,Yes,No,11,Card,Quarterly
3631,42,Male,Bag,Accessories,84,Bangalore,S,Blue,Spring,3.3,No,Standard,No,No,32,Cash,Weekly
3632,46,Female,Shirt,Accessories,224,Mumbai,XL,Black,Summer,1.1,Yes,Standard,Yes,No,14,Net Banking,Monthly
3633,19,Female,Bag,Footwear,78,Bangalore,M,Red,Spring,4.1,Yes,Standard,Yes,No,13,Cash,Monthly
3634,57,Female,Jeans,Footwear,14,Mumbai,M,White,Spring,1.4,No,Express,Yes,No,44,Net Banking,Quarterly
3635,67,Male,Shoes,Accessories,349,Bangalore,L,Black,Spring,3.2,Yes,Standard,Yes,No,35,UPI,Quarterly
3636,42,Male,Jeans,Accessories,44,Bangalore,S,Black,Winter,2.3,No,Express,No,Yes,45,Cash,Monthly
3637,46,Male,Shirt,Accessories,79,Delhi,S,Black,Summer,4,No,Express,Yes,No,1,Card,Weekly
3638,43,Female,Shirt,Accessories,301,Mumbai,M,Black,Spring,4.4,Yes,Standard,No,No,13,UPI,Weekly
3639,22,Male,Jeans,Accessories,461,Bangalore,XL,Black,Autumn,2.9,No,Standard,Yes,No,2,Card,Monthly
3640,50,Female,Shirt,Accessories,364,Bangalore,L,Black,Autumn,4,No,Standard,Yes,No,23,Cash,Weekly
3641,55,Female,Watch,Accessories,25,Delhi,L,Red,Spring,4.7,No,Standard,Yes,Yes,23,UPI,Quarterly
3642,66,Female,Watch,Footwear,92,Lucknow,L,Black,Autumn,3.8,Yes,Express,No,Yes,49,Cash,Quarterly
3643,66,Male,Shoes,Clothing,372,Delhi,XL,Red,Spring,2.3,No,Next Day,Yes,No,11,Net Banking,Weekly
3644,43,Female,Shirt,Clothing,368,Lucknow,XL,Blue,Autumn,2.9,No,Express,Yes,No,33,Card,Quarterly
3645,67,Male,Shoes,Footwear,201,Bangalore,S,Red,Winter,1.9,No,Express,Yes,No,49,UPI,Weekly
3646,45,Female,Shirt,Footwear,475,Mumbai,L,Red,Summer,2.8,No,Standard,No,No,3,UPI,Monthly
3647,51,Female,Watch,Accessories,445,Delhi,L,Red,Autumn,2,Yes,Standard,Yes,No,22,Cash,Monthly
3648,49,Female,Jeans,Accessories,374,Lucknow,S,White,Spring,4.2,No,Standard,Yes,Yes,19,Cash,Monthly
3649,69,Male,Jeans,Accessories,376,Bangalore,XL,Black,Summer,3.4,No,Express,Yes,No,1,Cash,Monthly
3650,56,Female,Jeans,Accessories,394,Lucknow,M,Red,Winter,3.5,No,Next Day,Yes,Yes,21,Net Banking,Monthly
3651,24,Male,Watch,Clothing,82,Lucknow,XL,Blue,Spring,1.4,Yes,Standard,No,No,12,UPI,Weekly
3652,21,Male,Jeans,Accessories,353,Delhi,S,Red,Winter,1,Yes,Next Day,Yes,Yes,15,UPI,Quarterly
3653,39,Male,Watch,Clothing,470,Bangalore,L,Black,Spring,4.2,Yes,Express,No,Yes,10,UPI,Quarterly
3654,44,Female,Watch,Clothing,120,Mumbai,L,Blue,Summer,3.2,No,Express,Yes,Yes,25,Net Banking,Monthly
3655,52,Female,Jeans,Accessories,17,Lucknow,L,White,Spring,4.7,Yes,Express,Yes,Yes,19,UPI,Quarterly
3656,43,Male,Shoes,Footwear,186,Delhi,S,White,Spring,3.1,No,Next Day,Yes,No,36,Net Banking,Weekly
3657,44,Female,Bag,Clothing,142,Delhi,S,Blue,Summer,1.9,Yes,Next Day,No,Yes,17,Card,Quarterly
3658,65,Female,Jeans,Footwear,475,Bangalore,L,Black,Autumn,3.8,No,Next Day,No,No,34,Net Banking,Weekly
3659,35,Male,Shoes,Accessories,228,Bangalore,XL,Red,Autumn,3.8,Yes,Express,Yes,Yes,26,UPI,Quarterly
3660,43,Female,Shoes,Footwear,333,Bangalore,L,Blue,Summer,1.3,Yes,Standard,Yes,Yes,17,Net Banking,Monthly
3661,46,Female,Shirt,Accessories,491,Mumbai,S,Blue,Summer,3.8,Yes,Express,No,Yes,41,UPI,Weekly
3662,42,Male,Shoes,Footwear,396,Mumbai,XL,Black,Spring,1.9,No,Next Day,Yes,No,36,Card,Monthly
3663,68,Male,Bag,Accessories,377,Lucknow,M,Blue,Autumn,2,No,Standard,Yes,No,26,UPI,Monthly
3664,68,Female,Jeans,Footwear,484,Lucknow,S,Black,Spring,1.1,Yes,Express,No,No,26,UPI,Quarterly
3665,44,Male,Shirt,Accessories,347,Lucknow,M,Black,Winter,3.5,No,Express,No,Yes,38,Card,Weekly
3666,41,Female,Watch,Accessories,123,Mumbai,S,Red,Spring,3.9,No,Express,No,Yes,38,Net Banking,Quarterly
3667,48,Male,Watch,Accessories,366,Lucknow,XL,White,Autumn,1.9,Yes,Next Day,Yes,No,35,UPI,Weekly
3668,27,Male,Jeans,Footwear,167,Mumbai,XL,Black,Summer,4.2,No,Express,No,No,5,Net Banking,Weekly
3669,40,Male,Watch,Footwear,172,Lucknow,S,Black,Winter,4,Yes,Standard,Yes,Yes,11,Net Banking,Weekly
3670,29,Female,Shirt,Clothing,325,Lucknow,L,Black,Summer,2.6,Yes,Standard,Yes,No,20,Card,Quarterly
3671,25,Female,Bag,Footwear,164,Delhi,S,Red,Winter,1.3,Yes,Express,No,No,28,UPI,Monthly
3672,22,Female,Jeans,Footwear,21,Lucknow,M,White,Winter,2.1,Yes,Next Day,No,Yes,19,Cash,Quarterly
3673,48,Male,Jeans,Footwear,499,Bangalore,S,Blue,Summer,1.7,Yes,Express,Yes,No,41,Net Banking,Quarterly
3674,18,Female,Watch,Accessories,289,Lucknow,L,Black,Summer,4.8,Yes,Next Day,No,Yes,17,Net Banking,Monthly
3675,51,Female,Jeans,Accessories,338,Bangalore,S,Black,Summer,4.3,Yes,Standard,No,Yes,27,Card,Weekly
3676,40,Male,Watch,Footwear,406,Delhi,XL,Red,Summer,1.3,Yes,Standard,No,No,34,Card,Weekly
3677,37,Female,Shirt,Accessories,320,Lucknow,S,Blue,Summer,3.1,No,Next Day,No,Yes,18,Card,Monthly
3678,58,Male,Jeans,Accessories,309,Delhi,M,Blue,Spring,2.1,Yes,Express,Yes,Yes,27,UPI,Monthly
3679,46,Female,Shirt,Accessories,398,Lucknow,XL,Black,Summer,1.1,No,Next Day,No,Yes,36,Cash,Monthly
3680,56,Female,Shoes,Accessories,154,Delhi,XL,White,Winter,2.3,Yes,Next Day,Yes,Yes,19,UPI,Quarterly
3681,54,Male,Shoes,Clothing,415,Lucknow,S,Blue,Winter,1.5,No,Standard,Yes,No,48,Cash,Weekly
3682,19,Male,Watch,Clothing,364,Mumbai,S,Red,Spring,1.9,Yes,Next Day,Yes,No,26,UPI,Monthly
3683,29,Female,Shirt,Clothing,99,Delhi,XL,Red,Autumn,2.3,Yes,Express,No,No,39,Cash,Weekly
3684,47,Male,Watch,Accessories,81,Delhi,XL,Black,Spring,2.6,No,Express,No,No,35,Cash,Monthly
3685,68,Male,Jeans,Accessories,441,Mumbai,M,Black,Autumn,2.9,No,Express,No,No,40,UPI,Quarterly
3686,26,Male,Watch,Accessories,448,Lucknow,S,White,Autumn,3.1,No,Standard,No,No,33,Card,Weekly
3687,23,Female,Shoes,Footwear,496,Lucknow,S,White,Winter,2.5,Yes,Next Day,Yes,No,26,Card,Monthly
3688,66,Male,Jeans,Clothing,59,Bangalore,M,Blue,Autumn,3,Yes,Express,Yes,Yes,38,Net Banking,Weekly
3689,68,Male,Shoes,Accessories,448,Bangalore,L,Black,Winter,2.7,Yes,Standard,No,No,23,Cash,Monthly
3690,26,Female,Watch,Clothing,433,Mumbai,S,Blue,Winter,4.9,Yes,Standard,Yes,No,42,Card,Monthly
3691,38,Male,Bag,Clothing,386,Lucknow,L,White,Autumn,1.3,Yes,Next Day,No,Yes,25,UPI,Monthly
3692,50,Female,Shirt,Accessories,253,Mumbai,XL,Red,Summer,3.3,No,Next Day,No,No,36,Net Banking,Monthly
3693,28,Female,Shirt,Clothing,259,Lucknow,S,Black,Summer,1.8,Yes,Express,No,No,10,Net Banking,Weekly
3694,34,Female,Shirt,Clothing,220,Mumbai,XL,Red,Summer,2.5,Yes,Next Day,Yes,Yes,9,Card,Quarterly
3695,38,Male,Jeans,Footwear,24,Mumbai,XL,Black,Summer,3.2,Yes,Express,No,No,28,Net Banking,Quarterly
3696,51,Female,Jeans,Footwear,255,Mumbai,M,Blue,Summer,4,Yes,Next Day,No,Yes,42,Net Banking,Monthly
3697,34,Female,Bag,Clothing,126,Bangalore,S,Blue,Summer,4.9,Yes,Standard,Yes,Yes,36,Card,Quarterly
3698,39,Male,Jeans,Clothing,108,Bangalore,M,Blue,Autumn,3,Yes,Standard,No,Yes,16,UPI,Weekly
3699,33,Male,Shirt,Clothing,37,Lucknow,M,Red,Summer,2,Yes,Next Day,Yes,No,42,Card,Weekly
3700,57,Male,Jeans,Accessories,234,Delhi,M,Black,Summer,4.2,No,Next Day,Yes,No,33,Cash,Weekly
3701,25,Male,Shoes,Footwear,33,Delhi,XL,White,Autumn,1.9,No,Express,Yes,No,27,Net Banking,Quarterly
3702,29,Male,Shirt,Clothing,426,Lucknow,S,Red,Summer,3,Yes,Next Day,No,No,49,Card,Weekly
3703,30,Male,Watch,Clothing,445,Lucknow,M,Blue,Spring,4.4,No,Express,No,Yes,38,UPI,Weekly
3704,65,Male,Shoes,Accessories,402,Delhi,XL,White,Spring,2.6,No,Next Day,No,No,14,Cash,Weekly
3705,67,Male,Shoes,Footwear,157,Lucknow,S,Blue,Winter,3.2,Yes,Express,Yes,Yes,3,Card,Monthly
3706,44,Male,Watch,Accessories,89,Mumbai,S,Blue,Winter,1.5,Yes,Next Day,Yes,Yes,13,UPI,Weekly
3707,26,Female,Shoes,Footwear,257,Lucknow,M,Black,Autumn,1.2,No,Express,Yes,Yes,8,Card,Quarterly
3708,57,Male,Watch,Accessories,339,Lucknow,XL,White,Spring,4.9,Yes,Express,Yes,Yes,9,Card,Quarterly
3709,43,Male,Shirt,Clothing,20,Bangalore,XL,White,Autumn,1.7,No,Standard,No,No,26,Cash,Quarterly
3710,62,Male,Shirt,Accessories,429,Delhi,XL,Black,Summer,2.3,Yes,Standard,No,No,49,Cash,Monthly
3711,36,Male,Shoes,Footwear,224,Lucknow,XL,White,Summer,3,No,Standard,Yes,Yes,32,Card,Monthly
3712,69,Male,Watch,Accessories,411,Delhi,S,White,Winter,2.5,No,Standard,Yes,Yes,21,Card,Quarterly
3713,59,Male,Shoes,Clothing,48,Mumbai,M,Blue,Winter,1.4,Yes,Express,No,Yes,12,Card,Quarterly
3714,29,Female,Shirt,Clothing,218,Bangalore,L,White,Autumn,1.8,No,Standard,Yes,Yes,39,Net Banking,Quarterly
3715,55,Female,Watch,Accessories,234,Delhi,S,Red,Autumn,3,Yes,Express,Yes,No,27,Cash,Quarterly
3716,32,Female,Bag,Accessories,33,Mumbai,XL,Red,Autumn,2.8,No,Standard,Yes,No,2,Cash,Weekly
3717,36,Female,Bag,Accessories,356,Lucknow,L,Black,Winter,4.2,No,Standard,No,No,23,Card,Weekly
3718,31,Female,Shoes,Accessories,466,Delhi,XL,Black,Autumn,2.2,No,Next Day,No,No,9,Card,Quarterly
3719,53,Male,Shirt,Accessories,274,Mumbai,M,Red,Autumn,4.8,Yes,Standard,Yes,No,24,Net Banking,Weekly
3720,31,Female,Shirt,Accessories,203,Delhi,L,Blue,Spring,2.1,No,Express,Yes,No,3,Net Banking,Weekly
3721,51,Female,Watch,Clothing,321,Bangalore,S,White,Winter,2.3,No,Standard,Yes,Yes,10,Cash,Weekly
3722,48,Female,Shirt,Accessories,186,Delhi,S,Black,Winter,4.8,Yes,Standard,Yes,Yes,40,Card,Weekly
3723,57,Female,Shoes,Accessories,186,Mumbai,L,White,Summer,4.4,Yes,Standard,No,No,8,Card,Monthly
3724,69,Male,Jeans,Footwear,382,Bangalore,S,Red,Summer,2.3,No,Standard,Yes,No,5,Net Banking,Weekly
3725,18,Female,Shoes,Footwear,299,Delhi,M,White,Winter,2.6,Yes,Standard,No,Yes,11,Cash,Quarterly
3726,69,Female,Watch,Accessories,139,Delhi,XL,White,Winter,4.4,Yes,Express,Yes,No,46,UPI,Weekly
3727,23,Male,Shoes,Clothing,209,Lucknow,M,White,Summer,1.3,No,Standard,No,No,47,Card,Monthly
3728,45,Male,Jeans,Clothing,419,Lucknow,M,Blue,Spring,2.2,No,Next Day,No,No,33,Cash,Monthly
3729,35,Female,Jeans,Clothing,269,Delhi,M,Red,Winter,3.1,Yes,Express,No,Yes,39,Net Banking,Monthly
3730,51,Male,Bag,Clothing,47,Lucknow,L,Black,Autumn,4.3,No,Express,No,Yes,45,Net Banking,Quarterly
3731,55,Male,Watch,Footwear,429,Mumbai,XL,Blue,Winter,3.3,No,Next Day,No,Yes,14,Cash,Quarterly
3732,62,Male,Bag,Clothing,372,Delhi,L,Blue,Autumn,3,Yes,Next Day,Yes,Yes,20,Card,Monthly
3733,38,Female,Jeans,Clothing,140,Lucknow,M,Blue,Autumn,4.8,No,Express,Yes,No,1,Net Banking,Monthly
3734,66,Male,Shoes,Accessories,483,Mumbai,M,Red,Spring,1.5,Yes,Next Day,No,Yes,26,Cash,Monthly
3735,34,Male,Jeans,Clothing,476,Mumbai,S,Black,Autumn,4.1,Yes,Express,Yes,No,46,Net Banking,Quarterly
3736,28,Male,Watch,Footwear,497,Delhi,S,Red,Summer,1.5,No,Next Day,No,No,1,Card,Quarterly
3737,37,Male,Watch,Footwear,195,Lucknow,M,Blue,Spring,3.9,Yes,Next Day,Yes,No,35,Net Banking,Weekly
3738,45,Female,Shoes,Footwear,462,Mumbai,M,Black,Winter,3.2,Yes,Next Day,No,No,23,Cash,Quarterly
3739,52,Female,Jeans,Accessories,405,Bangalore,XL,Red,Summer,2.1,Yes,Express,Yes,Yes,48,Net Banking,Weekly
3740,61,Female,Watch,Accessories,436,Delhi,XL,White,Spring,3.2,Yes,Express,No,No,29,Card,Quarterly
3741,29,Female,Jeans,Accessories,278,Lucknow,S,Red,Winter,4.5,Yes,Express,No,Yes,20,Net Banking,Weekly
3742,33,Female,Jeans,Clothing,146,Lucknow,M,Black,Winter,2.9,No,Next Day,Yes,No,5,Card,Quarterly
3743,66,Male,Shirt,Accessories,121,Bangalore,S,Red,Summer,1,No,Next Day,No,No,28,Card,Quarterly
3744,40,Female,Jeans,Footwear,483,Mumbai,S,Red,Summer,1.2,Yes,Standard,No,Yes,49,Card,Monthly
3745,30,Male,Jeans,Clothing,256,Bangalore,M,Red,Spring,3.5,Yes,Standard,Yes,Yes,0,Card,Quarterly
3746,69,Female,Shoes,Clothing,464,Mumbai,XL,Blue,Autumn,3.7,Yes,Next Day,No,Yes,0,Cash,Monthly
3747,41,Female,Jeans,Accessories,281,Lucknow,S,Black,Autumn,2.6,Yes,Express,Yes,Yes,44,Net Banking,Monthly
3748,69,Male,Bag,Accessories,271,Bangalore,L,Black,Autumn,2,No,Express,No,Yes,13,Net Banking,Monthly
3749,65,Female,Shoes,Footwear,45,Delhi,M,Blue,Winter,3.9,Yes,Next Day,Yes,No,30,Card,Weekly
3750,65,Female,Shoes,Footwear,207,Lucknow,L,Red,Summer,2.2,Yes,Standard,Yes,No,30,Net Banking,Weekly
3751,48,Male,Shoes,Footwear,282,Delhi,XL,Red,Autumn,1.3,No,Standard,Yes,Yes,24,Card,Quarterly
3752,59,Female,Shirt,Accessories,63,Mumbai,XL,Red,Autumn,2.6,Yes,Next Day,Yes,Yes,24,Cash,Quarterly
3753,67,Male,Watch,Footwear,89,Mumbai,XL,Blue,Winter,3.2,No,Next Day,Yes,Yes,34,Card,Quarterly
3754,31,Male,Watch,Clothing,299,Delhi,M,Blue,Autumn,4.9,No,Next Day,Yes,Yes,11,Net Banking,Quarterly
3755,19,Male,Watch,Accessories,131,Lucknow,S,Black,Spring,3.4,Yes,Next Day,No,Yes,8,UPI,Monthly
3756,34,Male,Bag,Clothing,353,Lucknow,XL,White,Autumn,1.8,Yes,Next Day,Yes,No,49,Net Banking,Quarterly
3757,51,Female,Shoes,Footwear,235,Delhi,XL,Blue,Winter,4.3,Yes,Next Day,Yes,Yes,0,Cash,Quarterly
3758,46,Female,Watch,Accessories,207,Mumbai,XL,Red,Autumn,2.2,Yes,Next Day,Yes,No,9,Cash,Weekly
3759,22,Female,Jeans,Accessories,67,Mumbai,M,Blue,Autumn,4.8,No,Express,Yes,Yes,36,UPI,Monthly
3760,47,Female,Shirt,Clothing,208,Bangalore,M,Blue,Autumn,2.3,No,Next Day,Yes,No,28,Card,Weekly
3761,27,Female,Shoes,Footwear,275,Bangalore,S,Black,Autumn,4.6,No,Standard,Yes,Yes,16,Cash,Quarterly
3762,44,Male,Jeans,Accessories,290,Bangalore,M,White,Summer,4.5,Yes,Express,Yes,Yes,5,Cash,Weekly
3763,47,Male,Jeans,Footwear,142,Delhi,M,Black,Winter,4.5,No,Standard,No,No,18,Card,Quarterly
3764,51,Female,Jeans,Accessories,23,Bangalore,M,White,Spring,1.2,No,Next Day,Yes,No,2,Card,Quarterly
3765,39,Female,Shirt,Clothing,468,Delhi,XL,Black,Winter,4.4,Yes,Express,No,No,27,UPI,Monthly
3766,39,Male,Bag,Accessories,479,Delhi,L,Black,Spring,3.9,No,Standard,No,Yes,24,Net Banking,Monthly
3767,53,Female,Shirt,Accessories,453,Lucknow,S,White,Spring,2.3,No,Express,Yes,No,45,UPI,Quarterly
3768,56,Male,Jeans,Clothing,152,Delhi,L,White,Autumn,3,No,Standard,No,No,40,UPI,Quarterly
3769,60,Male,Bag,Clothing,305,Delhi,L,White,Autumn,3.6,Yes,Standard,No,Yes,23,Net Banking,Monthly
3770,35,Male,Shoes,Footwear,79,Mumbai,L,White,Winter,4.8,Yes,Express,Yes,No,26,UPI,Quarterly
3771,40,Male,Shirt,Accessories,453,Bangalore,XL,Blue,Summer,4.1,Yes,Express,Yes,Yes,34,UPI,Weekly
3772,35,Male,Watch,Accessories,12,Bangalore,XL,Black,Spring,2.7,Yes,Express,No,Yes,14,Net Banking,Weekly
3773,45,Female,Jeans,Accessories,240,Delhi,M,Red,Summer,3.6,No,Standard,No,Yes,30,Cash,Weekly
3774,24,Female,Jeans,Footwear,429,Lucknow,M,Red,Autumn,1.7,No,Next Day,Yes,Yes,0,Card,Monthly
3775,40,Female,Jeans,Clothing,365,Mumbai,S,Red,Summer,2.7,Yes,Standard,Yes,No,46,Card,Quarterly
3776,27,Male,Jeans,Accessories,432,Bangalore,XL,Black,Summer,4.2,Yes,Next Day,Yes,Yes,47,Net Banking,Quarterly
3777,45,Female,Watch,Clothing,253,Delhi,XL,Black,Winter,3.4,Yes,Standard,No,Yes,44,Net Banking,Weekly
3778,62,Female,Jeans,Clothing,56,Lucknow,L,Red,Autumn,4.1,No,Standard,No,Yes,10,Net Banking,Weekly
3779,69,Male,Jeans,Clothing,13,Mumbai,S,White,Autumn,3,No,Express,No,No,39,UPI,Quarterly
3780,41,Male,Bag,Accessories,84,Lucknow,L,White,Autumn,2.5,No,Next Day,Yes,No,28,Cash,Monthly
3781,20,Male,Watch,Accessories,38,Mumbai,XL,Red,Summer,4,No,Next Day,Yes,Yes,49,Card,Weekly
3782,29,Female,Jeans,Accessories,229,Bangalore,S,Blue,Autumn,1.4,No,Express,No,Yes,0,Cash,Monthly
3783,23,Female,Shirt,Footwear,34,Bangalore,L,Blue,Winter,4.9,No,Standard,No,No,19,Cash,Monthly
3784,57,Female,Watch,Accessories,100,Delhi,L,Red,Autumn,4.8,Yes,Next Day,Yes,Yes,4,Card,Monthly
3785,69,Female,Shoes,Accessories,215,Delhi,L,Red,Summer,4.5,Yes,Standard,Yes,Yes,47,Net Banking,Quarterly
3786,46,Female,Shirt,Footwear,370,Mumbai,L,Black,Winter,4.5,No,Express,Yes,No,8,UPI,Quarterly
3787,27,Male,Shirt,Accessories,340,Delhi,XL,Blue,Spring,3,Yes,Next Day,Yes,No,1,Net Banking,Quarterly
3788,19,Female,Shirt,Footwear,38,Bangalore,S,Red,Spring,3,No,Express,Yes,No,5,Net Banking,Weekly
3789,68,Male,Jeans,Clothing,452,Delhi,L,White,Summer,,Yes,Next Day,No,Yes,48,UPI,Monthly
3790,34,Female,Watch,Footwear,279,Bangalore,XL,White,Autumn,2.1,Yes,Next Day,Yes,No,26,Card,Monthly
3791,23,Female,Shirt,Footwear,180,Delhi,XL,White,Summer,4.4,No,Next Day,Yes,Yes,5,Card,Monthly
3792,27,Female,Watch,Accessories,197,Delhi,M,Black,Summer,1.8,No,Express,No,No,19,UPI,Quarterly
3793,31,Male,Watch,Clothing,425,Mumbai,XL,Blue,Summer,4.5,Yes,Next Day,Yes,Yes,21,UPI,Monthly
3794,52,Female,Bag,Accessories,237,Bangalore,M,Red,Winter,3.2,Yes,Standard,Yes,Yes,40,UPI,Monthly
3795,64,Female,Watch,Footwear,130,Mumbai,M,White,Summer,4.4,Yes,Standard,Yes,No,10,Net Banking,Quarterly
3796,32,Female,Jeans,Accessories,218,Mumbai,XL,Blue,Winter,3,No,Standard,Yes,Yes,5,Cash,Quarterly
3797,53,Female,Bag,Clothing,43,Mumbai,M,White,Summer,3.4,Yes,Standard,No,No,37,Card,Monthly
3798,21,Male,Watch,Clothing,85,Mumbai,M,Red,Spring,4.7,Yes,Standard,Yes,No,21,Cash,Quarterly
3799,18,Male,Bag,Accessories,164,Mumbai,L,Red,Spring,2.7,No,Next Day,Yes,Yes,6,Card,Weekly
3800,20,Male,Shoes,Footwear,117,Lucknow,L,Red,Spring,1.9,Yes,Express,No,No,21,Card,Weekly
3801,66,Female,Jeans,Accessories,181,Bangalore,XL,White,Winter,1.4,Yes,Express,No,Yes,21,Cash,Weekly
3802,48,Male,Bag,Footwear,41,Mumbai,L,Red,Summer,3.4,No,Express,No,Yes,11,Card,Weekly
3803,59,Female,Watch,Footwear,308,Bangalore,S,Red,Autumn,3.4,Yes,Express,No,Yes,10,UPI,Quarterly
3804,19,Male,Watch,Clothing,66,Bangalore,S,Blue,Winter,3.5,Yes,Express,No,No,4,Net Banking,Weekly
3805,19,Female,Watch,Clothing,116,Lucknow,XL,Blue,Spring,1.1,Yes,Standard,No,No,42,UPI,Quarterly
3806,62,Male,Watch,Footwear,489,Bangalore,M,Red,Spring,1.1,Yes,Next Day,No,No,0,Card,Weekly
3807,23,Female,Watch,Accessories,12,Delhi,S,White,Winter,4.6,Yes,Next Day,No,No,25,Net Banking,Weekly
3808,26,Male,Bag,Footwear,147,Bangalore,S,Red,Autumn,3.8,Yes,Standard,No,Yes,0,UPI,Monthly
3809,44,Male,Watch,Footwear,255,Lucknow,S,White,Autumn,1.5,Yes,Standard,No,No,40,Cash,Weekly
3810,49,Female,Bag,Accessories,160,Delhi,S,Red,Summer,1.3,No,Standard,Yes,No,19,Card,Weekly
3811,29,Male,Shoes,Clothing,167,Delhi,XL,Blue,Winter,1.6,Yes,Express,Yes,Yes,49,Card,Quarterly
3812,41,Male,Watch,Footwear,72,Bangalore,L,Red,Autumn,4.2,Yes,Next Day,No,Yes,2,Net Banking,Monthly
3813,53,Male,Jeans,Accessories,217,Lucknow,L,Red,Summer,3.9,No,Next Day,No,Yes,16,Net Banking,Monthly
3814,41,Female,Watch,Clothing,380,Mumbai,S,White,Autumn,3.6,No,Next Day,Yes,No,19,Card,Quarterly
3815,37,Male,Watch,Accessories,298,Bangalore,L,Blue,Spring,3.6,No,Express,No,No,3,Net Banking,Quarterly
3816,21,Male,Jeans,Clothing,462,Bangalore,XL,Black,Spring,4.4,No,Next Day,Yes,Yes,21,UPI,Weekly
3817,41,Female,Shoes,Clothing,352,Bangalore,XL,Black,Spring,2.3,Yes,Standard,No,Yes,22,Net Banking,Monthly
3818,59,Female,Shirt,Accessories,396,Delhi,M,Black,Winter,2.3,No,Next Day,No,No,22,Cash,Monthly
3819,50,Male,Shoes,Accessories,221,Mumbai,L,Red,Autumn,2.7,Yes,Standard,No,No,26,Net Banking,Weekly
3820,64,Male,Watch,Accessories,310,Lucknow,M,White,Spring,5,Yes,Next Day,No,No,9,Card,Weekly
3821,24,Male,Jeans,Footwear,293,Lucknow,XL,Red,Winter,3.2,Yes,Standard,No,No,11,Card,Quarterly
3822,18,Male,Bag,Accessories,408,Lucknow,XL,Black,Winter,3.2,Yes,Next Day,No,Yes,24,Net Banking,Quarterly
3823,46,Female,Watch,Footwear,255,Delhi,S,Blue,Summer,4.2,No,Express,No,No,32,Card,Quarterly
3824,27,Male,Shirt,Footwear,208,Mumbai,M,White,Spring,1.7,No,Express,Yes,No,19,Net Banking,Weekly
3825,48,Female,Watch,Footwear,44,Delhi,S,Black,Summer,2.6,Yes,Standard,No,Yes,22,Card,Monthly
3826,65,Female,Watch,Clothing,431,Mumbai,L,Red,Autumn,,No,Standard,No,Yes,49,Cash,Weekly
3827,35,Male,Bag,Footwear,223,Lucknow,M,Blue,Autumn,5,Yes,Next Day,No,No,32,UPI,Weekly
3828,46,Male,Watch,Clothing,401,Mumbai,L,White,Summer,1.6,No,Standard,Yes,Yes,2,UPI,Quarterly
3829,53,Male,Bag,Accessories,342,Delhi,XL,Red,Spring,2.8,No,Standard,Yes,No,18,Cash,Weekly
3830,25,Female,Bag,Accessories,10,Bangalore,XL,Red,Autumn,4.6,No,Express,No,Yes,2,Card,Quarterly
3831,64,Female,Watch,Clothing,329,Lucknow,S,Red,Autumn,3.9,No,Next Day,No,Yes,43,UPI,Weekly
3832,28,Male,Watch,Clothing,249,Bangalore,S,White,Summer,3.5,No,Express,Yes,No,41,Cash,Monthly
3833,60,Male,Shoes,Footwear,127,Lucknow,XL,Red,Autumn,2,No,Standard,Yes,No,23,UPI,Monthly
3834,52,Female,Shoes,Footwear,139,Bangalore,S,Red,Autumn,1.7,No,Standard,Yes,No,13,Card,Quarterly
3835,25,Male,Bag,Clothing,322,Bangalore,M,White,Autumn,2.5,No,Next Day,No,Yes,35,Card,Quarterly
3836,55,Male,Shoes,Accessories,52,Lucknow,XL,Red,Spring,2,Yes,Standard,Yes,Yes,9,Cash,Monthly
3837,28,Male,Shoes,Clothing,307,Mumbai,M,Red,Summer,4.2,Yes,Express,Yes,No,38,Card,Quarterly
3838,49,Female,Shoes,Footwear,424,Mumbai,S,Blue,Summer,3.9,No,Next Day,No,No,43,Card,Weekly
3839,67,Female,Shoes,Footwear,52,Bangalore,XL,Blue,Winter,4.3,Yes,Express,No,No,8,Card,Quarterly
3840,67,Male,Bag,Footwear,13,Bangalore,L,Black,Winter,1.7,Yes,Standard,Yes,No,26,Cash,Monthly
3841,63,Male,Bag,Accessories,39,Mumbai,M,Red,Winter,2.2,Yes,Next Day,Yes,Yes,7,Card,Quarterly
3842,43,Male,Watch,Clothing,367,Mumbai,L,Blue,Summer,4.1,Yes,Next Day,Yes,Yes,30,UPI,Quarterly
3843,47,Female,Shoes,Clothing,425,Delhi,L,White,Summer,1.7,Yes,Express,No,Yes,33,Card,Monthly
3844,33,Male,Jeans,Clothing,494,Bangalore,L,White,Summer,1.6,Yes,Next Day,Yes,No,0,Cash,Quarterly
3845,65,Male,Bag,Footwear,24,Delhi,XL,White,Winter,2.5,Yes,Next Day,No,No,47,Card,Quarterly
3846,42,Male,Watch,Clothing,246,Mumbai,XL,Blue,Autumn,1.7,Yes,Next Day,Yes,Yes,13,Card,Monthly
3847,58,Female,Shirt,Footwear,33,Mumbai,M,Red,Autumn,1.3,Yes,Express,No,No,23,UPI,Weekly
3848,36,Male,Shirt,Footwear,191,Lucknow,XL,White,Summer,2.3,Yes,Standard,Yes,No,12,UPI,Monthly
3849,56,Female,Bag,Clothing,160,Mumbai,XL,Red,Autumn,4.5,Yes,Next Day,Yes,Yes,45,Card,Weekly
3850,29,Female,Shoes,Footwear,306,Delhi,S,Red,Winter,1.2,No,Next Day,No,No,38,UPI,Quarterly
3851,56,Female,Bag,Footwear,455,Bangalore,M,Blue,Autumn,3.3,Yes,Next Day,No,No,49,Cash,Monthly
3852,20,Male,Shirt,Accessories,404,Delhi,L,Blue,Summer,3.3,No,Express,Yes,No,19,UPI,Quarterly
3853,23,Male,Bag,Accessories,41,Mumbai,XL,Red,Winter,3.1,Yes,Next Day,Yes,No,28,UPI,Monthly
3854,36,Male,Watch,Clothing,127,Mumbai,L,White,Winter,3,No,Standard,Yes,Yes,28,Net Banking,Weekly
3855,43,Male,Watch,Accessories,144,Delhi,L,Black,Winter,1.1,No,Standard,Yes,No,11,UPI,Quarterly
3856,54,Female,Shoes,Footwear,132,Lucknow,M,Black,Winter,1.2,Yes,Express,Yes,Yes,46,UPI,Monthly
3857,36,Male,Shoes,Accessories,183,Mumbai,S,Black,Summer,3,Yes,Next Day,No,No,43,Cash,Quarterly
3858,18,Male,Bag,Clothing,307,Bangalore,XL,Red,Summer,4.9,Yes,Standard,Yes,No,49,Card,Weekly
3859,34,Female,Bag,Accessories,372,Lucknow,L,Blue,Spring,2.6,No,Standard,Yes,No,22,Net Banking,Monthly
3860,40,Male,Watch,Footwear,470,Mumbai,M,Blue,Summer,2.9,No,Next Day,No,No,6,Cash,Monthly
3861,46,Male,Shoes,Clothing,354,Lucknow,XL,White,Autumn,4.9,Yes,Express,Yes,No,7,Cash,Quarterly
3862,51,Female,Watch,Footwear,156,Mumbai,S,Black,Autumn,4.1,No,Next Day,Yes,No,27,UPI,Quarterly
3863,30,Female,Jeans,Clothing,100,Lucknow,M,Black,Spring,4.1,Yes,Express,No,Yes,40,Cash,Quarterly
3864,49,Female,Shoes,Clothing,194,Mumbai,XL,Black,Winter,3,No,Express,No,No,34,Net Banking,Weekly
3865,50,Male,Jeans,Accessories,401,Delhi,M,Blue,Spring,4.6,No,Standard,Yes,Yes,36,Cash,Monthly
3866,58,Female,Shoes,Accessories,496,Lucknow,XL,Red,Spring,3.3,Yes,Next Day,Yes,No,39,Card,Monthly
3867,45,Female,Shoes,Footwear,202,Lucknow,XL,Black,Autumn,3.6,No,Standard,No,Yes,42,Cash,Weekly
3868,60,Male,Watch,Clothing,96,Lucknow,S,Black,Spring,4.2,Yes,Express,Yes,Yes,46,Net Banking,Weekly
3869,29,Male,Watch,Clothing,12,Delhi,M,Black,Winter,2.6,Yes,Express,Yes,Yes,18,Cash,Quarterly
3870,55,Female,Bag,Accessories,47,Lucknow,XL,White,Spring,4.8,No,Next Day,Yes,Yes,36,Cash,Weekly
3871,20,Male,Shoes,Footwear,322,Mumbai,M,Black,Spring,5,No,Next Day,No,No,13,UPI,Monthly
3872,23,Male,Shirt,Footwear,298,Lucknow,S,Red,Winter,3.3,Yes,Next Day,No,Yes,34,Card,Quarterly
3873,62,Female,Jeans,Accessories,325,Lucknow,S,Red,Summer,1.9,No,Standard,No,Yes,2,Cash,Quarterly
3874,42,Female,Jeans,Footwear,21,Delhi,S,Black,Autumn,4.1,No,Standard,Yes,Yes,2,UPI,Monthly
3875,50,Male,Jeans,Footwear,224,Mumbai,S,Red,Autumn,2.3,No,Next Day,Yes,No,9,Card,Quarterly
3876,49,Female,Bag,Footwear,98,Mumbai,M,Blue,Spring,3.3,Yes,Next Day,No,No,27,UPI,Quarterly
3877,54,Female,Jeans,Footwear,174,Mumbai,M,Red,Autumn,1.3,No,Express,No,Yes,45,Card,Weekly
3878,30,Female,Bag,Accessories,314,Bangalore,XL,Black,Autumn,4.2,Yes,Next Day,No,Yes,29,Cash,Quarterly
3879,27,Male,Shirt,Footwear,145,Mumbai,L,Red,Spring,,No,Standard,No,No,28,Cash,Quarterly
3880,20,Male,Shirt,Clothing,333,Bangalore,S,White,Winter,1.4,No,Express,Yes,Yes,34,UPI,Quarterly
3881,62,Female,Shoes,Accessories,151,Bangalore,S,Black,Winter,3.9,No,Standard,Yes,No,44,Cash,Monthly
3882,29,Male,Shoes,Footwear,260,Delhi,S,Red,Winter,4.4,Yes,Next Day,Yes,Yes,29,Cash,Weekly
3883,47,Female,Jeans,Clothing,234,Delhi,M,Red,Spring,1.4,No,Next Day,No,Yes,36,UPI,Weekly
3884,41,Female,Shoes,Accessories,198,Bangalore,L,Black,Spring,2,Yes,Standard,Yes,No,20,Cash,Monthly
3885,26,Male,Watch,Footwear,71,Delhi,S,Red,Winter,2.6,No,Next Day,Yes,Yes,49,Card,Weekly
3886,39,Female,Shoes,Clothing,292,Delhi,M,Red,Summer,4.3,No,Standard,Yes,Yes,24,Cash,Monthly
3887,22,Female,Watch,Footwear,495,Bangalore,M,Blue,Autumn,3,No,Next Day,Yes,No,44,Card,Monthly
3888,27,Female,Bag,Accessories,325,Mumbai,S,Blue,Summer,1.5,Yes,Standard,Yes,Yes,48,Cash,Quarterly
3889,25,Female,Shirt,Footwear,375,Delhi,S,Red,Spring,2,Yes,Next Day,Yes,Yes,44,Card,Monthly
3890,60,Female,Bag,Accessories,403,Mumbai,S,Red,Autumn,2.9,Yes,Express,No,No,16,Net Banking,Monthly
3891,47,Female,Shirt,Clothing,28,Bangalore,S,White,Spring,1.2,No,Standard,Yes,No,18,Card,Monthly
3892,66,Female,Jeans,Footwear,398,Lucknow,XL,Black,Spring,3.5,No,Standard,No,Yes,39,UPI,Weekly
3893,40,Female,Watch,Clothing,128,Lucknow,XL,White,Autumn,1.1,No,Express,No,Yes,46,Cash,Quarterly
3894,28,Male,Jeans,Clothing,335,Bangalore,L,Black,Spring,4.1,Yes,Standard,No,No,30,UPI,Monthly
3895,49,Male,Jeans,Footwear,492,Lucknow,XL,Red,Spring,3.9,Yes,Express,No,Yes,38,Card,Weekly
3896,66,Male,Shoes,Footwear,448,Bangalore,XL,Blue,Winter,4.5,No,Next Day,Yes,Yes,22,Card,Quarterly
3897,45,Female,Watch,Clothing,213,Mumbai,XL,Black,Autumn,1.6,No,Next Day,Yes,No,42,Net Banking,Weekly
3898,18,Male,Shirt,Accessories,420,Lucknow,S,Red,Autumn,3.4,Yes,Express,Yes,No,20,Card,Weekly
3899,33,Female,Jeans,Clothing,313,Mumbai,XL,Red,Spring,4.1,No,Next Day,No,Yes,31,Cash,Weekly
3900,66,Male,Watch,Clothing,75,Lucknow,M,Red,Spring,3.1,Yes,Next Day,No,Yes,26,UPI,Monthly
